DATE      ,CLOSE_PRICE
2003-02-26,335.67
2003-02-27,338.35
2003-02-28,341.52
2003-03-03,352.24
2003-03-04,348.4
2003-03-05,357.65
2003-03-06,359.97
2003-03-07,354.87
2003-03-11,349.89
2003-03-12,343.24
2003-03-13,346.83
2003-03-14,345.65
2003-03-17,337.83
2003-03-18,330.14
2003-03-19,333.97
2003-03-20,334.91
2003-03-21,338.76
2003-03-24,332.3
2003-03-25,333.57
2003-03-26,333.3
2003-03-27,332.7
2003-03-28,332.88
2003-03-31,325.56
2003-04-01,327.44
2003-04-02,331.02
2003-04-03,326.94
2003-04-04,330.53
2003-04-07,336.3
2003-04-08,337.48
2003-04-09,336.53
2003-04-10,336.76
2003-04-11,338.21
2003-04-14,341.99
2003-04-15,345.97
2003-04-16,344.63
2003-04-17,348.61
2003-04-18,356.81
2003-04-21,363.89
2003-04-22,364.89
2003-04-23,373.05
2003-04-24,366.21
2003-04-25,371.96
2003-04-28,382.74
2003-04-29,376.26
2003-04-30,369.77
2003-05-05,380.22
2003-05-06,379.88
2003-05-07,375.86
2003-05-08,374.79
2003-05-12,385.27
2003-05-13,384.56
2003-05-14,387.04
2003-05-15,391.82
2003-05-16,399.74
2003-05-19,404.33
2003-05-20,399.47
2003-05-21,399.37
2003-05-22,411.22
2003-05-23,415.26
2003-05-26,420.99
2003-05-27,422.57
2003-05-28,426.61
2003-05-29,420.56
2003-05-30,421.08
2003-06-02,413.64
2003-06-03,420.06
2003-06-04,423.82
2003-06-05,420.07
2003-06-06,431.39
2003-06-09,437.14
2003-06-10,421.49
2003-06-11,430.09
2003-06-16,452.34
2003-06-17,456.74
2003-06-18,451.9
2003-06-19,441.21
2003-06-20,443.57
2003-06-21,447.04
2003-06-23,441.19
2003-06-24,443.59
2003-06-25,455.1
2003-06-26,448.15
2003-06-27,451.02
2003-06-30,455.44
2003-07-01,455.16
2003-07-02,467.98
2003-07-03,460.98
2003-07-04,466.48
2003-07-07,468.05
2003-07-08,463.13
2003-07-09,446.69
2003-07-10,433.37
2003-07-11,427.26
2003-07-14,439.3
2003-07-15,438.55
2003-07-16,410.24
2003-07-17,391.93
2003-07-18,398.8
2003-07-21,410.13
2003-07-22,419.1
2003-07-23,413.98
2003-07-24,426.8
2003-07-25,428.11
2003-07-28,427.96
2003-07-29,417.07
2003-07-30,422.43
2003-07-31,430.3
2003-08-01,419.22
2003-08-04,421.65
2003-08-05,424.41
2003-08-06,431.9
2003-08-07,431.97
2003-08-08,433.47
2003-08-11,442.96
2003-08-12,447.28
2003-08-13,453.36
2003-08-14,457.76
2003-08-15,464.33
2003-08-18,474.91
2003-08-19,476.17
2003-08-20,469.87
2003-08-21,478.31
2003-08-22,479.96
2003-08-25,477.4
2003-08-26,471.13
2003-08-27,469.98
2003-08-28,476.35
2003-08-29,484.0
2003-09-01,491.9
2003-09-02,501.03
2003-09-03,495.11
2003-09-04,502.29
2003-09-05,497.82
2003-09-08,492.8
2003-09-09,490.25
2003-09-10,495.32
2003-09-11,491.88
2003-09-12,498.22
2003-09-15,505.8
2003-09-16,507.08
2003-09-17,502.12
2003-09-18,501.86
2003-09-19,497.37
2003-09-22,492.65
2003-09-23,504.52
2003-09-24,507.72
2003-09-25,503.83
2003-09-26,502.62
2003-09-29,516.03
2003-09-30,515.17
2003-10-01,521.11
2003-10-02,533.25
2003-10-03,535.8
2003-10-06,540.56
2003-10-07,546.32
2003-10-08,567.52
2003-10-09,559.35
2003-10-10,550.64
2003-10-13,567.38
2003-10-14,570.67
2003-10-15,572.16
2003-10-16,580.1
2003-10-17,583.1
2003-10-20,579.67
2003-10-21,553.45
2003-10-22,527.12
2003-10-23,530.91
2003-10-24,536.0
2003-10-27,500.42
2003-10-28,509.67
2003-10-29,498.35
2003-10-30,448.76
2003-10-31,468.85
2003-11-03,506.25
2003-11-04,502.78
2003-11-05,493.1
2003-11-06,492.89
2003-11-10,493.72
2003-11-11,482.61
2003-11-12,474.82
2003-11-13,475.43
2003-11-14,472.57
2003-11-17,461.77
2003-11-18,441.18
2003-11-19,429.26
2003-11-20,446.15
2003-11-21,455.32
2003-11-24,469.92
2003-11-25,480.71
2003-11-26,486.74
2003-11-27,488.51
2003-11-28,484.73
2003-12-01,484.21
2003-12-02,493.98
2003-12-03,503.53
2003-12-04,495.53
2003-12-05,494.42
2003-12-08,494.69
2003-12-09,501.74
2003-12-10,501.74
2003-12-11,499.36
2003-12-15,506.22
2003-12-16,497.54
2003-12-17,500.82
2003-12-18,509.94
2003-12-19,519.73
2003-12-22,521.95
2003-12-23,516.85
2003-12-24,511.65
2003-12-25,513.56
2003-12-26,517.58
2003-12-29,518.81
2003-12-30,514.71
2003-12-31,514.71
2004-01-05,542.19
2004-01-06,543.94
2004-01-08,533.57
2004-01-09,549.69
2004-01-12,536.85
2004-01-13,531.93
2004-01-14,542.45
2004-01-15,523.81
2004-01-16,532.49
2004-01-19,539.17
2004-01-20,541.87
2004-01-21,546.98
2004-01-22,553.17
2004-01-23,563.62
2004-01-26,556.89
2004-01-27,561.0
2004-01-28,556.33
2004-01-29,562.15
2004-01-30,551.72
2004-02-02,542.56
2004-02-03,551.02
2004-02-04,557.56
2004-02-05,547.79
2004-02-06,549.09
2004-02-09,552.83
2004-02-10,550.29
2004-02-11,552.02
2004-02-12,566.72
2004-02-13,569.07
2004-02-16,570.77
2004-02-17,572.98
2004-02-18,575.76
2004-02-19,570.86
2004-02-20,576.44
2004-02-24,574.01
2004-02-25,578.29
2004-02-26,582.38
2004-02-27,591.09
2004-03-01,606.71
2004-03-02,600.29
2004-03-03,591.9
2004-03-04,592.34
2004-03-05,598.18
2004-03-09,605.84
2004-03-10,594.13
2004-03-11,582.48
2004-03-12,586.86
2004-03-15,583.54
2004-03-16,593.73
2004-03-17,609.02
2004-03-18,617.29
2004-03-19,630.95
2004-03-22,620.14
2004-03-23,624.26
2004-03-24,617.19
2004-03-25,618.01
2004-03-26,619.68
2004-03-29,633.32
2004-03-30,635.74
2004-03-31,644.64
2004-04-01,646.29
2004-04-02,656.68
2004-04-05,664.54
2004-04-06,654.71
2004-04-07,669.01
2004-04-08,678.54
2004-04-09,678.69
2004-04-12,681.48
2004-04-13,661.18
2004-04-14,644.5
2004-04-15,651.86
2004-04-16,637.07
2004-04-19,640.33
2004-04-20,644.5
2004-04-21,614.95
2004-04-22,604.33
2004-04-23,601.75
2004-04-26,599.84
2004-04-27,607.52
2004-04-28,599.15
2004-04-29,559.3
2004-04-30,561.78
2004-05-05,577.91
2004-05-06,571.15
2004-05-07,545.79
2004-05-11,523.32
2004-05-12,540.72
2004-05-13,547.43
2004-05-14,537.17
2004-05-17,560.59
2004-05-18,559.09
2004-05-19,576.59
2004-05-20,576.14
2004-05-21,577.38
2004-05-24,581.95
2004-05-25,559.03
2004-05-26,569.2
2004-05-27,559.99
2004-05-28,530.86
2004-05-31,535.4
2004-06-01,512.99
2004-06-02,533.88
2004-06-03,535.89
2004-06-04,522.29
2004-06-07,536.53
2004-06-08,543.69
2004-06-09,537.08
2004-06-10,530.24
2004-06-11,526.24
2004-06-15,507.07
2004-06-16,508.54
2004-06-17,556.0
2004-06-18,558.09
2004-06-21,571.82
2004-06-22,556.98
2004-06-23,551.47
2004-06-24,556.16
2004-06-25,549.46
2004-06-28,537.3
2004-06-29,528.56
2004-06-30,534.84
2004-07-01,517.61
2004-07-02,514.29
2004-07-05,518.71
2004-07-06,516.54
2004-07-07,522.78
2004-07-08,520.8
2004-07-09,517.25
2004-07-12,531.63
2004-07-13,542.1
2004-07-14,542.06
2004-07-15,546.81
2004-07-16,544.07
2004-07-19,554.83
2004-07-20,532.67
2004-07-21,524.95
2004-07-22,510.76
2004-07-23,519.32
2004-07-26,509.05
2004-07-27,501.79
2004-07-28,467.72
2004-07-29,482.19
2004-07-30,502.81
2004-08-02,505.11
2004-08-03,503.68
2004-08-04,504.9
2004-08-05,502.45
2004-08-06,500.13
2004-08-09,508.78
2004-08-10,504.67
2004-08-11,489.82
2004-08-12,500.82
2004-08-13,513.37
2004-08-16,517.37
2004-08-17,517.2
2004-08-18,505.14
2004-08-19,513.14
2004-08-20,515.09
2004-08-23,519.3
2004-08-24,519.71
2004-08-25,525.95
2004-08-26,527.72
2004-08-27,536.8
2004-08-30,538.88
2004-08-31,549.28
2004-09-01,550.43
2004-09-02,550.67
2004-09-03,557.59
2004-09-06,563.24
2004-09-07,562.73
2004-09-08,560.87
2004-09-09,566.96
2004-09-10,571.83
2004-09-13,570.76
2004-09-14,581.11
2004-09-15,582.88
2004-09-16,575.44
2004-09-17,579.99
2004-09-20,583.11
2004-09-21,590.84
2004-09-22,587.44
2004-09-23,587.19
2004-09-24,589.72
2004-09-27,590.28
2004-09-28,602.22
2004-09-29,605.56
2004-09-30,611.03
2004-10-01,642.79
2004-10-04,649.31
2004-10-05,695.12
2004-10-06,704.04
2004-10-07,707.55
2004-10-08,707.14
2004-10-11,665.31
2004-10-12,637.86
2004-10-13,634.54
2004-10-14,636.11
2004-10-15,629.29
2004-10-18,638.71
2004-10-19,634.86
2004-10-20,605.4
2004-10-21,611.28
2004-10-22,623.12
2004-10-25,615.9
2004-10-26,627.86
2004-10-27,638.29
2004-10-28,624.92
2004-10-29,632.97
2004-11-01,622.67
2004-11-02,620.96
2004-11-03,620.48
2004-11-04,632.97
2004-11-05,636.02
2004-11-09,637.72
2004-11-10,627.76
2004-11-11,624.88
2004-11-12,626.8
2004-11-15,628.12
2004-11-16,632.06
2004-11-17,640.56
2004-11-18,642.04
2004-11-19,610.38
2004-11-22,614.46
2004-11-23,600.1
2004-11-24,586.7
2004-11-25,578.01
2004-11-26,575.91
2004-11-29,574.67
2004-11-30,570.76
2004-12-01,550.96
2004-12-02,551.63
2004-12-03,537.4
2004-12-06,538.5
2004-12-07,553.8
2004-12-08,520.39
2004-12-09,498.0
2004-12-10,495.24
2004-12-14,518.64
2004-12-15,519.02
2004-12-16,514.87
2004-12-17,496.59
2004-12-20,512.25
2004-12-21,534.9
2004-12-22,531.36
2004-12-23,544.82
2004-12-24,547.12
2004-12-27,555.78
2004-12-28,548.15
2004-12-29,546.55
2004-12-30,552.22
2004-12-31,552.22
2005-01-11,547.85
2005-01-12,545.31
2005-01-13,543.9
2005-01-14,548.69
2005-01-17,544.04
2005-01-18,535.94
2005-01-19,543.52
2005-01-20,534.6
2005-01-21,537.72
2005-01-24,548.23
2005-01-25,553.96
2005-01-26,552.68
2005-01-27,557.13
2005-01-28,571.65
2005-01-31,575.74
2005-02-01,583.33
2005-02-02,587.98
2005-02-03,593.25
2005-02-04,592.79
2005-02-07,588.16
2005-02-08,596.45
2005-02-09,590.03
2005-02-10,590.81
2005-02-11,585.5
2005-02-14,585.65
2005-02-15,591.73
2005-02-16,593.87
2005-02-17,598.11
2005-02-18,600.67
2005-02-21,605.26
2005-02-22,603.62
2005-02-24,619.55
2005-02-25,625.33
2005-02-28,635.38
2005-03-01,622.73
2005-03-02,608.57
2005-03-03,608.94
2005-03-04,622.31
2005-03-05,625.87
2005-03-09,623.74
2005-03-10,606.21
2005-03-11,608.45
2005-03-14,597.89
2005-03-15,595.16
2005-03-16,573.85
2005-03-17,584.31
2005-03-18,582.43
2005-03-21,572.03
2005-03-22,584.09
2005-03-23,573.76
2005-03-24,596.94
2005-03-25,602.4
2005-03-28,601.69
2005-03-29,596.89
2005-03-30,591.14
2005-03-31,598.04
2005-04-01,611.86
2005-04-04,605.32
2005-04-05,611.78
2005-04-06,626.45
2005-04-07,627.97
2005-04-08,631.13
2005-04-11,616.29
2005-04-12,615.94
2005-04-13,617.02
2005-04-14,608.31
2005-04-15,602.71
2005-04-18,591.12
2005-04-19,596.36
2005-04-20,594.91
2005-04-21,603.79
2005-04-22,609.78
2005-04-25,611.5
2005-04-26,605.85
2005-04-27,594.89
2005-04-28,595.68
2005-04-29,593.88
2005-05-03,597.45
2005-05-04,598.14
2005-05-05,599.49
2005-05-06,597.21
2005-05-11,589.25
2005-05-12,581.56
2005-05-13,580.04
2005-05-14,578.76
2005-05-16,564.43
2005-05-17,587.0
2005-05-18,587.35
2005-05-19,586.8
2005-05-20,585.68
2005-05-23,587.07
2005-05-24,605.32
2005-05-25,595.75
2005-05-26,597.09
2005-05-27,597.33
2005-05-30,596.15
2005-05-31,603.89
2005-06-01,601.29
2005-06-02,606.95
2005-06-03,609.09
2005-06-06,606.33
2005-06-07,606.78
2005-06-08,606.89
2005-06-09,605.43
2005-06-10,611.19
2005-06-14,619.97
2005-06-15,616.69
2005-06-16,618.93
2005-06-17,624.07
2005-06-20,624.66
2005-06-21,621.02
2005-06-22,628.26
2005-06-23,632.39
2005-06-24,632.9
2005-06-27,628.38
2005-06-28,629.27
2005-06-29,630.27
2005-06-30,640.96
2005-07-01,650.07
2005-07-04,654.26
2005-07-05,653.53
2005-07-06,672.62
2005-07-07,672.76
2005-07-08,682.88
2005-07-11,684.46
2005-07-12,679.91
2005-07-13,687.49
2005-07-14,683.93
2005-07-15,677.42
2005-07-18,671.46
2005-07-19,680.7
2005-07-20,688.45
2005-07-21,685.87
2005-07-22,696.4
2005-07-25,703.53
2005-07-26,693.07
2005-07-27,698.34
2005-07-28,703.17
2005-07-29,701.73
2005-08-01,703.42
2005-08-02,714.86
2005-08-03,702.71
2005-08-04,717.22
2005-08-05,720.37
2005-08-08,723.51
2005-08-09,725.49
2005-08-10,726.0
2005-08-11,714.42
2005-08-12,709.97
2005-08-15,719.37
2005-08-16,743.27
2005-08-17,751.76
2005-08-18,749.15
2005-08-19,761.47
2005-08-22,766.06
2005-08-23,766.34
2005-08-24,767.46
2005-08-25,771.42
2005-08-26,774.08
2005-08-29,778.66
2005-08-30,784.16
2005-08-31,790.11
2005-09-01,796.84
2005-09-02,809.64
2005-09-05,803.38
2005-09-06,777.87
2005-09-07,763.64
2005-09-08,779.36
2005-09-09,800.82
2005-09-12,798.12
2005-09-13,792.1
2005-09-14,795.87
2005-09-15,807.4
2005-09-16,817.3
2005-09-19,840.25
2005-09-20,842.73
2005-09-21,865.23
2005-09-22,866.46
2005-09-23,870.98
2005-09-26,860.12
2005-09-27,898.33
2005-09-28,893.35
2005-09-29,885.72
2005-09-30,899.13
2005-10-03,939.8
2005-10-04,946.42
2005-10-05,905.67
2005-10-06,852.78
2005-10-07,849.76
2005-10-10,878.39
2005-10-11,908.25
2005-10-12,866.09
2005-10-13,847.7
2005-10-14,815.31
2005-10-17,825.96
2005-10-18,827.72
2005-10-19,792.4
2005-10-20,797.08
2005-10-21,803.88
2005-10-24,827.04
2005-10-25,818.13
2005-10-26,825.96
2005-10-27,806.25
2005-10-28,824.72
2005-10-31,848.78
2005-11-01,850.7
2005-11-02,879.83
2005-11-03,886.67
2005-11-07,886.99
2005-11-08,886.68
2005-11-09,891.42
2005-11-10,881.03
2005-11-11,886.85
2005-11-14,910.65
2005-11-15,911.58
2005-11-16,912.59
2005-11-17,936.9
2005-11-18,935.03
2005-11-21,937.03
2005-11-22,930.7
2005-11-23,927.36
2005-11-24,938.4
2005-11-25,947.62
2005-11-28,947.26
2005-11-29,944.61
2005-11-30,951.57
2005-12-01,977.55
2005-12-02,994.07
2005-12-05,993.88
2005-12-06,991.41
2005-12-07,999.88
2005-12-08,1001.91
2005-12-09,1003.11
2005-12-12,1011.39
2005-12-13,1007.08
2005-12-14,1005.24
2005-12-15,1001.57
2005-12-16,1005.04
2005-12-19,1009.36
2005-12-20,1004.67
2005-12-21,1010.73
2005-12-22,1029.4
2005-12-23,1025.01
2005-12-26,1027.43
2005-12-27,1022.4
2005-12-28,1013.53
2005-12-29,1019.12
2005-12-30,1020.02
2006-01-10,1077.86
2006-01-11,1101.26
2006-01-12,1143.48
2006-01-13,1127.76
2006-01-16,1164.33
2006-01-17,1138.47
2006-01-18,1117.13
2006-01-19,1161.76
2006-01-20,1183.24
2006-01-23,1158.01
2006-01-24,1177.54
2006-01-25,1193.45
2006-01-26,1201.54
2006-01-27,1241.97
2006-01-30,1200.8
2006-01-31,1185.68
2006-02-01,1215.93
2006-02-02,1209.67
2006-02-03,1177.9
2006-02-06,1208.75
2006-02-07,1200.5
2006-02-08,1219.7
2006-02-09,1252.65
2006-02-10,1244.32
2006-02-13,1253.23
2006-02-14,1258.1
2006-02-15,1252.61
2006-02-16,1270.31
2006-02-17,1316.86
2006-02-20,1353.54
2006-02-21,1334.0
2006-02-22,1365.07
2006-02-26,1416.09
2006-02-27,1405.64
2006-02-28,1336.89
2006-03-01,1355.15
2006-03-02,1364.14
2006-03-03,1367.83
2006-03-06,1355.52
2006-03-07,1279.49
2006-03-09,1253.85
2006-03-10,1249.92
2006-03-13,1293.12
2006-03-14,1257.74
2006-03-15,1273.09
2006-03-16,1271.12
2006-03-17,1306.25
2006-03-20,1289.75
2006-03-21,1280.37
2006-03-22,1298.56
2006-03-23,1307.65
2006-03-24,1309.79
2006-03-27,1309.87
2006-03-28,1290.77
2006-03-29,1269.24
2006-03-30,1314.01
2006-03-31,1317.27
2006-04-03,1335.25
2006-04-04,1326.56
2006-04-05,1354.63
2006-04-06,1363.5
2006-04-07,1393.26
2006-04-10,1428.33
2006-04-11,1414.44
2006-04-12,1439.15
2006-04-13,1414.99
2006-04-14,1432.9
2006-04-17,1449.47
2006-04-18,1461.58
2006-04-19,1477.85
2006-04-20,1469.35
2006-04-21,1478.82
2006-04-24,1491.18
2006-04-25,1474.88
2006-04-26,1521.53
2006-04-27,1471.25
2006-04-28,1507.54
2006-05-02,1559.82
2006-05-03,1552.4
2006-05-04,1582.46
2006-05-05,1583.75
2006-05-06,1607.09
2006-05-10,1565.23
2006-05-11,1555.86
2006-05-12,1504.26
2006-05-15,1417.65
2006-05-16,1423.48
2006-05-17,1362.56
2006-05-18,1326.69
2006-05-19,1283.48
2006-05-22,1159.67
2006-05-23,1283.5
2006-05-24,1233.14
2006-05-25,1292.1
2006-05-26,1360.66
2006-05-29,1332.13
2006-05-30,1321.67
2006-05-31,1299.33
2006-06-01,1316.91
2006-06-02,1382.46
2006-06-05,1383.31
2006-06-06,1295.26
2006-06-07,1293.12
2006-06-08,1193.58
2006-06-09,1212.45
2006-06-13,1101.13
2006-06-14,1169.39
2006-06-15,1224.24
2006-06-16,1201.15
2006-06-19,1220.38
2006-06-20,1256.74
2006-06-21,1249.38
2006-06-22,1213.84
2006-06-23,1218.93
2006-06-26,1223.88
2006-06-27,1269.52
2006-06-28,1292.36
2006-06-29,1314.75
2006-06-30,1354.62
2006-07-03,1377.97
2006-07-04,1398.19
2006-07-05,1335.7
2006-07-06,1391.06
2006-07-07,1391.24
2006-07-10,1408.65
2006-07-11,1392.51
2006-07-12,1400.31
2006-07-13,1330.59
2006-07-14,1336.0
2006-07-17,1299.48
2006-07-18,1319.0
2006-07-19,1355.36
2006-07-20,1351.8
2006-07-21,1338.37
2006-07-24,1361.05
2006-07-25,1355.61
2006-07-26,1367.9
2006-07-27,1416.93
2006-07-28,1412.57
2006-07-31,1404.36
2006-08-01,1393.81
2006-08-02,1423.73
2006-08-03,1432.81
2006-08-04,1475.07
2006-08-07,1466.77
2006-08-08,1459.78
2006-08-09,1488.24
2006-08-10,1479.69
2006-08-11,1505.83
2006-08-14,1500.77
2006-08-15,1502.1
2006-08-16,1513.29
2006-08-17,1492.65
2006-08-18,1429.34
2006-08-21,1456.0
2006-08-22,1482.45
2006-08-23,1482.16
2006-08-24,1465.32
2006-08-25,1482.25
2006-08-28,1475.99
2006-08-29,1480.88
2006-08-30,1489.72
2006-08-31,1479.06
2006-09-01,1464.04
2006-09-04,1481.69
2006-09-05,1512.23
2006-09-06,1476.66
2006-09-07,1431.73
2006-09-08,1435.31
2006-09-11,1377.54
2006-09-12,1400.3
2006-09-13,1413.15
2006-09-14,1410.25
2006-09-15,1398.27
2006-09-18,1413.46
2006-09-19,1425.31
2006-09-20,1398.08
2006-09-21,1376.01
2006-09-22,1327.44
2006-09-25,1281.77
2006-09-26,1333.12
2006-09-27,1361.48
2006-09-28,1396.74
2006-09-29,1395.87
2006-10-02,1398.07
2006-10-03,1362.51
2006-10-04,1366.3
2006-10-05,1414.14
2006-10-06,1403.5
2006-10-09,1441.82
2006-10-10,1438.82
2006-10-11,1447.59
2006-10-12,1442.29
2006-10-13,1469.72
2006-10-16,1468.25
2006-10-17,1453.92
2006-10-18,1478.8
2006-10-19,1485.54
2006-10-20,1473.05
2006-10-23,1469.89
2006-10-24,1459.41
2006-10-25,1479.45
2006-10-26,1473.3
2006-10-27,1465.02
2006-10-30,1433.05
2006-10-31,1456.74
2006-11-01,1486.49
2006-11-02,1465.27
2006-11-03,1483.14
2006-11-07,1511.89
2006-11-08,1508.31
2006-11-09,1534.33
2006-11-10,1535.04
2006-11-13,1531.72
2006-11-14,1530.12
2006-11-15,1536.12
2006-11-16,1550.82
2006-11-17,1531.53
2006-11-20,1521.8
2006-11-21,1541.49
2006-11-22,1534.0
2006-11-23,1548.43
2006-11-24,1549.85
2006-11-27,1550.6
2006-11-28,1552.97
2006-11-29,1579.35
2006-11-30,1583.05
2006-12-01,1582.5
2006-12-04,1597.37
2006-12-05,1614.53
2006-12-06,1636.46
2006-12-07,1641.24
2006-12-08,1647.54
2006-12-11,1645.91
2006-12-12,1642.61
2006-12-13,1633.73
2006-12-14,1648.38
2006-12-15,1662.27
2006-12-18,1666.58
2006-12-19,1638.69
2006-12-20,1660.11
2006-12-21,1664.87
2006-12-22,1654.29
2006-12-25,1649.13
2006-12-26,1649.94
2006-12-27,1678.24
2006-12-28,1713.22
2006-12-29,1729.89
2007-01-09,1612.75
2007-01-10,1610.6
2007-01-11,1641.21
2007-01-12,1632.8
2007-01-15,1693.7
2007-01-16,1683.94
2007-01-17,1652.59
2007-01-18,1649.29
2007-01-19,1659.09
2007-01-22,1697.62
2007-01-23,1707.4
2007-01-24,1705.45
2007-01-25,1726.75
2007-01-26,1714.8
2007-01-29,1686.21
2007-01-30,1689.33
2007-01-31,1701.57
2007-02-01,1748.72
2007-02-02,1747.08
2007-02-05,1759.79
2007-02-06,1777.35
2007-02-07,1770.78
2007-02-08,1725.03
2007-02-09,1740.9
2007-02-12,1683.77
2007-02-13,1724.1
2007-02-14,1736.52
2007-02-15,1736.38
2007-02-16,1739.89
2007-02-19,1742.29
2007-02-20,1727.8
2007-02-21,1742.92
2007-02-22,1775.0
2007-02-26,1802.01
2007-02-27,1727.43
2007-02-28,1699.83
2007-03-01,1625.93
2007-03-02,1634.18
2007-03-05,1580.43
2007-03-06,1604.0
2007-03-07,1607.55
2007-03-09,1653.07
2007-03-12,1652.28
2007-03-13,1658.1
2007-03-14,1612.15
2007-03-15,1646.33
2007-03-16,1653.16
2007-03-19,1692.02
2007-03-20,1673.41
2007-03-21,1690.41
2007-03-22,1725.34
2007-03-23,1747.77
2007-03-26,1746.84
2007-03-27,1726.34
2007-03-28,1742.28
2007-03-29,1764.08
2007-03-30,1743.82
2007-04-02,1741.19
2007-04-03,1745.95
2007-04-04,1748.02
2007-04-05,1764.77
2007-04-06,1773.9
2007-04-09,1799.86
2007-04-10,1805.32
2007-04-11,1802.18
2007-04-12,1780.88
2007-04-13,1817.91
2007-04-16,1825.73
2007-04-17,1801.9
2007-04-18,1772.76
2007-04-19,1737.62
2007-04-20,1790.3
2007-04-23,1788.12
2007-04-24,1779.5
2007-04-25,1788.36
2007-04-26,1772.61
2007-04-27,1723.47
2007-04-28,1743.0
2007-05-02,1724.41
2007-05-03,1739.35
2007-05-04,1744.07
2007-05-07,1743.4
2007-05-08,1729.47
2007-05-10,1709.73
2007-05-11,1669.48
2007-05-14,1676.43
2007-05-15,1648.7
2007-05-16,1679.41
2007-05-17,1662.51
2007-05-18,1690.05
2007-05-21,1695.82
2007-05-22,1690.19
2007-05-23,1640.45
2007-05-24,1621.09
2007-05-25,1624.11
2007-05-28,1602.87
2007-05-29,1565.86
2007-05-30,1556.93
2007-05-31,1612.64
2007-06-01,1664.4
2007-06-04,1656.09
2007-06-05,1659.69
2007-06-06,1652.12
2007-06-07,1631.56
2007-06-08,1631.28
2007-06-09,1637.9
2007-06-13,1655.09
2007-06-14,1708.39
2007-06-15,1718.24
2007-06-18,1728.44
2007-06-19,1716.25
2007-06-20,1747.83
2007-06-21,1719.57
2007-06-22,1721.69
2007-06-25,1700.4
2007-06-26,1718.64
2007-06-27,1700.36
2007-06-28,1715.14
2007-06-29,1711.73
2007-07-02,1728.92
2007-07-03,1752.35
2007-07-04,1748.8
2007-07-05,1779.81
2007-07-06,1785.34
2007-07-09,1805.02
2007-07-10,1773.68
2007-07-11,1788.43
2007-07-12,1840.06
2007-07-13,1843.93
2007-07-16,1845.41
2007-07-17,1842.21
2007-07-18,1819.33
2007-07-19,1852.37
2007-07-20,1843.99
2007-07-23,1860.13
2007-07-24,1818.59
2007-07-25,1832.69
2007-07-26,1774.7
2007-07-27,1752.81
2007-07-30,1752.42
2007-07-31,1786.08
2007-08-01,1743.57
2007-08-02,1763.2
2007-08-03,1766.57
2007-08-06,1740.09
2007-08-07,1742.85
2007-08-08,1777.06
2007-08-09,1726.64
2007-08-10,1693.44
2007-08-13,1730.42
2007-08-14,1727.14
2007-08-15,1688.86
2007-08-16,1647.36
2007-08-17,1686.93
2007-08-20,1670.62
2007-08-21,1654.82
2007-08-22,1681.98
2007-08-23,1683.17
2007-08-24,1683.11
2007-08-27,1706.1
2007-08-28,1691.64
2007-08-29,1690.18
2007-08-30,1690.47
2007-08-31,1727.51
2007-09-03,1729.28
2007-09-04,1713.3
2007-09-05,1703.8
2007-09-06,1723.51
2007-09-07,1687.43
2007-09-10,1690.45
2007-09-11,1698.28
2007-09-12,1684.93
2007-09-13,1716.66
2007-09-14,1710.06
2007-09-17,1697.85
2007-09-18,1719.31
2007-09-19,1782.85
2007-09-20,1768.28
2007-09-21,1777.05
2007-09-24,1788.65
2007-09-25,1755.01
2007-09-26,1797.63
2007-09-27,1808.52
2007-09-28,1812.6
2007-10-01,1785.76
2007-10-02,1849.29
2007-10-03,1832.4
2007-10-04,1831.53
2007-10-05,1856.91
2007-10-08,1863.06
2007-10-09,1883.22
2007-10-10,1872.9
2007-10-11,1904.68
2007-10-12,1890.66
2007-10-15,1894.95
2007-10-16,1876.56
2007-10-17,1882.96
2007-10-18,1854.31
2007-10-19,1855.85
2007-10-22,1825.9
2007-10-23,1853.72
2007-10-24,1846.19
2007-10-25,1871.79
2007-10-26,1910.5
2007-10-29,1928.56
2007-10-30,1911.69
2007-10-31,1931.37
2007-11-01,1922.88
2007-11-02,1936.19
2007-11-06,1965.26
2007-11-07,1961.06
2007-11-08,1975.22
2007-11-09,1948.41
2007-11-12,1947.11
2007-11-13,1925.08
2007-11-14,1934.74
2007-11-15,1912.05
2007-11-16,1888.67
2007-11-19,1860.4
2007-11-20,1870.87
2007-11-21,1839.33
2007-11-22,1830.52
2007-11-23,1847.2
2007-11-26,1871.74
2007-11-27,1846.03
2007-11-28,1867.87
2007-11-29,1878.53
2007-11-30,1907.44
2007-12-03,1895.22
2007-12-04,1891.04
2007-12-05,1953.56
2007-12-06,1949.2
2007-12-07,1972.11
2007-12-10,2005.24
2007-12-11,2011.27
2007-12-12,2030.37
2007-12-13,1988.2
2007-12-14,1953.42
2007-12-17,1945.7
2007-12-18,1967.37
2007-12-19,1957.88
2007-12-20,1985.74
2007-12-21,1990.63
2007-12-24,1988.69
2007-12-25,1977.8
2007-12-26,1962.88
2007-12-27,1966.09
2007-12-28,1946.99
2008-01-09,1973.66
2008-01-10,1979.54
2008-01-11,1981.81
2008-01-14,1999.05
2008-01-15,1988.95
2008-01-16,1903.72
2008-01-17,1868.91
2008-01-18,1851.23
2008-01-21,1713.03
2008-01-22,1694.35
2008-01-23,1626.15
2008-01-24,1720.44
2008-01-25,1765.17
2008-01-28,1692.84
2008-01-29,1737.45
2008-01-30,1700.4
2008-01-31,1629.7
2008-02-01,1698.18
2008-02-04,1736.78
2008-02-05,1689.78
2008-02-06,1688.46
2008-02-07,1637.59
2008-02-08,1624.05
2008-02-11,1661.55
2008-02-12,1724.04
2008-02-13,1747.67
2008-02-14,1747.26
2008-02-15,1713.52
2008-02-18,1751.9
2008-02-19,1766.7
2008-02-20,1742.85
2008-02-21,1783.84
2008-02-22,1781.86
2008-02-26,1786.95
2008-02-27,1771.28
2008-02-28,1749.3
2008-02-29,1719.19
2008-03-03,1701.48
2008-03-04,1694.11
2008-03-05,1714.26
2008-03-06,1710.48
2008-03-07,1676.62
2008-03-11,1733.74
2008-03-12,1736.78
2008-03-13,1705.83
2008-03-14,1710.38
2008-03-17,1638.02
2008-03-18,1664.75
2008-03-19,1659.24
2008-03-20,1624.72
2008-03-21,1632.27
2008-03-24,1680.81
2008-03-25,1650.44
2008-03-26,1650.14
2008-03-27,1675.9
2008-03-28,1685.49
2008-03-31,1686.07
2008-04-01,1698.83
2008-04-02,1711.36
2008-04-03,1688.94
2008-04-04,1692.91
2008-04-07,1733.02
2008-04-08,1714.19
2008-04-09,1741.06
2008-04-10,1744.19
2008-04-11,1707.37
2008-04-14,1696.28
2008-04-15,1719.81
2008-04-16,1750.43
2008-04-17,1731.96
2008-04-18,1767.04
2008-04-21,1746.59
2008-04-22,1740.46
2008-04-23,1732.83
2008-04-24,1705.04
2008-04-25,1727.93
2008-04-28,1734.64
2008-04-29,1727.33
2008-04-30,1726.37
2008-05-04,1754.34
2008-05-05,1748.07
2008-05-06,1754.42
2008-05-07,1800.82
2008-05-08,1859.23
2008-05-12,1886.49
2008-05-13,1904.9
2008-05-14,1971.6
2008-05-15,1962.97
2008-05-16,2013.28
2008-05-19,2025.98
2008-05-20,1999.69
2008-05-21,2022.56
2008-05-22,1962.5
2008-05-23,1977.85
2008-05-26,1962.56
2008-05-27,1923.1
2008-05-28,1938.06
2008-05-29,1976.48
2008-05-30,1993.98
2008-06-02,1984.24
2008-06-03,1968.97
2008-06-04,1908.56
2008-06-05,1908.78
2008-06-06,1918.54
2008-06-07,1877.31
2008-06-09,1893.17
2008-06-10,1875.96
2008-06-11,1891.89
2008-06-16,1897.4
2008-06-17,1922.88
2008-06-18,1917.18
2008-06-19,1914.52
2008-06-20,1894.53
2008-06-23,1865.29
2008-06-24,1824.7
2008-06-25,1827.31
2008-06-26,1820.21
2008-06-27,1828.96
2008-06-30,1816.28
2008-07-01,1753.66
2008-07-02,1770.19
2008-07-03,1759.69
2008-07-04,1729.89
2008-07-07,1742.93
2008-07-08,1728.11
2008-07-09,1718.47
2008-07-10,1722.43
2008-07-11,1683.45
2008-07-14,1729.59
2008-07-15,1691.0
2008-07-16,1703.06
2008-07-17,1753.29
2008-07-18,1684.57
2008-07-21,1696.27
2008-07-22,1666.95
2008-07-23,1663.76
2008-07-24,1633.89
2008-07-25,1544.14
2008-07-28,1512.02
2008-07-29,1496.03
2008-07-30,1560.68
2008-07-31,1554.58
2008-08-01,1551.69
2008-08-04,1509.09
2008-08-05,1452.93
2008-08-06,1468.14
2008-08-07,1491.85
2008-08-08,1413.59
2008-08-11,1468.31
2008-08-12,1506.87
2008-08-13,1480.98
2008-08-14,1502.11
2008-08-15,1518.16
2008-08-18,1506.14
2008-08-19,1415.59
2008-08-20,1441.63
2008-08-21,1449.88
2008-08-22,1429.26
2008-08-25,1373.0
2008-08-26,1344.33
2008-08-27,1354.37
2008-08-28,1419.57
2008-08-29,1402.55
2008-09-01,1420.56
2008-09-02,1425.98
2008-09-03,1380.15
2008-09-04,1335.82
2008-09-05,1286.69
2008-09-08,1327.4
2008-09-09,1206.82
2008-09-10,1161.59
2008-09-11,1118.19
2008-09-12,1185.66
2008-09-15,1112.39
2008-09-16,918.26
2008-09-17,889.88
2008-09-18,889.88
2008-09-19,1145.21
2008-09-22,1152.28
2008-09-23,1116.41
2008-09-24,1152.41
2008-09-25,1141.77
2008-09-26,1124.6
2008-09-29,1062.71
2008-09-30,1071.07
2008-10-01,1060.13
2008-10-02,1017.35
2008-10-03,963.6
2008-10-06,783.76
2008-10-07,776.22
2008-10-08,664.81
2008-10-09,729.95
2008-10-13,695.27
2008-10-14,787.97
2008-10-15,719.62
2008-10-16,654.03
2008-10-17,625.64
2008-10-20,653.58
2008-10-21,680.81
2008-10-22,655.36
2008-10-23,624.84
2008-10-24,535.89
2008-10-28,558.06
2008-10-29,635.28
2008-10-30,758.93
2008-10-31,763.7
2008-11-01,800.28
2008-11-05,808.91
2008-11-06,731.06
2008-11-07,757.5
2008-11-10,773.76
2008-11-11,675.98
2008-11-12,675.98
2008-11-13,624.46
2008-11-14,617.82
2008-11-17,585.26
2008-11-18,604.36
2008-11-19,583.61
2008-11-20,558.08
2008-11-21,540.54
2008-11-24,632.5
2008-11-25,622.33
2008-11-26,614.88
2008-11-27,644.86
2008-11-28,639.24
2008-12-01,593.16
2008-12-02,606.9
2008-12-03,593.39
2008-12-04,594.37
2008-12-05,588.51
2008-12-08,647.05
2008-12-09,636.08
2008-12-10,647.43
2008-12-11,658.14
2008-12-12,649.41
2008-12-15,671.96
2008-12-16,674.62
2008-12-17,672.27
2008-12-18,636.36
2008-12-19,641.25
2008-12-22,663.86
2008-12-23,692.88
2008-12-24,675.99
2008-12-25,657.73
2008-12-26,637.58
2008-12-29,643.06
2008-12-30,647.3
2008-12-31,649.08
2009-01-11,676.2
2009-01-12,695.23
2009-01-13,698.16
2009-01-14,650.42
2009-01-15,645.44
2009-01-16,648.58
2009-01-19,625.5
2009-01-20,607.22
2009-01-21,621.68
2009-01-22,594.17
2009-01-23,589.96
2009-01-26,653.83
2009-01-27,642.47
2009-01-28,663.4
2009-01-29,659.89
2009-01-30,665.91
2009-02-02,667.52
2009-02-03,667.11
2009-02-04,677.63
2009-02-05,664.09
2009-02-06,699.15
2009-02-09,744.54
2009-02-10,775.79
2009-02-11,774.4
2009-02-12,735.65
2009-02-13,780.27
2009-02-16,758.72
2009-02-17,687.53
2009-02-18,669.17
2009-02-19,688.95
2009-02-20,673.12
2009-02-24,670.71
2009-02-25,674.41
2009-02-26,716.74
2009-02-27,710.07
2009-03-02,689.54
2009-03-03,697.38
2009-03-04,730.97
2009-03-05,716.32
2009-03-06,734.4
2009-03-10,799.77
2009-03-11,787.79
2009-03-12,776.36
2009-03-13,798.81
2009-03-16,813.16
2009-03-17,823.49
2009-03-18,792.16
2009-03-19,836.82
2009-03-20,844.4
2009-03-23,905.99
2009-03-24,869.71
2009-03-25,907.62
2009-03-26,905.68
2009-03-27,869.16
2009-03-30,813.81
2009-03-31,824.02
2009-04-01,839.25
2009-04-02,893.29
2009-04-03,893.32
2009-04-06,891.35
2009-04-07,899.08
2009-04-08,930.42
2009-04-09,983.66
2009-04-10,988.68
2009-04-13,964.67
2009-04-14,979.33
2009-04-15,965.88
2009-04-16,977.72
2009-04-17,994.56
2009-04-20,940.83
2009-04-21,935.19
2009-04-22,964.76
2009-04-23,989.49
2009-04-24,984.0
2009-04-27,962.1
2009-04-28,946.14
2009-04-29,982.95
2009-04-30,981.18
2009-05-04,1021.07
2009-05-05,1020.31
2009-05-06,1051.3
2009-05-07,1078.54
2009-05-08,1096.92
2009-05-12,1129.57
2009-05-13,1074.5
2009-05-14,1066.76
2009-05-15,1068.43
2009-05-18,1079.84
2009-05-19,1110.7
2009-05-20,1167.09
2009-05-21,1102.74
2009-05-22,1123.7
2009-05-25,1120.41
2009-05-26,1109.7
2009-05-27,1129.63
2009-05-28,1146.07
2009-05-29,1197.63
2009-06-01,1285.92
2009-06-02,1277.8
2009-06-03,1182.52
2009-06-04,1194.52
2009-06-05,1219.9
2009-06-08,1194.37
2009-06-09,1187.45
2009-06-10,1208.62
2009-06-11,1213.77
2009-06-15,1149.91
2009-06-16,1172.66
2009-06-17,1108.67
2009-06-18,1088.96
2009-06-19,1085.05
2009-06-22,1000.46
2009-06-23,978.4
2009-06-24,1050.46
2009-06-25,1025.17
2009-06-26,1024.12
2009-06-29,1055.2
2009-06-30,1036.27
2009-07-01,1079.92
2009-07-02,1042.18
2009-07-03,1038.96
2009-07-06,986.84
2009-07-07,988.76
2009-07-08,964.84
2009-07-09,955.9
2009-07-10,929.37
2009-07-13,939.85
2009-07-14,950.79
2009-07-15,1003.91
2009-07-16,1001.26
2009-07-17,1030.54
2009-07-20,1051.48
2009-07-21,1069.68
2009-07-22,1046.04
2009-07-23,1100.07
2009-07-24,1095.36
2009-07-27,1105.85
2009-07-28,1070.99
2009-07-29,1054.46
2009-07-30,1118.21
2009-07-31,1125.51
2009-08-03,1174.29
2009-08-04,1177.66
2009-08-05,1158.49
2009-08-06,1166.87
2009-08-07,1191.88
2009-08-10,1176.69
2009-08-11,1142.62
2009-08-12,1160.89
2009-08-13,1176.03
2009-08-14,1146.29
2009-08-17,1106.39
2009-08-18,1106.44
2009-08-19,1104.98
2009-08-20,1135.74
2009-08-21,1181.88
2009-08-24,1197.36
2009-08-25,1192.35
2009-08-26,1175.17
2009-08-27,1154.1
2009-08-28,1187.52
2009-08-31,1167.05
2009-09-01,1180.95
2009-09-02,1150.71
2009-09-03,1168.91
2009-09-04,1160.21
2009-09-07,1188.36
2009-09-08,1228.86
2009-09-09,1239.7
2009-09-10,1233.46
2009-09-11,1255.94
2009-09-14,1255.73
2009-09-15,1286.74
2009-09-16,1301.38
2009-09-17,1287.97
2009-09-18,1291.42
2009-09-21,1245.21
2009-09-22,1285.62
2009-09-23,1281.25
2009-09-24,1258.2
2009-09-25,1269.52
2009-09-28,1291.25
2009-09-29,1296.13
2009-09-30,1279.51
2009-10-01,1294.73
2009-10-02,1256.67
2009-10-05,1259.17
2009-10-06,1304.35
2009-10-07,1310.47
2009-10-08,1366.43
2009-10-09,1398.07
2009-10-12,1450.76
2009-10-13,1411.5
2009-10-14,1456.56
2009-10-15,1433.88
2009-10-16,1407.62
2009-10-19,1459.1
2009-10-20,1455.37
2009-10-21,1467.61
2009-10-22,1452.49
2009-10-23,1458.94
2009-10-26,1451.69
2009-10-27,1424.98
2009-10-28,1339.52
2009-10-29,1380.81
2009-10-30,1322.24
2009-11-02,1353.53
2009-11-03,1302.36
2009-11-05,1345.2
2009-11-06,1327.47
2009-11-09,1394.49
2009-11-10,1413.93
2009-11-11,1406.86
2009-11-12,1406.42
2009-11-13,1400.53
2009-11-16,1459.23
2009-11-17,1446.86
2009-11-18,1466.32
2009-11-19,1427.52
2009-11-20,1426.06
2009-11-23,1448.4
2009-11-24,1422.82
2009-11-25,1402.46
2009-11-26,1356.34
2009-11-27,1374.63
2009-11-30,1373.47
2009-12-01,1410.24
2009-12-02,1417.09
2009-12-03,1401.4
2009-12-04,1435.07
2009-12-07,1413.17
2009-12-08,1401.28
2009-12-09,1392.09
2009-12-10,1394.48
2009-12-11,1390.98
2009-12-14,1408.08
2009-12-15,1424.4
2009-12-16,1484.59
2009-12-17,1454.54
2009-12-18,1463.04
2009-12-21,1473.2
2009-12-22,1460.63
2009-12-23,1461.28
2009-12-24,1444.61
2009-12-25,1450.94
2009-12-28,1455.72
2009-12-29,1463.12
2009-12-30,1456.18
2009-12-31,1464.73
2010-01-11,1556.58
2010-01-12,1538.15
2010-01-13,1546.06
2010-01-14,1568.29
2010-01-15,1565.08
2010-01-18,1594.02
2010-01-19,1598.87
2010-01-20,1574.31
2010-01-21,1547.01
2010-01-22,1519.52
2010-01-25,1525.42
2010-01-26,1491.95
2010-01-27,1498.91
2010-01-28,1517.79
2010-01-29,1531.9
2010-02-01,1529.29
2010-02-02,1550.48
2010-02-03,1544.49
2010-02-04,1506.49
2010-02-05,1463.07
2010-02-08,1426.93
2010-02-09,1444.2
2010-02-10,1432.42
2010-02-11,1434.7
2010-02-12,1408.27
2010-02-15,1423.76
2010-02-16,1469.38
2010-02-17,1461.4
2010-02-18,1444.86
2010-02-19,1461.03
2010-02-24,1440.29
2010-02-25,1409.99
2010-02-26,1428.62
2010-02-27,1438.25
2010-03-01,1463.75
2010-03-02,1476.51
2010-03-03,1488.63
2010-03-04,1494.15
2010-03-05,1526.45
2010-03-09,1524.49
2010-03-10,1513.48
2010-03-11,1506.53
2010-03-12,1527.94
2010-03-15,1511.15
2010-03-16,1533.35
2010-03-17,1549.05
2010-03-18,1547.05
2010-03-19,1533.71
2010-03-22,1529.89
2010-03-23,1522.4
2010-03-24,1516.09
2010-03-25,1518.13
2010-03-26,1527.72
2010-03-29,1554.33
2010-03-30,1558.23
2010-03-31,1565.07
2010-04-01,1596.92
2010-04-02,1597.47
2010-04-05,1605.43
2010-04-06,1617.4
2010-04-07,1595.6
2010-04-08,1593.6
2010-04-09,1615.5
2010-04-12,1621.74
2010-04-13,1618.16
2010-04-14,1647.59
2010-04-15,1652.25
2010-04-16,1613.56
2010-04-19,1574.8
2010-04-20,1590.72
2010-04-21,1582.03
2010-04-22,1557.74
2010-04-23,1583.92
2010-04-26,1601.88
2010-04-27,1580.2
2010-04-28,1543.62
2010-04-29,1570.45
2010-04-30,1549.84
2010-05-04,1503.47
2010-05-05,1487.67
2010-05-06,1473.31
2010-05-07,1390.73
2010-05-11,1439.88
2010-05-12,1502.17
2010-05-13,1487.96
2010-05-14,1459.15
2010-05-17,1464.82
2010-05-18,1470.28
2010-05-19,1425.58
2010-05-20,1364.16
2010-05-21,1365.15
2010-05-24,1369.96
2010-05-25,1292.28
2010-05-26,1365.44
2010-05-27,1409.48
2010-05-28,1412.83
2010-05-31,1438.22
2010-06-01,1430.87
2010-06-02,1447.87
2010-06-03,1457.84
2010-06-04,1439.5
2010-06-07,1427.1
2010-06-08,1404.87
2010-06-09,1419.68
2010-06-10,1446.63
2010-06-11,1442.31
2010-06-15,1480.33
2010-06-16,1478.47
2010-06-17,1464.0
2010-06-18,1476.44
2010-06-21,1518.0
2010-06-22,1498.47
2010-06-23,1487.52
2010-06-24,1471.52
2010-06-25,1454.71
2010-06-28,1472.29
2010-06-29,1428.98
2010-06-30,1413.88
2010-07-01,1354.86
2010-07-02,1390.93
2010-07-05,1395.4
2010-07-06,1433.95
2010-07-07,1434.11
2010-07-08,1426.4
2010-07-09,1430.22
2010-07-12,1452.25
2010-07-13,1477.46
2010-07-14,1467.4
2010-07-15,1447.53
2010-07-16,1433.87
2010-07-19,1443.59
2010-07-20,1435.12
2010-07-21,1463.57
2010-07-22,1492.22
2010-07-23,1491.68
2010-07-26,1509.03
2010-07-27,1514.05
2010-07-28,1506.84
2010-07-29,1532.18
2010-07-30,1509.25
2010-08-02,1544.08
2010-08-03,1525.59
2010-08-04,1532.08
2010-08-05,1528.41
2010-08-06,1515.91
2010-08-09,1533.33
2010-08-10,1510.05
2010-08-11,1487.6
2010-08-12,1486.16
2010-08-13,1481.75
2010-08-16,1483.65
2010-08-17,1503.37
2010-08-18,1498.65
2010-08-19,1486.01
2010-08-20,1476.51
2010-08-23,1476.99
2010-08-24,1447.88
2010-08-25,1444.69
2010-08-26,1468.26
2010-08-27,1479.16
2010-08-30,1483.78
2010-08-31,1481.76
2010-09-01,1509.54
2010-09-02,1517.38
2010-09-03,1526.42
2010-09-06,1524.77
2010-09-07,1514.01
2010-09-08,1539.32
2010-09-09,1555.98
2010-09-10,1552.08
2010-09-13,1560.48
2010-09-14,1551.43
2010-09-15,1554.85
2010-09-16,1549.13
2010-09-17,1534.58
2010-09-20,1544.53
2010-09-21,1552.17
2010-09-22,1549.26
2010-09-23,1548.08
2010-09-24,1554.51
2010-09-27,1535.68
2010-09-28,1526.42
2010-09-29,1536.23
2010-09-30,1559.1
2010-10-01,1575.69
2010-10-04,1585.93
2010-10-05,1595.61
2010-10-06,1596.79
2010-10-07,1589.42
2010-10-08,1585.48
2010-10-11,1604.35
2010-10-12,1599.67
2010-10-13,1616.37
2010-10-14,1611.88
2010-10-15,1614.5
2010-10-18,1624.42
2010-10-19,1613.42
2010-10-20,1616.67
2010-10-21,1654.15
2010-10-22,1644.61
2010-10-25,1654.29
2010-10-26,1650.6
2010-10-27,1631.35
2010-10-28,1630.86
2010-10-29,1649.04
2010-11-01,1660.25
2010-11-02,1664.11
2010-11-03,1667.19
2010-11-08,1697.66
2010-11-09,1726.3
2010-11-10,1704.55
2010-11-11,1684.85
2010-11-12,1676.77
2010-11-13,1668.26
2010-11-15,1684.58
2010-11-16,1652.6
2010-11-17,1660.49
2010-11-18,1680.28
2010-11-19,1685.25
2010-11-22,1678.35
2010-11-23,1663.68
2010-11-24,1690.85
2010-11-25,1700.96
2010-11-26,1695.66
2010-11-29,1682.93
2010-11-30,1694.69
2010-12-01,1733.92
2010-12-02,1767.06
2010-12-03,1785.67
2010-12-06,1810.58
2010-12-07,1814.73
2010-12-08,1786.23
2010-12-09,1797.64
2010-12-10,1793.01
2010-12-13,1799.62
2010-12-14,1803.77
2010-12-15,1808.08
2010-12-16,1797.19
2010-12-17,1804.37
2010-12-20,1800.36
2010-12-21,1811.96
2010-12-22,1821.47
2010-12-23,1823.54
2010-12-24,1814.11
2010-12-27,1800.84
2010-12-28,1807.08
2010-12-29,1821.0
2010-12-30,1832.33
2011-01-11,1878.07
2011-01-12,1927.91
2011-01-13,1917.27
2011-01-14,1911.78
2011-01-17,1941.28
2011-01-18,1934.31
2011-01-19,1933.37
2011-01-20,1899.9
2011-01-21,1914.69
2011-01-24,1885.44
2011-01-25,1880.56
2011-01-26,1913.77
2011-01-27,1919.24
2011-01-28,1901.12
2011-01-31,1888.42
2011-02-01,1924.07
2011-02-02,1934.44
2011-02-03,1917.31
2011-02-04,1935.66
2011-02-07,1936.52
2011-02-08,1895.12
2011-02-09,1888.31
2011-02-10,1837.31
2011-02-11,1878.03
2011-02-14,1872.0
2011-02-15,1858.36
2011-02-16,1870.59
2011-02-17,1854.99
2011-02-18,1851.92
2011-02-21,1877.03
2011-02-22,1864.26
2011-02-24,1879.85
2011-02-25,1915.49
2011-02-28,1948.5
2011-03-01,1927.24
2011-03-02,1934.85
2011-03-03,1943.01
2011-03-04,1934.39
2011-03-05,1951.55
2011-03-09,1950.04
2011-03-10,1898.04
2011-03-11,1885.06
2011-03-14,1892.54
2011-03-15,1863.78
2011-03-16,1868.87
2011-03-17,1904.42
2011-03-18,1915.05
2011-03-21,1921.49
2011-03-22,1908.5
2011-03-23,1940.52
2011-03-24,1967.75
2011-03-25,1980.97
2011-03-28,1984.74
2011-03-29,1959.79
2011-03-30,1989.89
2011-03-31,1987.68
2011-04-01,2020.39
2011-04-04,2029.8
2011-04-05,2025.63
2011-04-06,2038.54
2011-04-07,2021.38
2011-04-08,2034.13
2011-04-11,2022.96
2011-04-12,1972.72
2011-04-13,1983.56
2011-04-14,1952.53
2011-04-15,1951.26
2011-04-18,1878.61
2011-04-19,1924.16
2011-04-20,1954.57
2011-04-21,1951.53
2011-04-22,1966.17
2011-04-25,1939.84
2011-04-26,1935.83
2011-04-27,1912.46
2011-04-28,1917.61
2011-04-29,1909.05
2011-05-03,1853.82
2011-05-04,1816.65
2011-05-05,1802.82
2011-05-06,1842.38
2011-05-10,1839.22
2011-05-11,1813.63
2011-05-12,1787.33
2011-05-13,1788.91
2011-05-16,1778.78
2011-05-17,1763.08
2011-05-18,1783.22
2011-05-19,1787.26
2011-05-20,1757.94
2011-05-23,1724.15
2011-05-24,1752.3
2011-05-25,1769.88
2011-05-26,1760.4
2011-05-27,1795.3
2011-05-30,1802.9
2011-05-31,1826.26
2011-06-01,1809.35
2011-06-02,1817.8
2011-06-03,1789.99
2011-06-06,1790.51
2011-06-07,1822.54
2011-06-08,1824.86
2011-06-09,1855.01
2011-06-10,1845.83
2011-06-14,1843.31
2011-06-15,1840.19
2011-06-16,1831.73
2011-06-17,1804.02
2011-06-20,1782.45
2011-06-21,1792.58
2011-06-22,1797.78
2011-06-23,1762.47
2011-06-24,1791.05
2011-06-27,1783.34
2011-06-28,1810.25
2011-06-29,1819.56
2011-06-30,1826.79
2011-07-01,1862.0
2011-07-04,1870.79
2011-07-05,1877.3
2011-07-06,1872.28
2011-07-07,1910.83
2011-07-08,1893.31
2011-07-11,1867.96
2011-07-12,1872.84
2011-07-13,1881.91
2011-07-14,1883.34
2011-07-15,1882.36
2011-07-18,1852.76
2011-07-19,1866.48
2011-07-20,1868.28
2011-07-21,1898.75
2011-07-22,1898.57
2011-07-25,1896.48
2011-07-26,1891.18
2011-07-27,1873.8
2011-07-28,1889.28
2011-07-29,1872.59
2011-08-01,1894.47
2011-08-02,1881.45
2011-08-03,1817.88
2011-08-04,1780.3
2011-08-05,1743.3
2011-08-08,1647.5
2011-08-09,1645.33
2011-08-10,1573.48
2011-08-11,1581.72
2011-08-12,1616.52
2011-08-15,1660.63
2011-08-16,1628.19
2011-08-17,1658.98
2011-08-18,1597.03
2011-08-19,1581.54
2011-08-22,1595.44
2011-08-23,1595.72
2011-08-24,1615.1
2011-08-25,1596.56
2011-08-26,1614.64
2011-08-29,1677.74
2011-08-30,1679.67
2011-08-31,1721.58
2011-09-01,1727.74
2011-09-02,1687.99
2011-09-05,1662.32
2011-09-06,1669.97
2011-09-07,1722.1
2011-09-08,1733.17
2011-09-09,1690.59
2011-09-12,1662.72
2011-09-13,1668.25
2011-09-14,1675.78
2011-09-15,1698.45
2011-09-16,1683.11
2011-09-19,1662.72
2011-09-20,1692.52
2011-09-21,1678.37
2011-09-22,1547.18
2011-09-23,1477.87
2011-09-26,1499.77
2011-09-27,1537.14
2011-09-28,1534.3
2011-09-29,1567.53
2011-09-30,1521.69
2011-10-03,1497.32
2011-10-04,1411.7
2011-10-05,1409.37
2011-10-06,1467.96
2011-10-07,1504.85
2011-10-10,1537.63
2011-10-11,1518.93
2011-10-12,1555.06
2011-10-13,1546.44
2011-10-14,1594.49
2011-10-17,1562.34
2011-10-18,1587.05
2011-10-19,1582.15
2011-10-20,1580.31
2011-10-21,1611.67
2011-10-24,1651.55
2011-10-25,1628.56
2011-10-26,1670.46
2011-10-27,1699.12
2011-10-28,1700.46
2011-10-31,1669.31
2011-11-01,1622.18
2011-11-02,1658.46
2011-11-03,1672.18
2011-11-07,1694.27
2011-11-08,1694.13
2011-11-09,1638.34
2011-11-10,1659.26
2011-11-11,1654.12
2011-11-14,1653.47
2011-11-15,1657.32
2011-11-16,1652.2
2011-11-17,1643.38
2011-11-18,1626.93
2011-11-21,1548.96
2011-11-22,1561.6
2011-11-23,1564.22
2011-11-24,1551.4
2011-11-25,1571.55
2011-11-28,1633.24
2011-11-29,1620.64
2011-11-30,1671.09
2011-12-01,1677.39
2011-12-02,1677.95
2011-12-05,1691.45
2011-12-06,1624.6
2011-12-07,1614.01
2011-12-08,1622.89
2011-12-09,1555.94
2011-12-12,1504.32
2011-12-13,1536.19
2011-12-14,1530.1
2011-12-15,1553.73
2011-12-16,1542.36
2011-12-19,1541.76
2011-12-20,1571.82
2011-12-21,1543.89
2011-12-22,1544.86
2011-12-23,1534.21
2011-12-26,1549.79
2011-12-27,1545.4
2011-12-28,1542.0
2011-12-29,1546.42
2011-12-30,1563.34
2012-01-03,1610.75
2012-01-04,1613.91
2012-01-05,1599.77
2012-01-06,1606.11
2012-01-09,1614.77
2012-01-10,1646.56
2012-01-11,1633.84
2012-01-12,1632.79
2012-01-13,1631.57
2012-01-16,1632.67
2012-01-17,1657.11
2012-01-18,1665.31
2012-01-19,1676.46
2012-01-20,1662.47
2012-01-23,1671.52
2012-01-24,1659.74
2012-01-25,1670.99
2012-01-26,1688.75
2012-01-27,1681.3
2012-01-30,1668.21
2012-01-31,1687.98
2012-02-01,1716.22
2012-02-02,1719.6
2012-02-03,1744.61
2012-02-06,1742.43
2012-02-07,1727.51
2012-02-08,1733.78
2012-02-09,1720.39
2012-02-10,1702.01
2012-02-13,1739.99
2012-02-14,1743.25
2012-02-15,1762.5
2012-02-16,1752.44
2012-02-17,1750.41
2012-02-20,1762.29
2012-02-21,1739.74
2012-02-22,1716.51
2012-02-24,1779.43
2012-02-27,1777.32
2012-02-28,1756.61
2012-02-29,1783.08
2012-03-01,1780.97
2012-03-02,1794.7
2012-03-05,1814.41
2012-03-06,1743.48
2012-03-07,1755.36
2012-03-11,1792.75
2012-03-12,1790.44
2012-03-13,1798.94
2012-03-14,1820.45
2012-03-15,1815.4
2012-03-16,1806.88
2012-03-19,1770.51
2012-03-20,1739.53
2012-03-21,1731.87
2012-03-22,1707.01
2012-03-23,1719.8
2012-03-26,1746.75
2012-03-27,1734.66
2012-03-28,1696.81
2012-03-29,1668.34
2012-03-30,1693.43
2012-04-02,1698.52
2012-04-03,1729.93
2012-04-04,1688.45
2012-04-05,1702.1
2012-04-06,1670.94
2012-04-09,1685.78
2012-04-10,1671.92
2012-04-11,1680.52
2012-04-12,1675.9
2012-04-13,1677.03
2012-04-16,1649.2
2012-04-17,1642.39
2012-04-18,1638.98
2012-04-19,1670.28
2012-04-20,1679.77
2012-04-23,1636.51
2012-04-24,1626.53
2012-04-25,1631.5
2012-04-26,1614.99
2012-04-27,1640.2
2012-04-28,1644.5
2012-05-02,1613.85
2012-05-03,1610.14
2012-05-04,1552.58
2012-05-05,1547.3
2012-05-07,1545.89
2012-05-08,1544.64
2012-05-10,1571.75
2012-05-11,1553.54
2012-05-12,1546.63
2012-05-14,1492.63
2012-05-15,1500.81
2012-05-16,1490.04
2012-05-17,1437.24
2012-05-18,1419.04
2012-05-21,1449.1
2012-05-22,1452.08
2012-05-23,1402.37
2012-05-24,1433.55
2012-05-25,1430.33
2012-05-28,1440.51
2012-05-29,1481.09
2012-05-30,1460.13
2012-05-31,1458.03
2012-06-01,1448.72
2012-06-04,1457.41
2012-06-05,1447.56
2012-06-06,1465.61
2012-06-07,1491.41
2012-06-08,1487.61
2012-06-09,1493.35
2012-06-13,1502.68
2012-06-14,1502.25
2012-06-15,1534.83
2012-06-18,1550.19
2012-06-19,1551.28
2012-06-20,1534.22
2012-06-21,1521.82
2012-06-22,1503.49
2012-06-25,1484.52
2012-06-26,1498.66
2012-06-27,1525.35
2012-06-28,1499.64
2012-06-29,1549.46
2012-07-02,1566.45
2012-07-03,1610.49
2012-07-04,1618.17
2012-07-05,1608.59
2012-07-06,1584.53
2012-07-09,1584.91
2012-07-10,1593.83
2012-07-11,1574.3
2012-07-12,1562.14
2012-07-13,1587.01
2012-07-16,1593.21
2012-07-17,1602.33
2012-07-18,1597.98
2012-07-19,1607.15
2012-07-20,1585.76
2012-07-23,1538.24
2012-07-24,1530.15
2012-07-25,1532.31
2012-07-26,1550.67
2012-07-27,1575.59
2012-07-30,1600.75
2012-07-31,1576.69
2012-08-01,1582.11
2012-08-02,1565.52
2012-08-03,1592.67
2012-08-06,1612.6
2012-08-07,1628.0
2012-08-08,1627.11
2012-08-09,1634.88
2012-08-10,1618.24
2012-08-13,1630.4
2012-08-14,1643.55
2012-08-15,1627.53
2012-08-16,1631.52
2012-08-17,1622.98
2012-08-20,1607.22
2012-08-21,1636.16
2012-08-22,1627.57
2012-08-23,1635.06
2012-08-24,1635.71
2012-08-27,1639.7
2012-08-28,1642.62
2012-08-29,1646.1
2012-08-30,1637.72
2012-08-31,1629.8
2012-09-03,1648.59
2012-09-04,1645.39
2012-09-05,1628.33
2012-09-06,1666.64
2012-09-07,1688.99
2012-09-10,1693.86
2012-09-11,1692.96
2012-09-12,1693.52
2012-09-13,1686.72
2012-09-14,1758.63
2012-09-17,1752.88
2012-09-18,1735.63
2012-09-19,1717.1
2012-09-20,1717.28
2012-09-21,1714.27
2012-09-24,1706.56
2012-09-25,1698.19
2012-09-26,1655.54
2012-09-27,1666.24
2012-09-28,1672.16
2012-10-01,1712.19
2012-10-02,1706.93
2012-10-03,1691.84
2012-10-04,1673.73
2012-10-05,1697.7
2012-10-08,1693.12
2012-10-09,1692.35
2012-10-10,1678.55
2012-10-11,1681.06
2012-10-12,1661.4
2012-10-15,1658.43
2012-10-16,1672.96
2012-10-17,1693.91
2012-10-18,1695.02
2012-10-19,1677.55
2012-10-22,1694.62
2012-10-23,1672.09
2012-10-24,1667.84
2012-10-25,1661.39
2012-10-26,1647.05
2012-10-29,1645.19
2012-10-30,1633.53
2012-10-31,1638.07
2012-11-01,1644.06
2012-11-02,1654.79
2012-11-06,1661.92
2012-11-07,1635.38
2012-11-08,1617.49
2012-11-09,1610.06
2012-11-12,1617.62
2012-11-13,1578.47
2012-11-14,1576.77
2012-11-15,1592.93
2012-11-16,1589.95
2012-11-19,1607.08
2012-11-20,1604.58
2012-11-21,1615.28
2012-11-22,1611.76
2012-11-23,1623.84
2012-11-26,1613.25
2012-11-27,1602.91
2012-11-28,1586.91
2012-11-29,1595.37
2012-11-30,1615.67
2012-12-03,1634.06
2012-12-04,1622.4
2012-12-05,1650.14
2012-12-06,1653.1
2012-12-07,1656.46
2012-12-10,1663.65
2012-12-11,1664.46
2012-12-12,1685.24
2012-12-13,1681.06
2012-12-14,1684.82
2012-12-17,1689.33
2012-12-18,1703.14
2012-12-19,1700.02
2012-12-20,1710.82
2012-12-21,1698.42
2012-12-24,1691.86
2012-12-25,1693.93
2012-12-26,1699.77
2012-12-27,1699.34
2012-12-28,1695.3
2013-01-08,1741.84
2013-01-09,1743.21
2013-01-10,1733.04
2013-01-11,1737.27
2013-01-14,1757.55
2013-01-15,1742.34
2013-01-16,1741.89
2013-01-17,1752.1
2013-01-18,1771.43
2013-01-21,1768.11
2013-01-22,1753.96
2013-01-23,1767.91
2013-01-24,1763.63
2013-01-25,1775.42
2013-01-28,1797.16
2013-01-29,1782.01
2013-01-30,1776.13
2013-01-31,1779.96
2013-02-01,1780.49
2013-02-04,1766.83
2013-02-05,1772.59
2013-02-06,1761.11
2013-02-07,1755.93
2013-02-08,1749.06
2013-02-11,1746.0
2013-02-12,1741.55
2013-02-13,1771.39
2013-02-14,1749.84
2013-02-15,1737.11
2013-02-18,1743.97
2013-02-19,1758.4
2013-02-20,1745.36
2013-02-21,1724.94
2013-02-22,1728.28
2013-02-25,1736.43
2013-02-26,1714.5
2013-02-27,1717.38
2013-02-28,1716.23
2013-03-01,1701.79
2013-03-04,1691.29
2013-03-05,1714.13
2013-03-06,1722.52
2013-03-07,1722.36
2013-03-11,1737.03
2013-03-12,1734.38
2013-03-13,1728.16
2013-03-14,1731.16
2013-03-15,1726.7
2013-03-18,1689.41
2013-03-19,1673.68
2013-03-20,1685.04
2013-03-21,1685.25
2013-03-22,1664.63
2013-03-25,1649.73
2013-03-26,1636.49
2013-03-27,1645.73
2013-03-28,1656.34
2013-03-29,1661.41
2013-04-01,1649.74
2013-04-02,1651.85
2013-04-03,1649.13
2013-04-04,1647.89
2013-04-05,1636.14
2013-04-08,1626.74
2013-04-09,1646.3
2013-04-10,1646.31
2013-04-11,1618.86
2013-04-12,1600.51
2013-04-15,1570.31
2013-04-16,1561.85
2013-04-17,1542.82
2013-04-18,1542.04
2013-04-19,1545.75
2013-04-22,1543.92
2013-04-23,1547.46
2013-04-24,1590.31
2013-04-25,1584.75
2013-04-26,1584.57
2013-04-29,1573.63
2013-04-30,1600.55
2013-05-02,1589.79
2013-05-03,1626.13
2013-05-06,1632.37
2013-05-07,1651.72
2013-05-08,1654.9
2013-05-10,1647.18
2013-05-13,1635.92
2013-05-14,1623.51
2013-05-15,1607.6
2013-05-16,1586.43
2013-05-17,1618.93
2013-05-20,1624.78
2013-05-21,1643.41
2013-05-22,1672.78
2013-05-23,1613.29
2013-05-24,1594.78
2013-05-27,1591.79
2013-05-28,1614.23
2013-05-29,1572.32
2013-05-30,1572.12
2013-05-31,1559.31
2013-06-03,1544.56
2013-06-04,1549.54
2013-06-05,1532.4
2013-06-06,1521.01
2013-06-07,1552.17
2013-06-10,1542.18
2013-06-11,1502.98
2013-06-13,1480.55
2013-06-14,1501.02
2013-06-17,1530.65
2013-06-18,1542.05
2013-06-19,1528.69
2013-06-20,1498.01
2013-06-21,1500.19
2013-06-24,1490.22
2013-06-25,1499.43
2013-06-26,1525.78
2013-06-27,1517.5
2013-06-28,1537.41
2013-07-01,1544.01
2013-07-02,1551.81
2013-07-03,1546.51
2013-07-04,1564.9
2013-07-05,1557.37
2013-07-08,1564.52
2013-07-09,1560.87
2013-07-10,1546.92
2013-07-11,1586.82
2013-07-12,1621.75
2013-07-15,1627.94
2013-07-16,1635.67
2013-07-17,1660.84
2013-07-18,1643.25
2013-07-19,1649.09
2013-07-22,1641.96
2013-07-23,1644.07
2013-07-24,1633.17
2013-07-25,1626.75
2013-07-26,1628.21
2013-07-29,1622.6
2013-07-30,1609.92
2013-07-31,1596.56
2013-08-01,1622.86
2013-08-02,1615.54
2013-08-05,1616.3
2013-08-06,1589.45
2013-08-07,1587.42
2013-08-08,1586.93
2013-08-09,1610.62
2013-08-12,1617.25
2013-08-13,1640.06
2013-08-14,1658.71
2013-08-15,1620.85
2013-08-16,1607.97
2013-08-19,1611.31
2013-08-20,1607.87
2013-08-21,1607.08
2013-08-22,1630.48
2013-08-23,1626.47
2013-08-26,1628.5
2013-08-27,1616.26
2013-08-28,1625.19
2013-08-29,1629.07
2013-08-30,1622.23
2013-09-02,1625.85
2013-09-03,1633.32
2013-09-04,1635.51
2013-09-05,1691.08
2013-09-06,1692.27
2013-09-09,1725.72
2013-09-10,1728.14
2013-09-11,1728.79
2013-09-12,1724.17
2013-09-13,1712.88
2013-09-16,1748.24
2013-09-17,1751.27
2013-09-18,1741.67
2013-09-19,1768.11
2013-09-20,1755.67
2013-09-23,1744.84
2013-09-24,1741.39
2013-09-25,1759.07
2013-09-26,1765.67
2013-09-27,1749.93
2013-09-30,1739.15
2013-10-01,1749.74
2013-10-02,1729.01
2013-10-03,1731.62
2013-10-04,1752.69
2013-10-07,1759.81
2013-10-08,1789.46
2013-10-09,1784.55
2013-10-10,1803.24
2013-10-11,1798.84
2013-10-14,1795.48
2013-10-15,1821.01
2013-10-16,1820.89
2013-10-17,1798.0
2013-10-18,1823.0
2013-10-21,1823.31
2013-10-22,1817.55
2013-10-23,1791.98
2013-10-24,1786.28
2013-10-25,1788.68
2013-10-28,1797.04
2013-10-29,1802.58
2013-10-30,1807.77
2013-10-31,1800.86
2013-11-01,1806.76
2013-11-05,1795.77
2013-11-06,1788.63
2013-11-07,1799.72
2013-11-08,1776.23
2013-11-11,1768.97
2013-11-12,1789.18
2013-11-13,1749.12
2013-11-14,1777.83
2013-11-15,1781.28
2013-11-18,1801.34
2013-11-19,1802.03
2013-11-20,1798.85
2013-11-21,1781.62
2013-11-22,1794.1
2013-11-25,1792.09
2013-11-26,1770.57
2013-11-27,1759.89
2013-11-28,1766.02
2013-11-29,1765.89
2013-12-02,1758.62
2013-12-03,1729.47
2013-12-04,1718.03
2013-12-05,1706.08
2013-12-06,1729.26
2013-12-09,1749.59
2013-12-10,1747.81
2013-12-11,1748.45
2013-12-12,1730.62
2013-12-13,1734.23
2013-12-16,1755.07
2013-12-17,1766.02
2013-12-18,1775.0
2013-12-19,1788.22
2013-12-20,1787.32
2013-12-23,1799.56
2013-12-24,1798.27
2013-12-25,1791.96
2013-12-26,1792.38
2013-12-27,1784.61
2013-12-30,1795.65
2014-01-06,1750.37
2014-01-08,1746.21
2014-01-09,1749.23
2014-01-10,1754.06
2014-01-13,1764.05
2014-01-14,1754.6
2014-01-15,1774.74
2014-01-16,1767.84
2014-01-17,1775.85
2014-01-20,1785.98
2014-01-21,1797.11
2014-01-22,1790.0
2014-01-23,1787.82
2014-01-24,1785.05
2014-01-27,1765.52
2014-01-28,1755.18
2014-01-29,1747.32
2014-01-30,1747.57
2014-01-31,1737.12
2014-02-03,1723.25
2014-02-04,1721.25
2014-02-05,1738.97
2014-02-06,1751.75
2014-02-07,1765.82
2014-02-10,1763.19
2014-02-11,1771.9
2014-02-12,1786.78
2014-02-13,1769.66
2014-02-14,1790.68
2014-02-17,1804.21
2014-02-18,1800.32
2014-02-19,1780.54
2014-02-20,1775.02
2014-02-21,1782.99
2014-02-24,1784.63
2014-02-25,1772.2
2014-02-26,1761.26
2014-02-27,1736.31
2014-02-28,1731.53
2014-03-03,1544.68
2014-03-04,1625.86
2014-03-05,1619.35
2014-03-06,1603.61
2014-03-07,1605.27
2014-03-11,1568.52
2014-03-12,1527.18
2014-03-13,1496.44
2014-03-14,1483.1
2014-03-17,1538.56
2014-03-18,1601.07
2014-03-19,1580.89
2014-03-20,1582.66
2014-03-21,1566.89
2014-03-24,1555.59
2014-03-25,1587.38
2014-03-26,1617.29
2014-03-27,1596.36
2014-03-28,1610.97
2014-03-31,1641.14
2014-04-01,1648.86
2014-04-02,1645.98
2014-04-03,1637.24
2014-04-04,1656.86
2014-04-07,1617.77
2014-04-08,1620.81
2014-04-09,1616.64
2014-04-10,1639.25
2014-04-11,1632.88
2014-04-14,1611.86
2014-04-15,1571.29
2014-04-16,1585.18
2014-04-17,1593.65
2014-04-18,1625.86
2014-04-21,1612.07
2014-04-22,1600.78
2014-04-23,1592.98
2014-04-24,1558.74
2014-04-25,1534.27
2014-04-28,1557.94
2014-04-29,1564.72
2014-04-30,1566.32
2014-05-02,1564.92
2014-05-05,1557.07
2014-05-06,1581.39
2014-05-07,1635.25
2014-05-08,1644.77
2014-05-12,1649.44
2014-05-13,1661.41
2014-05-14,1665.99
2014-05-15,1657.45
2014-05-16,1669.81
2014-05-19,1695.66
2014-05-20,1709.73
2014-05-21,1726.9
2014-05-22,1715.68
2014-05-23,1725.8
2014-05-26,1738.25
2014-05-27,1699.82
2014-05-28,1710.17
2014-05-29,1735.88
2014-05-30,1717.46
2014-06-02,1756.37
2014-06-03,1766.4
2014-06-04,1769.95
2014-06-05,1763.84
2014-06-06,1780.92
2014-06-09,1781.46
2014-06-10,1789.13
2014-06-11,1813.14
2014-06-16,1804.38
2014-06-17,1795.27
2014-06-18,1804.81
2014-06-19,1806.04
2014-06-20,1798.14
2014-06-23,1798.41
2014-06-24,1837.77
2014-06-25,1793.14
2014-06-26,1782.53
2014-06-27,1787.54
2014-06-30,1788.17
2014-07-01,1796.09
2014-07-02,1834.13
2014-07-03,1834.67
2014-07-04,1810.17
2014-07-07,1844.16
2014-07-08,1847.86
2014-07-09,1843.76
2014-07-10,1823.31
2014-07-11,1829.97
2014-07-14,1816.76
2014-07-15,1813.68
2014-07-16,1826.37
2014-07-17,1785.06
2014-07-18,1762.63
2014-07-21,1715.51
2014-07-22,1742.11
2014-07-23,1742.87
2014-07-24,1745.62
2014-07-25,1720.35
2014-07-28,1687.55
2014-07-29,1697.33
2014-07-30,1712.58
2014-07-31,1709.45
2014-08-01,1703.53
2014-08-04,1708.67
2014-08-05,1682.54
2014-08-06,1653.75
2014-08-07,1652.35
2014-08-08,1670.54
2014-08-11,1700.58
2014-08-12,1702.73
2014-08-13,1733.29
2014-08-14,1744.04
2014-08-15,1756.79
2014-08-18,1765.91
2014-08-19,1781.3
2014-08-20,1793.57
2014-08-21,1811.23
2014-08-22,1792.45
2014-08-25,1802.45
2014-08-26,1788.39
2014-08-27,1794.08
2014-08-28,1764.18
2014-08-29,1735.59
2014-09-01,1725.3
2014-09-02,1735.15
2014-09-03,1795.79
2014-09-04,1805.91
2014-09-05,1827.43
2014-09-08,1815.1
2014-09-09,1819.33
2014-09-10,1819.8
2014-09-11,1796.35
2014-09-12,1807.37
2014-09-15,1802.0
2014-09-16,1830.65
2014-09-17,1796.03
2014-09-18,1795.11
2014-09-19,1774.07
2014-09-22,1750.84
2014-09-23,1771.43
2014-09-24,1786.78
2014-09-25,1779.61
2014-09-26,1777.47
2014-09-29,1745.34
2014-09-30,1748.8
2014-10-01,1735.07
2014-10-02,1705.77
2014-10-03,1716.07
2014-10-06,1757.57
2014-10-07,1739.39
2014-10-08,1710.0
2014-10-09,1716.78
2014-10-10,1691.87
2014-10-13,1717.77
2014-10-14,1730.47
2014-10-15,1709.28
2014-10-16,1688.48
2014-10-17,1718.75
2014-10-20,1708.38
2014-10-21,1717.05
2014-10-22,1705.68
2014-10-23,1704.11
2014-10-24,1714.37
2014-10-27,1731.61
2014-10-28,1757.99
2014-10-29,1787.88
2014-10-30,1804.41
2014-10-31,1848.6
2014-11-03,1852.19
2014-11-05,1857.24
2014-11-06,1859.97
2014-11-07,1859.54
2014-11-10,1882.21
2014-11-11,1881.49
2014-11-12,1880.31
2014-11-13,1853.53
2014-11-14,1864.07
2014-11-17,1871.95
2014-11-18,1887.49
2014-11-19,1885.45
2014-11-20,1901.07
2014-11-21,1911.67
2014-11-24,1902.28
2014-11-25,1902.31
2014-11-26,1912.09
2014-11-27,1904.95
2014-11-28,1907.43
2014-12-01,1963.02
2014-12-02,1968.91
2014-12-03,1998.41
2014-12-04,1967.62
2014-12-05,1901.85
2014-12-08,1842.24
2014-12-09,1834.72
2014-12-10,1849.18
2014-12-11,1809.62
2014-12-12,1815.39
2014-12-15,1772.7
2014-12-16,1796.74
2014-12-17,1758.76
2014-12-18,1837.8
2014-12-19,1811.63
2014-12-22,1796.79
2014-12-23,1748.18
2014-12-24,1752.3
2014-12-25,1766.87
2014-12-26,1778.48
2014-12-29,1799.39
2014-12-30,1753.76
2015-01-05,1802.8
2015-01-06,1859.4
2015-01-08,1943.1
2015-01-09,1903.04
2015-01-12,1900.34
2015-01-13,1925.29
2015-01-14,1952.13
2015-01-15,1963.12
2015-01-16,1998.55
2015-01-19,1979.68
2015-01-20,1972.86
2015-01-21,2032.14
2015-01-22,2092.9
2015-01-23,2099.49
2015-01-26,2062.53
2015-01-27,2102.15
2015-01-28,2069.23
2015-01-29,2059.11
2015-01-30,2069.21
2015-02-02,2041.1
2015-02-03,2077.58
2015-02-04,2079.67
2015-02-05,2129.95
2015-02-06,2204.54
2015-02-09,2195.87
2015-02-10,2188.08
2015-02-11,2214.77
2015-02-12,2264.0
2015-02-13,2308.43
2015-02-16,2261.22
2015-02-17,2252.72
2015-02-18,2272.63
2015-02-19,2257.81
2015-02-20,2251.31
2015-02-24,2225.52
2015-02-25,2192.96
2015-02-26,2211.08
2015-02-27,2208.96
2015-03-02,2239.56
2015-03-03,2270.15
2015-03-04,2209.43
2015-03-05,2210.94
2015-03-06,2170.75
2015-03-10,2091.42
2015-03-11,2099.07
2015-03-12,2090.57
2015-03-13,2044.33
2015-03-16,2021.69
2015-03-17,2024.0
2015-03-18,2049.65
2015-03-19,2019.33
2015-03-20,2045.28
2015-03-23,2012.9
2015-03-24,2032.7
2015-03-25,2028.78
2015-03-26,1986.51
2015-03-27,1973.59
2015-03-30,2025.44
2015-03-31,2042.19
2015-04-01,2087.05
2015-04-02,2108.83
2015-04-03,2111.63
2015-04-06,2135.7
2015-04-07,2129.42
2015-04-08,2114.34
2015-04-09,2094.21
2015-04-10,2080.92
2015-04-13,2107.51
2015-04-14,2068.83
2015-04-15,2106.89
2015-04-16,2119.21
2015-04-17,2081.27
2015-04-20,2114.75
2015-04-21,2148.67
2015-04-22,2107.62
2015-04-23,2088.87
2015-04-24,2114.07
2015-04-27,2107.19
2015-04-28,2108.03
2015-04-29,2099.53
2015-04-30,2122.32
2015-05-05,2164.38
2015-05-06,2154.97
2015-05-07,2120.61
2015-05-08,2148.84
2015-05-12,2143.93
2015-05-13,2115.81
2015-05-14,2109.91
2015-05-15,2127.38
2015-05-18,2111.14
2015-05-19,2087.01
2015-05-20,2058.71
2015-05-21,2086.97
2015-05-22,2102.5
2015-05-25,2089.55
2015-05-26,2084.83
2015-05-27,2096.82
2015-05-28,2092.58
2015-05-29,2031.44
2015-06-01,2041.43
2015-06-02,2074.85
2015-06-03,2056.49
2015-06-04,2069.24
2015-06-05,2086.92
2015-06-08,2080.38
2015-06-09,2102.01
2015-06-10,2088.22
2015-06-11,2088.34
2015-06-15,2095.35
2015-06-16,2109.93
2015-06-17,2104.67
2015-06-18,2100.63
2015-06-19,2104.29
2015-06-22,2115.38
2015-06-23,2096.95
2015-06-24,2090.14
2015-06-25,2065.01
2015-06-26,2083.71
2015-06-29,2071.65
2015-06-30,2096.51
2015-07-01,2077.69
2015-07-02,2080.09
2015-07-03,2069.56
2015-07-06,2062.29
2015-07-07,2053.22
2015-07-08,2028.87
2015-07-09,2053.79
2015-07-10,2066.1
2015-07-13,2098.94
2015-07-14,2106.81
2015-07-15,2126.09
2015-07-16,2141.81
2015-07-17,2138.84
2015-07-20,2108.61
2015-07-21,2120.19
2015-07-22,2120.11
2015-07-23,2095.13
2015-07-24,2068.52
2015-07-27,2054.66
2015-07-28,2080.04
2015-07-29,2103.14
2015-07-30,2121.81
2015-07-31,2163.66
2015-08-03,2156.84
2015-08-04,2170.74
2015-08-05,2194.86
2015-08-06,2172.36
2015-08-07,2191.45
2015-08-10,2206.46
2015-08-11,2201.08
2015-08-12,2200.8
2015-08-13,2209.17
2015-08-14,2220.01
2015-08-17,2214.15
2015-08-18,2192.49
2015-08-19,2169.96
2015-08-20,2198.1
2015-08-21,2156.28
2015-08-24,2118.47
2015-08-25,2149.57
2015-08-26,2153.22
2015-08-27,2197.65
2015-08-28,2228.68
2015-08-31,2246.85
2015-09-01,2201.24
2015-09-02,2191.95
2015-09-03,2217.68
2015-09-04,2201.59
2015-09-07,2205.51
2015-09-08,2222.36
2015-09-09,2233.06
2015-09-10,2228.48
2015-09-11,2227.39
2015-09-14,2242.55
2015-09-15,2225.06
2015-09-16,2245.22
2015-09-17,2241.83
2015-09-18,2218.03
2015-09-21,2203.61
2015-09-22,2157.63
2015-09-23,2127.1
2015-09-24,2105.62
2015-09-25,2129.8
2015-09-28,2099.56
2015-09-29,2117.94
2015-09-30,2134.13
2015-10-01,2113.35
2015-10-02,2094.63
2015-10-05,2147.78
2015-10-06,2171.46
2015-10-07,2182.9
2015-10-08,2197.3
2015-10-09,2248.37
2015-10-12,2225.16
2015-10-13,2239.71
2015-10-14,2242.57
2015-10-15,2254.5
2015-10-16,2235.09
2015-10-19,2233.89
2015-10-20,2242.41
2015-10-21,2225.9
2015-10-22,2228.86
2015-10-23,2246.24
2015-10-26,2228.9
2015-10-27,2246.81
2015-10-28,2247.75
2015-10-29,2224.3
2015-10-30,2228.12
2015-11-02,2259.65
2015-11-03,2295.9
2015-11-05,2299.39
2015-11-06,2283.87
2015-11-09,2280.07
2015-11-10,2274.21
2015-11-11,2265.91
2015-11-12,2265.13
2015-11-13,2249.78
2015-11-16,2264.92
2015-11-17,2326.66
2015-11-18,2356.93
2015-11-19,2357.87
2015-11-20,2378.07
2015-11-23,2431.9
2015-11-24,2356.37
2015-11-25,2386.94
2015-11-26,2380.13
2015-11-27,2337.69
2015-11-30,2305.6
2015-12-01,2308.1
2015-12-02,2304.4
2015-12-03,2326.66
2015-12-04,2284.99
2015-12-07,2266.66
2015-12-08,2237.54
2015-12-09,2256.18
2015-12-10,2256.47
2015-12-11,2240.09
2015-12-14,2224.97
2015-12-15,2268.93
2015-12-16,2284.88
2015-12-17,2319.07
2015-12-18,2239.15
2015-12-21,2237.67
2015-12-22,2246.06
2015-12-23,2284.14
2015-12-24,2277.42
2015-12-25,2266.32
2015-12-28,2262.38
2015-12-29,2308.14
2015-12-30,2305.5
2016-01-04,2270.42
2016-01-05,2298.66
2016-01-06,2291.37
2016-01-11,2204.85
2016-01-12,2215.02
2016-01-13,2207.78
2016-01-14,2202.53
2016-01-15,2107.64
2016-01-18,2126.08
2016-01-19,2156.39
2016-01-20,2136.51
2016-01-21,2197.84
2016-01-22,2251.29
2016-01-25,2249.8
2016-01-26,2234.67
2016-01-27,2290.45
2016-01-28,2322.37
2016-01-29,2339.4
2016-02-01,2324.05
2016-02-02,2304.46
2016-02-03,2288.85
2016-02-04,2343.34
2016-02-05,2333.72
2016-02-08,2286.12
2016-02-09,2258.72
2016-02-10,2268.51
2016-02-11,2243.28
2016-02-12,2262.23
2016-02-15,2278.61
2016-02-16,2298.69
2016-02-17,2320.25
2016-02-18,2368.61
2016-02-19,2350.47
2016-02-20,2346.25
2016-02-22,2388.5
2016-02-24,2355.59
2016-02-25,2364.26
2016-02-26,2381.09
2016-02-29,2411.81
2016-03-01,2417.06
2016-03-02,2402.21
2016-03-03,2436.09
2016-03-04,2461.78
2016-03-07,2502.77
2016-03-09,2467.95
2016-03-10,2470.08
2016-03-11,2459.48
2016-03-14,2444.76
2016-03-15,2431.33
2016-03-16,2452.48
2016-03-17,2478.16
2016-03-18,2508.6
2016-03-21,2496.13
2016-03-22,2494.78
2016-03-23,2463.87
2016-03-24,2446.55
2016-03-25,2445.97
2016-03-28,2423.79
2016-03-29,2418.41
2016-03-30,2448.42
2016-03-31,2452.42
2016-04-01,2433.57
2016-04-04,2446.51
2016-04-05,2433.99
2016-04-06,2438.03
2016-04-07,2436.3
2016-04-08,2460.44
2016-04-11,2499.27
2016-04-12,2489.26
2016-04-13,2533.22
2016-04-14,2511.0
2016-04-15,2501.07
2016-04-18,2481.22
2016-04-19,2530.38
2016-04-20,2569.77
2016-04-21,2556.52
2016-04-22,2579.05
2016-04-25,2563.59
2016-04-26,2551.9
2016-04-27,2536.45
2016-04-28,2582.58
2016-04-29,2562.2
2016-05-04,2526.16
2016-05-05,2501.33
2016-05-06,2494.87
2016-05-10,2473.59
2016-05-11,2504.7
2016-05-12,2495.32
2016-05-13,2504.5
2016-05-16,2515.19
2016-05-17,2506.88
2016-05-18,2517.7
2016-05-19,2483.93
2016-05-20,2483.68
2016-05-23,2453.6
2016-05-24,2474.21
2016-05-25,2493.64
2016-05-26,2514.2
2016-05-27,2531.63
2016-05-30,2542.09
2016-05-31,2494.11
2016-06-01,2486.45
2016-06-02,2483.3
2016-06-03,2478.12
2016-06-06,2515.94
2016-06-07,2562.85
2016-06-08,2563.23
2016-06-09,2541.73
2016-06-10,2507.06
2016-06-14,2483.76
2016-06-15,2488.81
2016-06-16,2463.04
2016-06-17,2472.65
2016-06-20,2509.21
2016-06-21,2510.95
2016-06-22,2501.3
2016-06-23,2531.07
2016-06-24,2488.82
2016-06-27,2432.45
2016-06-28,2452.92
2016-06-29,2493.76
2016-06-30,2498.02
2016-07-01,2507.36
2016-07-04,2525.94
2016-07-05,2510.26
2016-07-06,2488.79
2016-07-07,2497.36
2016-07-08,2515.41
2016-07-11,2551.34
2016-07-12,2585.0
2016-07-13,2582.28
2016-07-14,2592.57
2016-07-15,2601.59
2016-07-18,2596.13
2016-07-19,2587.41
2016-07-20,2586.33
2016-07-21,2603.36
2016-07-22,2602.28
2016-07-25,2608.87
2016-07-26,2617.97
2016-07-27,2618.15
2016-07-28,2639.49
2016-07-29,2626.21
2016-08-01,2629.91
2016-08-02,2583.09
2016-08-03,2591.82
2016-08-04,2626.64
2016-08-05,2625.79
2016-08-08,2642.92
2016-08-09,2642.54
2016-08-10,2623.97
2016-08-11,2636.82
2016-08-12,2657.08
2016-08-15,2670.72
2016-08-16,2668.72
2016-08-17,2659.79
2016-08-18,2660.98
2016-08-19,2647.0
2016-08-22,2673.16
2016-08-23,2687.24
2016-08-24,2679.24
2016-08-25,2681.9
2016-08-26,2692.43
2016-08-29,2683.47
2016-08-30,2682.08
2016-08-31,2663.03
2016-09-01,2670.38
2016-09-02,2706.66
2016-09-05,2725.04
2016-09-06,2754.96
2016-09-07,2774.17
2016-09-08,2770.15
2016-09-09,2739.73
2016-09-12,2728.45
2016-09-13,2707.65
2016-09-14,2707.62
2016-09-15,2697.7
2016-09-16,2677.95
2016-09-19,2684.97
2016-09-20,2691.47
2016-09-21,2699.43
2016-09-22,2738.01
2016-09-23,2719.8
2016-09-26,2701.02
2016-09-27,2670.71
2016-09-28,2677.69
2016-09-29,2698.96
2016-09-30,2674.69
2016-10-03,2686.59
2016-10-04,2684.18
2016-10-05,2671.78
2016-10-06,2682.97
2016-10-07,2677.75
2016-10-10,2707.93
2016-10-11,2708.58
2016-10-12,2697.66
2016-10-13,2677.75
2016-10-14,2664.23
2016-10-17,2651.44
2016-10-18,2667.91
2016-10-19,2665.73
2016-10-20,2651.63
2016-10-21,2652.45
2016-10-24,2659.35
2016-10-25,2678.86
2016-10-26,2675.64
2016-10-27,2682.4
2016-10-28,2685.05
2016-10-31,2695.73
2016-11-01,2705.52
2016-11-02,2667.45
2016-11-03,2659.24
2016-11-07,2645.67
2016-11-08,2666.31
2016-11-09,2725.45
2016-11-10,2769.42
2016-11-11,2753.01
2016-11-14,2739.56
2016-11-15,2732.88
2016-11-16,2748.95
2016-11-17,2767.7
2016-11-18,2761.64
2016-11-21,2789.39
2016-11-22,2799.43
2016-11-23,2825.95
2016-11-24,2849.28
2016-11-25,2842.75
2016-11-28,2838.0
2016-11-29,2827.42
2016-11-30,2851.91
2016-12-01,2874.88
2016-12-02,2884.53
2016-12-05,2924.28
2016-12-06,2916.18
2016-12-07,2927.24
2016-12-08,2990.25
2016-12-09,2992.3
2016-12-12,3018.11
2016-12-13,3045.39
2016-12-14,3021.04
2016-12-15,3032.38
2016-12-16,3024.82
2016-12-19,3003.51
2016-12-20,3017.98
2016-12-21,2998.96
2016-12-22,2957.14
2016-12-23,2955.16
2016-12-26,2961.52
2016-12-27,2983.11
2016-12-28,2974.32
2016-12-29,3006.91
2016-12-30,3042.87
2017-01-03,3114.71
2017-01-04,3085.37
2017-01-05,3026.01
2017-01-06,3017.26
2017-01-09,3013.61
2017-01-10,3049.37
2017-01-11,3024.21
2017-01-12,3015.2
2017-01-13,2992.29
2017-01-16,2983.94
2017-01-17,2969.85
2017-01-18,2958.07
2017-01-19,2947.39
2017-01-20,2944.26
2017-01-23,2925.36
2017-01-24,2964.21
2017-01-25,2966.13
2017-01-26,3038.89
2017-01-27,3089.12
2017-01-30,3045.62
2017-01-31,3022.79
2017-02-01,3042.27
2017-02-02,3023.02
2017-02-03,3035.36
2017-02-06,3013.41
2017-02-07,3024.67
2017-02-08,2984.92
2017-02-09,2963.61
2017-02-10,2947.54
2017-02-13,2946.59
2017-02-14,2919.33
2017-02-15,2913.31
2017-02-16,2928.85
2017-02-17,2901.22
2017-02-20,2888.78
2017-02-21,2900.55
2017-02-22,2871.35
2017-02-24,2853.34
2017-02-27,2803.41
2017-02-28,2775.2
2017-03-01,2808.06
2017-03-02,2793.24
2017-03-03,2803.99
2017-03-06,2791.08
2017-03-07,2760.3
2017-03-09,2691.32
2017-03-10,2690.94
2017-03-13,2726.63
2017-03-14,2728.14
2017-03-15,2716.34
2017-03-16,2746.03
2017-03-17,2776.82
2017-03-20,2784.68
2017-03-21,2791.97
2017-03-22,2810.32
2017-03-23,2796.02
2017-03-24,2780.65
2017-03-27,2744.38
2017-03-28,2770.8
2017-03-29,2758.76
2017-03-30,2756.27
2017-03-31,2720.85
2017-04-03,2738.18
2017-04-04,2761.46
2017-04-05,2803.22
2017-04-06,2800.99
2017-04-07,2754.02
2017-04-10,2687.22
2017-04-11,2696.38
2017-04-12,2655.6
2017-04-13,2651.26
2017-04-14,2612.53
2017-04-17,2648.56
2017-04-18,2617.99
2017-04-19,2612.82
2017-04-20,2634.18
2017-04-21,2651.29
2017-04-24,2698.8
2017-04-25,2724.49
2017-04-26,2763.36
2017-04-27,2742.57
2017-04-28,2750.86
2017-05-02,2764.69
2017-05-03,2719.42
2017-05-04,2726.92
2017-05-05,2733.22
2017-05-10,2768.44
2017-05-11,2733.4
2017-05-12,2722.53
2017-05-15,2736.66
2017-05-16,2722.76
2017-05-17,2724.68
2017-05-18,2688.22
2017-05-19,2681.03
2017-05-22,2664.79
2017-05-23,2677.97
2017-05-24,2666.8
2017-05-25,2660.35
2017-05-26,2643.13
2017-05-29,2652.04
2017-05-30,2641.3
2017-05-31,2596.85
2017-06-01,2554.87
2017-06-02,2571.56
2017-06-05,2566.29
2017-06-06,2555.84
2017-06-07,2553.62
2017-06-08,2561.54
2017-06-09,2574.26
2017-06-13,2571.6
2017-06-14,2528.28
2017-06-15,2500.09
2017-06-16,2507.09
2017-06-19,2547.72
2017-06-20,2558.99
2017-06-21,2549.14
2017-06-22,2568.93
2017-06-23,2579.16
2017-06-26,2569.4
2017-06-27,2595.02
2017-06-28,2613.03
2017-06-29,2597.92
2017-06-30,2597.6
2017-07-03,2629.84
2017-07-04,2650.31
2017-07-05,2655.81
2017-07-06,2676.69
2017-07-07,2666.73
2017-07-10,2686.17
2017-07-11,2702.77
2017-07-12,2726.87
2017-07-13,2736.65
2017-07-14,2738.19
2017-07-17,2735.98
2017-07-18,2723.46
2017-07-19,2758.16
2017-07-20,2750.56
2017-07-21,2720.35
2017-07-24,2729.7
2017-07-25,2718.37
2017-07-26,2731.61
2017-07-27,2748.59
2017-07-28,2708.5
2017-07-31,2712.43
2017-08-01,2742.3
2017-08-02,2778.12
2017-08-03,2777.85
2017-08-04,2761.17
2017-08-07,2785.03
2017-08-08,2812.23
2017-08-09,2792.86
2017-08-10,2770.7
2017-08-11,2748.93
2017-08-14,2758.71
2017-08-15,2756.64
2017-08-16,2746.18
2017-08-17,2744.25
2017-08-18,2728.97
2017-08-21,2738.8
2017-08-22,2752.56
2017-08-23,2768.28
2017-08-24,2789.46
2017-08-25,2797.43
2017-08-28,2808.75
2017-08-29,2811.53
2017-08-30,2839.46
2017-08-31,2858.32
2017-09-01,2842.43
2017-09-04,2831.6
2017-09-05,2832.59
2017-09-06,2847.55
2017-09-07,2841.63
2017-09-08,2873.55
2017-09-11,2889.64
2017-09-12,2910.38
2017-09-13,2903.96
2017-09-14,2903.05
2017-09-15,2905.25
2017-09-18,2913.22
2017-09-19,2898.95
2017-09-20,2911.03
2017-09-21,2914.86
2017-09-22,2902.86
2017-09-25,2928.79
2017-09-26,2931.65
2017-09-27,2945.79
2017-09-28,2933.24
2017-09-29,2941.1
2017-10-02,2939.02
2017-10-03,2940.56
2017-10-04,2940.96
2017-10-05,2956.86
2017-10-06,2964.7
2017-10-09,2971.21
2017-10-10,2957.91
2017-10-11,2978.8
2017-10-12,2973.03
2017-10-13,2978.43
2017-10-16,2989.25
2017-10-17,2969.63
2017-10-18,2975.38
2017-10-19,2944.59
2017-10-20,2943.31
2017-10-23,2931.92
2017-10-24,2929.05
2017-10-25,2911.56
2017-10-26,2907.6
2017-10-27,2938.95
2017-10-30,2933.96
2017-10-31,2932.63
2017-11-01,2958.8
2017-11-02,2945.03
2017-11-03,2956.55
2017-11-07,3062.25
2017-11-08,3072.85
2017-11-09,3102.11
2017-11-10,3081.73
2017-11-13,3079.41
2017-11-14,3078.27
2017-11-15,3028.44
2017-11-16,3029.72
2017-11-17,3028.66
2017-11-20,3026.51
2017-11-21,3062.63
2017-11-22,3068.8
2017-11-23,3052.32
2017-11-24,3070.23
2017-11-27,3048.5
2017-11-28,3053.58
2017-11-29,3017.54
2017-11-30,2984.21
2017-12-01,2991.84
2017-12-04,3012.36
2017-12-05,3004.22
2017-12-06,3019.04
2017-12-07,2989.88
2017-12-08,2992.49
2017-12-11,3054.49
2017-12-12,3071.76
2017-12-13,3030.8
2017-12-14,3060.1
2017-12-15,3048.47
2017-12-18,3035.53
2017-12-19,3012.18
2017-12-20,2990.58
2017-12-21,2992.21
2017-12-22,3005.87
2017-12-25,3009.02
2017-12-26,2997.54
2017-12-27,3010.61
2017-12-28,3005.92
2017-12-29,3015.71
2018-01-03,3077.5
2018-01-04,3141.3
2018-01-05,3156.71
2018-01-09,3182.42
2018-01-10,3192.26
2018-01-11,3212.54
2018-01-12,3235.32
2018-01-15,3234.1
2018-01-16,3228.9
2018-01-17,3257.5
2018-01-18,3285.5
2018-01-19,3269.57
2018-01-22,3301.43
2018-01-23,3287.61
2018-01-24,3299.11
2018-01-25,3317.76
2018-01-26,3282.34
2018-01-29,3266.62
2018-01-30,3261.03
2018-01-31,3274.8
2018-02-01,3292.79
2018-02-02,3263.15
2018-02-05,3256.01
2018-02-06,3200.8
2018-02-07,3224.25
2018-02-08,3185.07
2018-02-09,3141.99
2018-02-12,3174.88
2018-02-13,3218.51
2018-02-14,3228.98
2018-02-15,3239.71
2018-02-16,3225.15
2018-02-19,3224.65
2018-02-20,3246.39
2018-02-21,3318.17
2018-02-22,3341.77
2018-02-26,3365.14
2018-02-27,3349.02
2018-02-28,3284.54
2018-03-01,3286.11
2018-03-02,3273.16
2018-03-05,3302.74
2018-03-06,3293.86
2018-03-07,3276.57
2018-03-09,3306.03
2018-03-12,3315.06
2018-03-13,3317.02
2018-03-14,3253.9
2018-03-15,3249.96
2018-03-16,3281.58
2018-03-19,3263.16
2018-03-20,3276.69
2018-03-21,3302.69
2018-03-22,3268.94
2018-03-23,3268.61
