TRADEDATE ,CLOSE  ,VOLUME
2006-10-11,       ,0
2006-10-12,       ,0
2006-10-13,       ,0
2006-10-16,       ,0
2006-10-17,       ,0
2006-10-18,       ,0
2006-10-19,       ,0
2006-10-20,834.93 ,18
2006-10-23,834.93 ,10
2006-10-24,801.0  ,1027
2006-10-25,765.0  ,2503
2006-10-26,735.0  ,1333
2006-10-27,750.0  ,2439
2006-10-30,711.1  ,392
2006-10-31,748.0  ,176
2006-11-01,730.0  ,1204
2006-11-02,723.01 ,94
2006-11-03,734.99 ,467
2006-11-07,744.0  ,493
2006-11-08,719.0  ,3431
2006-11-09,726.0  ,1754
2006-11-10,720.0  ,2162
2006-11-13,720.25 ,2567
2006-11-14,725.0  ,7046
2006-11-15,725.0  ,694
2006-11-16,722.0  ,762
2006-11-17,718.99 ,945
2006-11-20,717.0  ,339
2006-11-21,715.11 ,492
2006-11-22,715.5  ,700
2006-11-23,720.0  ,2268
2006-11-24,711.5  ,5315
2006-11-27,711.0  ,1875
2006-11-28,712.0  ,1639
2006-11-29,717.0  ,51
2006-11-30,733.0  ,626
2006-12-01,732.0  ,1641
2006-12-04,741.0  ,2334
2006-12-05,746.0  ,2236
2006-12-06,760.0  ,2344
2006-12-07,774.0  ,7452
2006-12-08,760.0  ,3554
2006-12-11,765.0  ,801
2006-12-12,761.1  ,618
2006-12-13,757.0  ,1430
2006-12-14,755.0  ,15
2006-12-15,764.99 ,635
2006-12-18,750.0  ,822
2006-12-19,759.0  ,2619
2006-12-20,759.99 ,1594
2006-12-21,748.01 ,3006
2006-12-22,735.0  ,851
2006-12-25,745.0  ,2682
2006-12-26,754.0  ,649
2006-12-27,763.0  ,990
2006-12-28,763.0  ,3230
2006-12-29,770.0  ,1673
2007-01-09,755.0  ,514
2007-01-10,762.9  ,606
2007-01-11,785.0  ,1194
2007-01-12,752.0  ,1798
2007-01-15,769.61 ,4247
2007-01-16,770.0  ,1131
2007-01-17,759.0  ,11394
2007-01-18,743.0  ,7349
2007-01-19,748.0  ,2056
2007-01-22,740.0  ,1496
2007-01-23,740.0  ,877
2007-01-24,740.0  ,2425
2007-01-25,750.0  ,2052
2007-01-26,749.9  ,277
2007-01-29,741.0  ,5937
2007-01-30,721.26 ,3667
2007-01-31,730.0  ,7410
2007-02-01,738.0  ,2874
2007-02-02,732.0  ,1770
2007-02-05,727.5  ,1260
2007-02-06,727.5  ,2556
2007-02-07,725.0  ,2283
2007-02-08,720.16 ,1416
2007-02-09,722.0  ,895
2007-02-12,719.01 ,2083
2007-02-13,718.0  ,3971
2007-02-14,716.0  ,2724
2007-02-15,716.0  ,3192
2007-02-16,713.6  ,2510
2007-02-19,704.0  ,9611
2007-02-20,698.01 ,4050
2007-02-21,699.0  ,1167
2007-02-22,701.0  ,1189
2007-02-26,701.11 ,2328
2007-02-27,690.0  ,2585
2007-02-28,688.0  ,2244
2007-03-01,669.99 ,1307
2007-03-02,674.9  ,140
2007-03-05,650.0  ,2808
2007-03-06,644.0  ,3493
2007-03-07,649.0  ,124
2007-03-09,660.0  ,2340
2007-03-12,655.0  ,6624
2007-03-13,651.1  ,1877
2007-03-14,643.0  ,1204
2007-03-15,650.0  ,3211
2007-03-16,650.0  ,499
2007-03-19,651.0  ,1302
2007-03-20,645.0  ,1436
2007-03-21,650.0  ,589
2007-03-22,651.98 ,1570
2007-03-23,651.8  ,697
2007-03-26,651.7  ,4169
2007-03-27,647.0  ,1397
2007-03-28,655.0  ,6392
2007-03-29,650.0  ,5348
2007-03-30,649.5  ,556
2007-04-02,646.0  ,619
2007-04-03,635.0  ,13712
2007-04-04,630.0  ,1388
2007-04-05,632.0  ,1187
2007-04-06,637.0  ,3616
2007-04-09,649.0  ,4673
2007-04-10,645.0  ,1663
2007-04-11,643.5  ,1008
2007-04-12,644.82 ,2446
2007-04-13,643.0  ,528
2007-04-16,641.0  ,3066
2007-04-17,622.0  ,2772
2007-04-18,620.0  ,1464
2007-04-19,615.0  ,2118
2007-04-20,620.01 ,2615
2007-04-23,617.99 ,2694
2007-04-24,615.0  ,3245
2007-04-25,616.99 ,12028
2007-04-26,608.0  ,1902
2007-04-27,602.02 ,645
2007-04-28,605.0  ,514
2007-05-02,610.0  ,1912
2007-05-03,610.0  ,1862
2007-05-04,609.0  ,1475
2007-05-07,638.5  ,3243
2007-05-08,634.9  ,2854
2007-05-10,619.0  ,1396
2007-05-11,619.89 ,2386
2007-05-14,609.0  ,2702
2007-05-15,608.0  ,295
2007-05-16,603.05 ,1335
2007-05-17,603.0  ,3262
2007-05-18,603.88 ,1535
2007-05-21,606.0  ,9359
2007-05-22,603.1  ,1106
2007-05-23,602.97 ,1075
2007-05-24,601.0  ,957
2007-05-25,597.0  ,240
2007-05-28,596.2  ,899
2007-05-29,594.0  ,4666
2007-05-30,594.49 ,1172
2007-05-31,600.0  ,586
2007-06-01,600.0  ,667
2007-06-04,595.5  ,1121
2007-06-05,592.5  ,196
2007-06-06,600.0  ,1381
2007-06-07,595.0  ,190
2007-06-08,597.5  ,263
2007-06-09,596.0  ,475
2007-06-13,596.99 ,137
2007-06-14,597.0  ,380
2007-06-15,597.0  ,593
2007-06-18,595.0  ,317
2007-06-19,597.0  ,4246
2007-06-20,595.0  ,6110
2007-06-21,595.0  ,2981
2007-06-22,594.0  ,2578
2007-06-25,599.0  ,6887
2007-06-26,605.25 ,1843
2007-06-27,609.9  ,360
2007-06-28,609.98 ,622
2007-06-29,606.0  ,6510
2007-07-02,607.0  ,255
2007-07-03,613.0  ,3521
2007-07-04,618.0  ,2190
2007-07-05,625.0  ,4512
2007-07-06,645.0  ,9172
2007-07-09,660.0  ,8646
2007-07-10,654.99 ,4277
2007-07-11,651.99 ,1485
2007-07-12,660.0  ,2083
2007-07-13,655.0  ,1225
2007-07-16,653.97 ,4242
2007-07-17,651.99 ,597
2007-07-18,645.0  ,2882
2007-07-19,640.0  ,2646
2007-07-20,644.99 ,8678
2007-07-23,639.9  ,309
2007-07-24,632.0  ,3283
2007-07-25,619.99 ,4038
2007-07-26,640.0  ,3953
2007-07-27,630.0  ,711
2007-07-30,630.0  ,54
2007-07-31,622.99 ,303
2007-08-01,629.99 ,927
2007-08-02,629.9  ,196
2007-08-03,626.0  ,582
2007-08-06,625.0  ,768
2007-08-07,622.0  ,379
2007-08-08,622.11 ,1022
2007-08-09,620.0  ,7263
2007-08-10,619.0  ,8442
2007-08-13,625.0  ,383
2007-08-14,615.0  ,2337
2007-08-15,618.0  ,3154
2007-08-16,617.0  ,1571
2007-08-17,611.98 ,1335
2007-08-20,618.0  ,128
2007-08-21,612.99 ,95
2007-08-22,608.0  ,3860
2007-08-23,609.49 ,3463
2007-08-24,600.0  ,832
2007-08-27,614.0  ,1202
2007-08-28,605.0  ,343
2007-08-29,602.5  ,369
2007-08-30,610.0  ,382
2007-08-31,619.99 ,80
2007-09-03,605.0  ,339
2007-09-04,606.0  ,796
2007-09-05,602.91 ,65
2007-09-06,605.0  ,602
2007-09-07,601.02 ,134
2007-09-10,606.62 ,3400
2007-09-11,600.0  ,1185
2007-09-12,599.9  ,1315
2007-09-13,591.0  ,1173
2007-09-14,599.99 ,758
2007-09-17,599.99 ,104
2007-09-18,602.97 ,1641
2007-09-19,600.0  ,685
2007-09-20,603.77 ,857
2007-09-21,602.99 ,52
2007-09-24,596.0  ,648
2007-09-25,593.39 ,12
2007-09-26,621.0  ,3867
2007-09-27,615.0  ,1789
2007-09-28,660.0  ,4139
2007-10-01,645.87 ,801
2007-10-02,622.5  ,583
2007-10-03,616.0  ,456
2007-10-04,618.99 ,730
2007-10-05,610.0  ,3679
2007-10-08,669.0  ,84892
2007-10-09,665.0  ,16937
2007-10-10,704.0  ,49501
2007-10-11,750.0  ,25455
2007-10-12,785.0  ,42507
2007-10-15,780.0  ,30029
2007-10-16,769.99 ,19467
2007-10-17,777.0  ,6533
2007-10-18,786.0  ,11072
2007-10-19,810.0  ,55920
2007-10-22,827.77 ,34901
2007-10-23,860.0  ,9888
2007-10-24,900.0  ,21330
2007-10-25,880.0  ,14511
2007-10-26,905.46 ,6995
2007-10-29,904.0  ,4359
2007-10-30,899.98 ,2315
2007-10-31,901.5  ,4727
2007-11-01,895.3  ,13335
2007-11-02,896.0  ,2233
2007-11-06,909.0  ,20109
2007-11-07,902.4  ,2100
2007-11-08,908.0  ,6488
2007-11-09,912.0  ,3637
2007-11-12,950.01 ,34062
2007-11-13,945.0  ,3243
2007-11-14,943.99 ,11114
2007-11-15,1000.0 ,10935
2007-11-16,1000.0 ,31213
2007-11-19,960.0  ,10483
2007-11-20,959.5  ,9046
2007-11-21,955.0  ,7420
2007-11-22,950.0  ,8257
2007-11-23,931.05 ,10795
2007-11-26,978.0  ,47299
2007-11-27,970.0  ,6597
2007-11-28,982.0  ,5628
2007-11-29,980.0  ,3706
2007-11-30,1018.0 ,10943
2007-12-03,1035.99,4279
2007-12-04,1016.99,1065
2007-12-05,1060.0 ,5660
2007-12-06,1069.97,10472
2007-12-07,1046.49,4775
2007-12-10,1036.0 ,2406
2007-12-11,1043.95,3372
2007-12-12,1045.0 ,3603
2007-12-13,1040.0 ,4824
2007-12-14,1100.0 ,5897
2007-12-17,1105.0 ,3631
2007-12-18,1139.89,8422
2007-12-19,1140.5 ,2148
2007-12-20,1134.99,2754
2007-12-21,1160.0 ,20739
2007-12-24,1159.0 ,1454
2007-12-25,1150.0 ,6746
2007-12-26,1189.0 ,7283
2007-12-27,1210.0 ,8714
2007-12-28,1234.9 ,11943
2008-01-09,1421.0 ,25785
2008-01-10,1566.1 ,48866
2008-01-11,1600.0 ,14965
2008-01-14,1579.0 ,11383
2008-01-15,1585.0 ,11592
2008-01-16,1494.7 ,12280
2008-01-17,1487.99,3130
2008-01-18,1438.0 ,2424
2008-01-21,1319.99,12996
2008-01-22,1370.0 ,9027
2008-01-23,1302.82,8034
2008-01-24,1418.0 ,8704
2008-01-25,1503.0 ,7133
2008-01-28,1472.5 ,15962
2008-01-29,1525.0 ,7839
2008-01-30,1490.01,1425
2008-01-31,1469.35,6480
2008-02-01,1570.0 ,10204
2008-02-04,1580.0 ,6025
2008-02-05,1597.8 ,26929
2008-02-06,1615.0 ,5806
2008-02-07,1608.0 ,2832
2008-02-08,1612.0 ,1988
2008-02-11,1639.5 ,4311
2008-02-12,1700.0 ,14394
2008-02-13,1750.0 ,10873
2008-02-14,1836.51,15432
2008-02-15,1899.89,18197
2008-02-18,1922.0 ,11063
2008-02-19,1905.0 ,6989
2008-02-20,1863.5 ,3522
2008-02-21,1904.3 ,6726
2008-02-22,1887.0 ,5712
2008-02-26,1915.0 ,23506
2008-02-27,2077.0 ,24564
2008-02-28,2030.01,15218
2008-02-29,2080.0 ,12991
2008-03-03,2059.0 ,5417
2008-03-04,2050.0 ,3386
2008-03-05,2000.03,20163
2008-03-06,1822.0 ,45409
2008-03-07,1794.98,13622
2008-03-11,1723.68,9760
2008-03-12,1819.0 ,24407
2008-03-13,1780.0 ,7328
2008-03-14,1775.0 ,4375
2008-03-17,1750.0 ,10976
2008-03-18,1747.03,8899
2008-03-19,1760.0 ,5327
2008-03-20,1696.0 ,2935
2008-03-21,1680.0 ,5190
2008-03-24,1683.4 ,3830
2008-03-25,1699.0 ,1218
2008-03-26,1698.0 ,2097
2008-03-27,1705.0 ,6393
2008-03-28,1820.0 ,23298
2008-03-31,1870.0 ,11051
2008-04-01,1858.5 ,3703
2008-04-02,1856.89,3082
2008-04-03,1869.0 ,3567
2008-04-04,1930.0 ,17320
2008-04-07,1895.21,9385
2008-04-08,1841.6 ,6565
2008-04-09,1838.0 ,3036
2008-04-10,1844.5 ,3556
2008-04-11,1836.2 ,4495
2008-04-14,1905.0 ,11235
2008-04-15,1977.0 ,24465
2008-04-16,2072.0 ,40809
2008-04-17,2085.0 ,14177
2008-04-18,2084.99,5005
2008-04-21,2089.96,15471
2008-04-22,2080.0 ,5089
2008-04-23,2187.0 ,23842
2008-04-24,2138.0 ,14162
2008-04-25,2196.97,13531
2008-04-28,2276.0 ,15428
2008-04-29,2294.98,11629
2008-04-30,2284.0 ,15706
2008-05-04,2394.99,48344
2008-05-05,2417.99,7065
2008-05-06,2491.0 ,17310
2008-05-07,2575.01,17455
2008-05-12,2579.0 ,13991
2008-05-13,2560.0 ,7434
2008-05-14,2485.1 ,13789
2008-05-15,2470.0 ,11851
2008-05-16,2580.0 ,13126
2008-05-19,2570.0 ,8493
2008-05-20,2536.99,3158
2008-05-21,2529.0 ,6049
2008-05-22,2510.0 ,2058
2008-05-23,2460.0 ,15087
2008-05-26,2454.0 ,2205
2008-05-27,2540.0 ,9410
2008-05-28,2585.0 ,9037
2008-05-29,2597.0 ,8001
2008-05-30,2630.0 ,8209
2008-06-02,2700.02,30830
2008-06-03,2719.0 ,9378
2008-06-04,2689.0 ,21785
2008-06-05,2685.0 ,3441
2008-06-06,2794.99,30214
2008-06-07,2809.0 ,6249
2008-06-09,2799.3 ,3357
2008-06-10,2814.0 ,11485
2008-06-11,2830.0 ,8362
2008-06-16,2820.0 ,15792
2008-06-17,2867.0 ,12487
2008-06-18,2850.0 ,22613
2008-06-19,2832.94,4955
2008-06-20,2780.0 ,8747
2008-06-23,2729.99,3326
2008-06-24,2666.0 ,11794
2008-06-25,2700.0 ,10878
2008-06-26,2712.0 ,10241
2008-06-27,2695.0 ,7276
2008-06-30,2900.0 ,76367
2008-07-01,2815.0 ,25665
2008-07-02,2859.99,20798
2008-07-03,2875.0 ,55750
2008-07-04,2977.87,77972
2008-07-07,2985.0 ,29193
2008-07-08,2880.0 ,58611
2008-07-09,2893.9 ,25422
2008-07-10,2885.0 ,7624
2008-07-11,2882.0 ,16852
2008-07-14,2860.0 ,19823
2008-07-15,2860.0 ,17226
2008-07-16,2855.0 ,6932
2008-07-17,2831.0 ,7583
2008-07-18,2785.0 ,13263
2008-07-21,2739.0 ,12860
2008-07-22,2800.0 ,70655
2008-07-23,2716.96,27770
2008-07-24,2550.0 ,16768
2008-07-25,2320.03,28395
2008-07-28,2299.99,14502
2008-07-29,1984.99,24495
2008-07-30,1997.0 ,13656
2008-07-31,2189.0 ,27551
2008-08-01,2228.0 ,16373
2008-08-04,2209.99,17064
2008-08-05,2111.97,17597
2008-08-06,2089.99,14456
2008-08-07,2094.0 ,9150
2008-08-08,2037.0 ,8261
2008-08-11,2050.0 ,8278
2008-08-12,2023.0 ,17685
2008-08-13,2016.0 ,10013
2008-08-14,2071.58,5525
2008-08-15,2064.0 ,3302
2008-08-18,2052.0 ,1936
2008-08-19,1940.0 ,7627
2008-08-20,1989.0 ,3782
2008-08-21,1925.0 ,5419
2008-08-22,1862.19,5459
2008-08-25,1794.0 ,3705
2008-08-26,1650.0 ,16068
2008-08-27,1639.0 ,7048
2008-08-28,1680.0 ,7931
2008-08-29,1731.0 ,6670
2008-09-01,1770.11,3921
2008-09-02,1775.0 ,15831
2008-09-03,1730.5 ,9135
2008-09-04,1630.0 ,7874
2008-09-05,1529.0 ,23436
2008-09-08,1540.0 ,7945
2008-09-09,1410.0 ,11351
2008-09-10,1263.99,4519
2008-09-11,1221.01,8969
2008-09-12,1318.01,6233
2008-09-15,1230.0 ,3903
2008-09-16,850.0  ,6441
2008-09-17,997.01 ,6443
2008-09-18,       ,0
2008-09-19,1350.01,9058
2008-09-22,1369.9 ,5449
2008-09-23,1221.01,5420
2008-09-24,1200.0 ,6159
2008-09-25,1148.0 ,5427
2008-09-26,1080.0 ,5542
2008-09-29,980.0  ,10050
2008-09-30,999.97 ,14961
2008-10-01,930.0  ,16782
2008-10-02,905.0  ,6625
2008-10-03,910.99 ,8574
2008-10-06,735.0  ,17486
2008-10-07,705.0  ,6137
2008-10-08,641.0  ,2074
2008-10-09,703.1  ,8099
2008-10-10,       ,0
2008-10-13,715.0  ,8311
2008-10-14,722.47 ,10300
2008-10-15,653.0  ,5425
2008-10-16,522.99 ,10967
2008-10-17,       ,0
2008-10-20,552.0  ,4557
2008-10-21,565.04 ,9718
2008-10-22,540.0  ,3327
2008-10-23,530.01 ,3140
2008-10-24,436.8  ,4770
2008-10-27,       ,0
2008-10-28,417.0  ,9155
2008-10-29,400.0  ,18158
2008-10-30,434.5  ,31332
2008-10-31,455.0  ,6198
2008-11-01,514.98 ,20264
2008-11-05,516.0  ,18927
2008-11-06,456.08 ,9825
2008-11-07,449.98 ,9658
2008-11-10,450.0  ,24901
2008-11-11,406.9  ,15727
2008-11-12,       ,0
2008-11-13,362.0  ,10788
2008-11-14,328.0  ,19106
2008-11-17,312.98 ,8715
2008-11-18,290.0  ,12865
2008-11-19,275.52 ,8877
2008-11-20,240.0  ,16710
2008-11-21,221.0  ,33943
2008-11-24,252.26 ,36490
2008-11-25,256.99 ,15047
2008-11-26,250.1  ,8887
2008-11-27,276.68 ,13951
2008-11-28,302.7  ,103437
2008-12-01,282.7  ,47296
2008-12-02,276.12 ,52837
2008-12-03,272.99 ,16240
2008-12-04,273.0  ,13047
2008-12-05,259.95 ,28026
2008-12-08,310.0  ,57696
2008-12-09,311.99 ,58485
2008-12-10,330.5  ,35493
2008-12-11,351.0  ,117434
2008-12-12,332.0  ,35844
2008-12-15,331.53 ,27807
2008-12-16,333.98 ,10201
2008-12-17,335.0  ,44703
2008-12-18,323.0  ,11559
2008-12-19,329.93 ,16033
2008-12-22,342.89 ,18362
2008-12-23,353.77 ,35675
2008-12-24,350.11 ,20224
2008-12-25,328.0  ,12737
2008-12-26,312.58 ,43550
2008-12-29,307.97 ,27699
2008-12-30,294.0  ,13486
2008-12-31,300.0  ,9115
2009-01-11,312.0  ,14946
2009-01-12,322.0  ,11016
2009-01-13,332.92 ,28008
2009-01-14,327.0  ,122149
2009-01-15,323.0  ,36724
2009-01-16,334.39 ,15531
2009-01-19,320.0  ,22405
2009-01-20,311.0  ,12497
2009-01-21,308.16 ,13399
2009-01-22,300.0  ,7613
2009-01-23,285.21 ,9760
2009-01-26,308.5  ,14713
2009-01-27,324.7  ,69107
2009-01-28,350.0  ,60527
2009-01-29,359.69 ,52048
2009-01-30,356.5  ,29266
2009-02-02,386.0  ,49761
2009-02-03,413.85 ,73453
2009-02-04,418.01 ,79685
2009-02-05,394.0  ,76382
2009-02-06,403.75 ,73513
2009-02-09,431.35 ,99773
2009-02-10,450.02 ,99742
2009-02-11,465.0  ,77105
2009-02-12,452.0  ,59986
2009-02-13,475.0  ,40605
2009-02-16,513.0  ,118835
2009-02-17,469.89 ,76978
2009-02-18,474.0  ,94899
2009-02-19,491.0  ,33134
2009-02-20,474.99 ,20160
2009-02-24,464.2  ,14173
2009-02-25,463.1  ,7728
2009-02-26,490.0  ,20541
2009-02-27,494.0  ,33168
2009-03-02,470.15 ,18355
2009-03-03,473.4  ,14457
2009-03-04,498.98 ,65320
2009-03-05,490.0  ,27938
2009-03-06,519.0  ,53153
2009-03-10,586.01 ,82684
2009-03-11,557.97 ,91277
2009-03-12,560.0  ,49854
2009-03-13,569.97 ,39397
2009-03-16,567.0  ,15547
2009-03-17,562.0  ,20664
2009-03-18,541.96 ,11621
2009-03-19,549.9  ,20051
2009-03-20,553.96 ,25602
2009-03-23,577.11 ,37405
2009-03-24,557.27 ,33223
2009-03-25,585.0  ,85742
2009-03-26,580.0  ,27251
2009-03-27,565.49 ,15810
2009-03-30,510.0  ,34129
2009-03-31,544.85 ,23844
2009-04-01,560.0  ,57172
2009-04-02,569.8  ,28665
2009-04-03,568.9  ,11107
2009-04-06,565.0  ,44974
2009-04-07,544.04 ,26720
2009-04-08,548.1  ,32089
2009-04-09,553.32 ,83278
2009-04-10,561.01 ,59885
2009-04-13,533.7  ,57984
2009-04-14,536.0  ,75963
2009-04-15,538.8  ,57293
2009-04-16,538.99 ,35851
2009-04-17,557.95 ,102836
2009-04-20,529.48 ,59096
2009-04-21,541.74 ,39368
2009-04-22,554.99 ,46523
2009-04-23,554.99 ,25871
2009-04-24,596.95 ,189913
2009-04-27,599.99 ,69308
2009-04-28,575.0  ,39108
2009-04-29,619.0  ,165257
2009-04-30,619.0  ,45365
2009-05-04,634.0  ,81166
2009-05-05,655.0  ,120409
2009-05-06,656.0  ,39096
2009-05-07,660.0  ,136963
2009-05-08,665.0  ,48564
2009-05-12,680.9  ,62870
2009-05-13,699.0  ,218498
2009-05-14,694.99 ,49332
2009-05-15,740.1  ,85736
2009-05-18,750.0  ,26351
2009-05-19,767.0  ,49994
2009-05-20,775.0  ,39069
2009-05-21,753.99 ,34254
2009-05-22,771.0  ,24711
2009-05-25,768.0  ,13166
2009-05-26,763.0  ,34610
2009-05-27,805.0  ,57380
2009-05-28,786.5  ,16488
2009-05-29,845.0  ,48640
2009-06-01,949.65 ,53892
2009-06-02,920.0  ,27531
2009-06-03,855.0  ,33295
2009-06-04,895.0  ,31510
2009-06-05,889.48 ,17645
2009-06-08,877.76 ,4841
2009-06-09,869.99 ,8861
2009-06-10,868.5  ,17654
2009-06-11,864.99 ,12205
2009-06-15,847.7  ,10561
2009-06-16,860.99 ,22230
2009-06-17,787.98 ,19600
2009-06-18,753.0  ,59297
2009-06-19,755.12 ,10324
2009-06-22,720.0  ,12776
2009-06-23,708.0  ,61718
2009-06-24,733.0  ,14393
2009-06-25,728.0  ,11306
2009-06-26,714.09 ,9694
2009-06-29,717.01 ,5676
2009-06-30,711.7  ,10293
2009-07-01,727.0  ,4242
2009-07-02,717.89 ,4063
2009-07-03,724.98 ,9340
2009-07-06,695.0  ,13789
2009-07-07,684.0  ,13732
2009-07-08,664.0  ,3918
2009-07-09,673.34 ,21794
2009-07-10,654.99 ,32805
2009-07-13,660.0  ,10717
2009-07-14,647.0  ,11852
2009-07-15,654.07 ,22516
2009-07-16,640.0  ,23440
2009-07-17,650.5  ,22854
2009-07-20,681.0  ,32100
2009-07-21,730.06 ,42335
2009-07-22,720.0  ,27044
2009-07-23,756.5  ,22331
2009-07-24,764.29 ,20786
2009-07-27,772.0  ,6636
2009-07-28,743.3  ,32845
2009-07-29,745.0  ,33710
2009-07-30,770.0  ,8593
2009-07-31,798.99 ,17147
2009-08-03,832.0  ,18815
2009-08-04,827.0  ,12286
2009-08-05,835.0  ,11331
2009-08-06,822.99 ,7956
2009-08-07,819.89 ,7596
2009-08-10,856.0  ,27161
2009-08-11,825.0  ,10866
2009-08-12,832.0  ,16761
2009-08-13,842.6  ,10511
2009-08-14,811.89 ,12698
2009-08-17,762.99 ,36938
2009-08-18,770.0  ,21500
2009-08-19,767.0  ,16473
2009-08-20,773.0  ,2429
2009-08-21,789.97 ,6309
2009-08-24,815.5  ,32466
2009-08-25,795.0  ,19456
2009-08-26,795.0  ,15362
2009-08-27,771.14 ,6449
2009-08-28,784.46 ,11881
2009-08-31,760.0  ,9068
2009-09-01,761.02 ,22173
2009-09-02,742.51 ,20438
2009-09-03,747.15 ,13832
2009-09-04,747.99 ,24334
2009-09-07,789.0  ,19328
2009-09-08,824.5  ,74151
2009-09-09,805.0  ,26582
2009-09-10,787.9  ,12088
2009-09-11,786.0  ,24096
2009-09-14,793.0  ,15732
2009-09-15,808.1  ,48341
2009-09-16,804.99 ,23377
2009-09-17,808.12 ,28116
2009-09-18,814.0  ,16891
2009-09-21,804.0  ,37397
2009-09-22,841.44 ,27222
2009-09-23,830.0  ,19140
2009-09-24,808.0  ,14361
2009-09-25,830.1  ,24268
2009-09-28,830.97 ,3903
2009-09-29,839.99 ,9585
2009-09-30,821.99 ,9992
2009-10-01,825.0  ,23192
2009-10-02,799.99 ,51448
2009-10-05,807.0  ,12037
2009-10-06,814.99 ,7229
2009-10-07,816.98 ,13189
2009-10-08,821.0  ,25348
2009-10-09,825.0  ,18229
2009-10-12,841.97 ,32820
2009-10-13,812.0  ,69757
2009-10-14,838.8  ,65104
2009-10-15,808.0  ,35626
2009-10-16,810.12 ,25009
2009-10-19,818.0  ,13207
2009-10-20,839.99 ,27409
2009-10-21,838.0  ,30122
2009-10-22,825.3  ,49619
2009-10-23,994.0  ,335986
2009-10-26,954.8  ,121410
2009-10-27,910.11 ,77757
2009-10-28,841.89 ,73434
2009-10-29,880.0  ,55136
2009-10-30,858.99 ,38081
2009-11-02,868.0  ,15672
2009-11-03,853.0  ,11500
2009-11-05,870.0  ,34940
2009-11-06,874.9  ,45156
2009-11-09,919.3  ,55925
2009-11-10,897.0  ,34651
2009-11-11,896.0  ,30466
2009-11-12,882.58 ,22462
2009-11-13,870.0  ,10066
2009-11-16,890.0  ,29262
2009-11-17,885.23 ,19397
2009-11-18,896.5  ,36284
2009-11-19,899.0  ,26183
2009-11-20,894.0  ,12707
2009-11-23,901.89 ,24672
2009-11-24,884.0  ,22041
2009-11-25,874.01 ,13319
2009-11-26,830.0  ,33984
2009-11-27,846.03 ,43482
2009-11-30,862.98 ,19656
2009-12-01,901.0  ,36630
2009-12-02,899.97 ,110994
2009-12-03,880.21 ,33875
2009-12-04,890.0  ,8662
2009-12-07,876.99 ,9953
2009-12-08,856.83 ,15235
2009-12-09,859.0  ,9823
2009-12-10,864.56 ,20190
2009-12-11,867.63 ,14457
2009-12-14,868.49 ,5211
2009-12-15,870.77 ,14877
2009-12-16,881.99 ,20936
2009-12-17,871.0  ,12927
2009-12-18,864.0  ,12872
2009-12-21,860.9  ,19441
2009-12-22,857.57 ,11518
2009-12-23,848.23 ,5658
2009-12-24,829.99 ,8031
2009-12-25,824.32 ,11181
2009-12-28,831.67 ,7468
2009-12-29,839.8  ,9813
2009-12-30,857.0  ,19492
2009-12-31,860.0  ,1147
2010-01-11,904.0  ,47817
2010-01-12,905.45 ,10339
2010-01-13,958.01 ,128157
2010-01-14,967.0  ,74271
2010-01-15,976.0  ,48472
2010-01-18,978.48 ,12270
2010-01-19,966.55 ,18032
2010-01-20,1015.0 ,129876
2010-01-21,994.99 ,84181
2010-01-22,977.55 ,51692
2010-01-25,977.79 ,20523
2010-01-26,951.0  ,27573
2010-01-27,960.0  ,32842
2010-01-28,974.95 ,41235
2010-01-29,977.0  ,58820
2010-02-01,996.1  ,28994
2010-02-02,1007.95,14897
2010-02-03,1019.99,102261
2010-02-04,981.0  ,25168
2010-02-05,967.21 ,41503
2010-02-08,954.25 ,24539
2010-02-09,951.0  ,10640
2010-02-10,942.0  ,26053
2010-02-11,980.0  ,17959
2010-02-12,967.8  ,16969
2010-02-15,974.87 ,3528
2010-02-16,1000.0 ,35528
2010-02-17,1017.0 ,33216
2010-02-18,1028.0 ,49462
2010-02-19,1011.01,14063
2010-02-24,1019.99,16353
2010-02-25,1004.49,15825
2010-02-26,1042.04,15376
2010-02-27,1098.99,35382
2010-03-01,1095.03,46012
2010-03-02,1080.0 ,44768
2010-03-03,1100.0 ,27037
2010-03-04,1085.04,28630
2010-03-05,1113.0 ,20438
2010-03-09,1100.0 ,9203
2010-03-10,1090.0 ,11670
2010-03-11,1120.02,28347
2010-03-12,1150.42,41823
2010-03-15,1137.93,15117
2010-03-16,1133.0 ,28742
2010-03-17,1139.89,14153
2010-03-18,1135.5 ,13392
2010-03-19,1110.0 ,19504
2010-03-22,1103.0 ,14413
2010-03-23,1100.0 ,16696
2010-03-24,1085.0 ,11568
2010-03-25,1073.0 ,16978
2010-03-26,1088.0 ,10665
2010-03-29,1100.55,27943
2010-03-30,1081.15,23717
2010-03-31,1091.0 ,27859
2010-04-01,1090.0 ,38892
2010-04-02,1086.0 ,24704
2010-04-05,1153.0 ,91942
2010-04-06,1145.9 ,47907
2010-04-07,1130.0 ,67658
2010-04-08,1114.0 ,93823
2010-04-09,1153.2 ,101332
2010-04-12,1130.0 ,62560
2010-04-13,1110.0 ,12657
2010-04-14,1115.0 ,52133
2010-04-15,1087.0 ,44155
2010-04-16,1054.01,39331
2010-04-19,1024.19,43645
2010-04-20,1035.01,26931
2010-04-21,1014.0 ,15270
2010-04-22,987.0  ,22726
2010-04-23,999.99 ,22075
2010-04-26,1014.42,8604
2010-04-27,999.0  ,40598
2010-04-28,969.12 ,19682
2010-04-29,986.02 ,11022
2010-04-30,974.95 ,9713
2010-05-04,930.35 ,32843
2010-05-05,875.0  ,47634
2010-05-06,851.1  ,46487
2010-05-07,815.0  ,31696
2010-05-11,818.99 ,26359
2010-05-12,875.0  ,63720
2010-05-13,863.24 ,21432
2010-05-14,839.0  ,34582
2010-05-17,824.8  ,33802
2010-05-18,854.98 ,111356
2010-05-19,828.42 ,26859
2010-05-20,772.1  ,28233
2010-05-21,752.09 ,46126
2010-05-24,769.89 ,13208
2010-05-25,724.97 ,25367
2010-05-26,764.0  ,44360
2010-05-27,790.0  ,38649
2010-05-28,786.0  ,25651
2010-05-31,790.06 ,20508
2010-06-01,777.85 ,61769
2010-06-02,783.4  ,50792
2010-06-03,804.39 ,58919
2010-06-04,797.0  ,50709
2010-06-07,789.0  ,23890
2010-06-08,772.99 ,33143
2010-06-09,785.98 ,7951
2010-06-10,781.7  ,20954
2010-06-11,777.0  ,7705
2010-06-15,812.0  ,23892
2010-06-16,815.44 ,23829
2010-06-17,832.05 ,68030
2010-06-18,828.0  ,29900
2010-06-21,847.99 ,45270
2010-06-22,837.0  ,25441
2010-06-23,829.99 ,41750
2010-06-24,819.49 ,14676
2010-06-25,807.0  ,13948
2010-06-28,816.89 ,13006
2010-06-29,776.79 ,39844
2010-06-30,774.8  ,18932
2010-07-01,754.99 ,36685
2010-07-02,768.01 ,19726
2010-07-05,770.0  ,8768
2010-07-06,784.13 ,12930
2010-07-07,784.0  ,8119
2010-07-08,780.0  ,8915
2010-07-09,784.97 ,6120
2010-07-12,785.71 ,21888
2010-07-13,793.5  ,27029
2010-07-14,785.11 ,16072
2010-07-15,779.84 ,20035
2010-07-16,775.0  ,30680
2010-07-19,778.93 ,17285
2010-07-20,777.0  ,6495
2010-07-21,788.99 ,47988
2010-07-22,790.0  ,8882
2010-07-23,802.89 ,42339
2010-07-26,810.0  ,10828
2010-07-27,808.98 ,41767
2010-07-28,802.6  ,30665
2010-07-29,812.08 ,48973
2010-07-30,809.88 ,16126
2010-08-02,855.1  ,75293
2010-08-03,849.0  ,61397
2010-08-04,856.0  ,29167
2010-08-05,850.05 ,17827
2010-08-06,866.01 ,32927
2010-08-09,914.98 ,158258
2010-08-10,921.9  ,159879
2010-08-11,893.0  ,95269
2010-08-12,902.0  ,44750
2010-08-13,902.0  ,10204
2010-08-16,908.0  ,14384
2010-08-17,947.98 ,97296
2010-08-18,959.89 ,39774
2010-08-19,945.99 ,36785
2010-08-20,940.0  ,33131
2010-08-23,934.1  ,12938
2010-08-24,923.89 ,16013
2010-08-25,898.0  ,19430
2010-08-26,909.0  ,19045
2010-08-27,913.79 ,6886
2010-08-30,901.5  ,8922
2010-08-31,900.53 ,31360
2010-09-01,905.0  ,24354
2010-09-02,906.01 ,20394
2010-09-03,908.9  ,8643
2010-09-06,915.0  ,14644
2010-09-07,911.0  ,9962
2010-09-08,925.01 ,25333
2010-09-09,922.25 ,20128
2010-09-10,927.5  ,12252
2010-09-13,922.62 ,9668
2010-09-14,910.0  ,15860
2010-09-15,905.11 ,18186
2010-09-16,909.0  ,20157
2010-09-17,905.1  ,12457
2010-09-20,903.45 ,7781
2010-09-21,906.0  ,2310
2010-09-22,902.93 ,6460
2010-09-23,902.98 ,6331
2010-09-24,896.29 ,9756
2010-09-27,876.87 ,25310
2010-09-28,876.0  ,13296
2010-09-29,910.11 ,69807
2010-09-30,920.0  ,32159
2010-10-01,925.0  ,15127
2010-10-04,944.0  ,52676
2010-10-05,930.7  ,18703
2010-10-06,908.0  ,36712
2010-10-07,900.0  ,42032
2010-10-08,904.0  ,4920
2010-10-11,907.0  ,32907
2010-10-12,906.97 ,19397
2010-10-13,912.49 ,21263
2010-10-14,912.01 ,13421
2010-10-15,914.5  ,27966
2010-10-18,918.0  ,20590
2010-10-19,916.18 ,68404
2010-10-20,928.99 ,24073
2010-10-21,930.01 ,28856
2010-10-22,936.0  ,35836
2010-10-25,924.9  ,32983
2010-10-26,907.99 ,73535
2010-10-27,905.95 ,33341
2010-10-28,901.03 ,17415
2010-10-29,896.32 ,36422
2010-11-01,901.5  ,20469
2010-11-02,895.0  ,22700
2010-11-03,925.0  ,194161
2010-11-08,923.0  ,90482
2010-11-09,923.77 ,65813
2010-11-10,916.01 ,22149
2010-11-11,914.76 ,23021
2010-11-12,903.0  ,8008
2010-11-13,915.01 ,12342
2010-11-15,920.5  ,12227
2010-11-16,911.11 ,12714
2010-11-17,923.0  ,18161
2010-11-18,935.0  ,69078
2010-11-19,933.0  ,28676
2010-11-22,933.0  ,50287
2010-11-23,929.3  ,28030
2010-11-24,935.5  ,12309
2010-11-25,931.63 ,13345
2010-11-26,930.01 ,9645
2010-11-29,952.04 ,172639
2010-11-30,952.5  ,40445
2010-12-01,977.39 ,76136
2010-12-02,982.0  ,50917
2010-12-03,979.98 ,46019
2010-12-06,1003.0 ,86063
2010-12-07,994.78 ,46235
2010-12-08,983.34 ,22763
2010-12-09,986.0  ,27969
2010-12-10,997.5  ,30198
2010-12-13,1005.99,32295
2010-12-14,1042.5 ,103936
2010-12-15,1081.0 ,151377
2010-12-16,1120.01,164476
2010-12-17,1115.99,83482
2010-12-20,1098.76,53405
2010-12-21,1106.95,51178
2010-12-22,1120.01,39422
2010-12-23,1112.97,13902
2010-12-24,1108.14,16579
2010-12-27,1086.0 ,21458
2010-12-28,1094.14,11869
2010-12-29,1111.48,17764
2010-12-30,1136.01,104200
2011-01-11,1200.01,156413
2011-01-12,1188.0 ,80036
2011-01-13,1165.0 ,25032
2011-01-14,1220.0 ,104708
2011-01-17,1248.01,151884
2011-01-18,1277.8 ,115164
2011-01-19,1341.18,163180
2011-01-20,1315.0 ,68848
2011-01-21,1349.71,199791
2011-01-24,1368.99,198738
2011-01-25,1360.0 ,51992
2011-01-26,1387.0 ,87845
2011-01-27,1410.01,75951
2011-01-28,1383.05,32991
2011-01-31,1376.5 ,69958
2011-02-01,1398.93,35142
2011-02-02,1413.0 ,55221
2011-02-03,1374.82,26132
2011-02-04,1353.0 ,13224
2011-02-07,1305.0 ,48148
2011-02-08,1279.91,39763
2011-02-09,1260.0 ,51920
2011-02-10,1231.0 ,21472
2011-02-11,1269.97,66510
2011-02-14,1339.98,110272
2011-02-15,1362.0 ,90710
2011-02-16,1350.04,41557
2011-02-17,1303.02,64411
2011-02-18,1314.09,50354
2011-02-21,1318.0 ,20512
2011-02-22,1296.51,28247
2011-02-24,1269.0 ,12961
2011-02-25,1344.98,45220
2011-02-28,1359.0 ,80441
2011-03-01,1341.0 ,54990
2011-03-02,1337.0 ,8778
2011-03-03,1325.2 ,13263
2011-03-04,1312.0 ,9406
2011-03-05,1324.5 ,9281
2011-03-09,1298.6 ,19541
2011-03-10,1255.0 ,20149
2011-03-11,1230.0 ,10893
2011-03-14,1209.4 ,28121
2011-03-15,1140.0 ,85813
2011-03-16,1154.1 ,67709
2011-03-17,1210.0 ,42043
2011-03-18,1265.0 ,148967
2011-03-21,1247.0 ,43503
2011-03-22,1232.0 ,12841
2011-03-23,1243.0 ,12606
2011-03-24,1243.0 ,122509
2011-03-25,1232.2 ,42996
2011-03-28,1231.0 ,21196
2011-03-29,1227.4 ,45198
2011-03-30,1228.0 ,55323
2011-03-31,1237.9 ,27489
2011-04-01,1246.0 ,166576
2011-04-04,1254.9 ,69763
2011-04-05,1255.0 ,23475
2011-04-06,1260.9 ,59328
2011-04-07,1255.1 ,19950
2011-04-08,1247.0 ,59227
2011-04-11,1243.6 ,49939
2011-04-12,1240.0 ,91662
2011-04-13,1240.0 ,34161
2011-04-14,1239.0 ,53448
2011-04-15,1245.0 ,73025
2011-04-18,1220.0 ,89634
2011-04-19,1250.0 ,62363
2011-04-20,1269.8 ,148541
2011-04-21,1295.0 ,87873
2011-04-22,1299.0 ,67823
2011-04-25,1290.1 ,115014
2011-04-26,1290.0 ,45325
2011-04-27,1285.0 ,76027
2011-04-28,1290.0 ,95032
2011-04-29,1290.0 ,61759
2011-05-03,1265.0 ,87654
2011-05-04,1267.3 ,66075
2011-05-05,1260.0 ,143670
2011-05-06,1250.0 ,44418
2011-05-10,1242.9 ,31048
2011-05-11,1245.0 ,20074
2011-05-12,1233.9 ,70209
2011-05-13,1235.0 ,13657
2011-05-16,1227.0 ,36222
2011-05-17,1229.8 ,26822
2011-05-18,1237.0 ,61447
2011-05-19,1235.0 ,110625
2011-05-20,1222.0 ,23876
2011-05-23,1194.0 ,87787
2011-05-24,1189.9 ,36401
2011-05-25,1190.0 ,10288
2011-05-26,1179.0 ,18519
2011-05-27,1185.1 ,13975
2011-05-30,1188.0 ,7165
2011-05-31,1199.9 ,22580
2011-06-01,1186.0 ,14332
2011-06-02,1194.0 ,12423
2011-06-03,1195.0 ,9189
2011-06-06,1205.0 ,19353
2011-06-07,1226.4 ,45974
2011-06-08,1259.9 ,31291
2011-06-09,1274.0 ,48306
2011-06-10,1282.0 ,28499
2011-06-14,1297.9 ,37051
2011-06-15,1295.0 ,24808
2011-06-16,1293.9 ,36628
2011-06-17,1280.0 ,20758
2011-06-20,1283.1 ,25375
2011-06-21,1297.1 ,47691
2011-06-22,1308.5 ,38040
2011-06-23,1295.0 ,14946
2011-06-24,1296.5 ,21076
2011-06-27,1275.9 ,12245
2011-06-28,1296.3 ,20088
2011-06-29,1315.0 ,59039
2011-06-30,1334.4 ,18388
2011-07-01,1339.2 ,79950
2011-07-04,1345.0 ,22460
2011-07-05,1351.0 ,18700
2011-07-06,1340.1 ,34857
2011-07-07,1361.3 ,43468
2011-07-08,1355.4 ,66390
2011-07-11,1345.0 ,15084
2011-07-12,1353.0 ,13067
2011-07-13,1382.8 ,28974
2011-07-14,1420.0 ,94965
2011-07-15,1495.9 ,91024
2011-07-18,1476.7 ,31338
2011-07-19,1470.0 ,30047
2011-07-20,1462.0 ,15241
2011-07-21,1461.2 ,28044
2011-07-22,1480.0 ,26641
2011-07-25,1500.0 ,17551
2011-07-26,1490.9 ,4261
2011-07-27,1537.9 ,27723
2011-07-28,1539.9 ,11788
2011-07-29,1529.0 ,12762
2011-08-01,1520.0 ,8826
2011-08-02,1475.0 ,25703
2011-08-03,1410.0 ,29564
2011-08-04,1327.0 ,68694
2011-08-05,1259.9 ,65051
2011-08-08,1190.0 ,34095
2011-08-09,1160.0 ,92709
2011-08-10,1159.1 ,46867
2011-08-11,1125.0 ,47859
2011-08-12,1199.0 ,40535
2011-08-15,1249.5 ,22428
2011-08-16,1235.3 ,13558
2011-08-17,1250.0 ,14985
2011-08-18,1193.9 ,36081
2011-08-19,1166.9 ,63924
2011-08-22,1207.8 ,32772
2011-08-23,1237.4 ,21742
2011-08-24,1284.1 ,34591
2011-08-25,1325.0 ,54753
2011-08-26,1342.0 ,25124
2011-08-29,1392.6 ,24859
2011-08-30,1375.0 ,27577
2011-08-31,1364.8 ,45174
2011-09-01,1368.7 ,34545
2011-09-02,1338.0 ,31342
2011-09-05,1310.0 ,12953
2011-09-06,1355.0 ,59954
2011-09-07,1378.3 ,35290
2011-09-08,1385.0 ,11919
2011-09-09,1365.0 ,22296
2011-09-12,1357.0 ,24540
2011-09-13,1348.9 ,67775
2011-09-14,1352.0 ,33271
2011-09-15,1350.0 ,24928
2011-09-16,1335.0 ,13335
2011-09-19,1300.1 ,19325
2011-09-20,1350.1 ,27410
2011-09-21,1365.0 ,17652
2011-09-22,1251.7 ,71687
2011-09-23,1150.0 ,66514
2011-09-26,1151.5 ,35904
2011-09-27,1180.0 ,17197
2011-09-28,1166.0 ,26170
2011-09-29,1177.5 ,19785
2011-09-30,1130.0 ,47054
2011-10-03,1068.0 ,46793
2011-10-04,1002.9 ,46189
2011-10-05,1040.0 ,14527
2011-10-06,1090.0 ,26024
2011-10-07,1128.0 ,45881
2011-10-10,1162.0 ,11294
2011-10-11,1151.0 ,16546
2011-10-12,1185.5 ,47509
2011-10-13,1190.0 ,51296
2011-10-14,1192.0 ,23072
2011-10-17,1196.3 ,19846
2011-10-18,1204.0 ,15058
2011-10-19,1212.5 ,26921
2011-10-20,1208.0 ,23732
2011-10-21,1214.7 ,21791
2011-10-24,1241.0 ,15784
2011-10-25,1245.0 ,12552
2011-10-26,1260.0 ,27749
2011-10-27,1275.9 ,62162
2011-10-28,1260.0 ,28320
2011-10-31,1256.2 ,8991
2011-11-01,1190.0 ,17378
2011-11-02,1204.9 ,9674
2011-11-03,1233.0 ,20253
2011-11-07,1250.0 ,8299
2011-11-08,1257.9 ,14497
2011-11-09,1241.9 ,16708
2011-11-10,1245.0 ,46208
2011-11-11,1259.2 ,9638
2011-11-14,1294.2 ,55888
2011-11-15,1370.0 ,71704
2011-11-16,1380.1 ,68525
2011-11-17,1410.0 ,70588
2011-11-18,1374.1 ,22155
2011-11-21,1380.3 ,27885
2011-11-22,1438.0 ,60517
2011-11-23,1480.3 ,62761
2011-11-24,1484.9 ,45662
2011-11-25,1481.9 ,13703
2011-11-28,1544.7 ,40668
2011-11-29,1582.2 ,34098
2011-11-30,1587.0 ,26664
2011-12-01,1514.8 ,36496
2011-12-02,1430.0 ,45728
2011-12-05,1434.9 ,14855
2011-12-06,1389.9 ,44349
2011-12-07,1345.4 ,17241
2011-12-08,1371.5 ,64080
2011-12-09,1345.0 ,15763
2011-12-12,1280.0 ,24672
2011-12-13,1286.5 ,37561
2011-12-14,1268.0 ,21242
2011-12-15,1270.0 ,23662
2011-12-16,1269.0 ,22820
2011-12-19,1258.7 ,6382
2011-12-20,1280.0 ,11760
2011-12-21,1330.0 ,19229
2011-12-22,1299.9 ,40546
2011-12-23,1349.0 ,42221
2011-12-26,1364.8 ,2812
2011-12-27,1353.1 ,5289
2011-12-28,1327.0 ,21820
2011-12-29,1334.5 ,18803
2011-12-30,1331.5 ,8427
2012-01-03,1362.9 ,13447
2012-01-04,1334.5 ,7542
2012-01-05,1315.0 ,5663
2012-01-06,1325.8 ,4086
2012-01-09,1319.9 ,3821
2012-01-10,1357.0 ,22332
2012-01-11,1351.7 ,10462
2012-01-12,1354.0 ,47552
2012-01-13,1329.9 ,34972
2012-01-16,1333.9 ,21396
2012-01-17,1335.2 ,30735
2012-01-18,1340.0 ,7413
2012-01-19,1381.2 ,18099
2012-01-20,1379.0 ,18095
2012-01-23,1380.0 ,13991
2012-01-24,1405.6 ,30487
2012-01-25,1415.0 ,15207
2012-01-26,1420.0 ,32154
2012-01-27,1386.0 ,35521
2012-01-30,1363.1 ,50473
2012-01-31,1399.0 ,32253
2012-02-01,1402.0 ,8903
2012-02-02,1395.8 ,14236
2012-02-03,1425.0 ,16183
2012-02-06,1419.1 ,11924
2012-02-07,1413.0 ,12493
2012-02-08,1400.0 ,43364
2012-02-09,1380.0 ,16847
2012-02-10,1383.0 ,12516
2012-02-13,1392.1 ,14201
2012-02-14,1395.2 ,6229
2012-02-15,1395.0 ,25380
2012-02-16,1393.0 ,42108
2012-02-17,1398.6 ,17595
2012-02-20,1400.0 ,16717
2012-02-21,1390.0 ,7750
2012-02-22,1382.2 ,14496
2012-02-24,1388.9 ,13684
2012-02-27,1389.1 ,44264
2012-02-28,1367.0 ,11980
2012-02-29,1365.0 ,6702
2012-03-01,1369.9 ,7669
2012-03-02,1348.9 ,24187
2012-03-05,1343.1 ,18512
2012-03-06,1296.0 ,29630
2012-03-07,1292.0 ,9031
2012-03-11,1318.8 ,9508
2012-03-12,1321.9 ,8805
2012-03-13,1314.0 ,5349
2012-03-14,1255.0 ,49338
2012-03-15,1270.0 ,90874
2012-03-16,1277.0 ,42580
2012-03-19,1272.0 ,57556
2012-03-20,1258.9 ,13235
2012-03-21,1258.7 ,8160
2012-03-22,1227.8 ,7512
2012-03-23,1230.4 ,6578
2012-03-26,1263.4 ,15331
2012-03-27,1252.2 ,14604
2012-03-28,1226.3 ,11704
2012-03-29,1206.0 ,34280
2012-03-30,1239.9 ,11095
2012-04-02,1260.0 ,15580
2012-04-03,1284.8 ,45599
2012-04-04,1254.7 ,9892
2012-04-05,1265.0 ,14624
2012-04-06,1311.0 ,66421
2012-04-09,1275.0 ,19304
2012-04-10,1296.0 ,22925
2012-04-11,1312.9 ,15205
2012-04-12,1378.9 ,55081
2012-04-13,1376.5 ,16053
2012-04-16,1382.3 ,17595
2012-04-17,1403.9 ,54101
2012-04-18,1401.5 ,15501
2012-04-19,1395.6 ,48382
2012-04-20,1380.0 ,8782
2012-04-23,1379.9 ,13356
2012-04-24,1345.0 ,27058
2012-04-25,1359.2 ,26678
2012-04-26,1349.8 ,5092
2012-04-27,1341.0 ,7230
2012-04-28,1335.1 ,2158
2012-05-02,1270.0 ,32357
2012-05-03,1240.0 ,16431
2012-05-04,1180.6 ,38191
2012-05-05,1189.0 ,7410
2012-05-07,1142.3 ,8837
2012-05-08,1164.2 ,2975
2012-05-10,1208.0 ,15105
2012-05-11,1190.0 ,37602
2012-05-12,1177.9 ,5617
2012-05-14,1110.0 ,9549
2012-05-15,1126.5 ,15905
2012-05-16,1166.0 ,13953
2012-05-17,1132.9 ,17209
2012-05-18,1080.3 ,35233
2012-05-21,1092.5 ,6699
2012-05-22,1124.0 ,40870
2012-05-23,1060.0 ,49538
2012-05-24,1064.5 ,27044
2012-05-25,1089.9 ,28807
2012-05-28,1090.0 ,16299
2012-05-29,1107.0 ,48682
2012-05-30,1102.0 ,64459
2012-05-31,1069.8 ,48326
2012-06-01,1070.0 ,24784
2012-06-04,1078.0 ,10125
2012-06-05,1083.9 ,13668
2012-06-06,1101.0 ,21849
2012-06-07,1127.0 ,12049
2012-06-08,1121.8 ,6214
2012-06-09,1131.0 ,1923
2012-06-13,1125.2 ,29432
2012-06-14,1117.0 ,10164
2012-06-15,1164.0 ,49589
2012-06-18,1151.3 ,15622
2012-06-19,1157.6 ,29787
2012-06-20,1158.5 ,27361
2012-06-21,1145.0 ,6332
2012-06-22,1118.6 ,13529
2012-06-25,1128.0 ,4620
2012-06-26,1130.0 ,4251
2012-06-27,1147.0 ,11236
2012-06-28,1117.5 ,10559
2012-06-29,1165.8 ,7016
2012-07-02,1195.0 ,45518
2012-07-03,1234.0 ,37361
2012-07-04,1234.0 ,14260
2012-07-05,1231.0 ,23020
2012-07-06,1215.5 ,25721
2012-07-09,1237.9 ,16544
2012-07-10,1280.9 ,43246
2012-07-11,1319.0 ,33748
2012-07-12,1290.0 ,44149
2012-07-13,1284.0 ,32760
2012-07-16,1280.0 ,16509
2012-07-17,1293.0 ,20155
2012-07-18,1282.0 ,9243
2012-07-19,1324.9 ,28026
2012-07-20,1328.9 ,12497
2012-07-23,1262.5 ,11351
2012-07-24,1274.0 ,31975
2012-07-25,1315.0 ,41400
2012-07-26,1364.0 ,44903
2012-07-27,1388.0 ,22602
2012-07-30,1404.0 ,35627
2012-07-31,1396.0 ,39918
2012-08-01,1395.9 ,20975
2012-08-02,1399.0 ,49031
2012-08-03,1397.1 ,4569
2012-08-06,1412.2 ,19853
2012-08-07,1365.0 ,15572
2012-08-08,1369.8 ,10850
2012-08-09,1380.0 ,13592
2012-08-10,1356.1 ,15313
2012-08-13,1376.5 ,4387
2012-08-14,1382.0 ,4366
2012-08-15,1371.7 ,5731
2012-08-16,1395.8 ,13788
2012-08-17,1393.0 ,10116
2012-08-20,1380.7 ,10373
2012-08-21,1420.0 ,22496
2012-08-22,1403.0 ,7840
2012-08-23,1390.0 ,15268
2012-08-24,1403.1 ,13812
2012-08-27,1386.5 ,4927
2012-08-28,1415.0 ,12415
2012-08-29,1415.0 ,25298
2012-08-30,1416.0 ,18307
2012-08-31,1412.5 ,17060
2012-09-03,1420.1 ,7685
2012-09-04,1439.8 ,34102
2012-09-05,1435.0 ,11111
2012-09-06,1478.9 ,20019
2012-09-07,1478.0 ,31704
2012-09-10,1462.7 ,6921
2012-09-11,1452.7 ,7024
2012-09-12,1425.0 ,16670
2012-09-13,1418.0 ,4234
2012-09-14,1500.0 ,37582
2012-09-17,1498.0 ,13163
2012-09-18,1451.0 ,8547
2012-09-19,1429.5 ,17129
2012-09-20,1435.1 ,5822
2012-09-21,1450.0 ,2906
2012-09-24,1430.0 ,3984
2012-09-25,1413.0 ,8090
2012-09-26,1405.0 ,12948
2012-09-27,1394.0 ,7859
2012-09-28,1387.0 ,7754
2012-10-01,1420.9 ,10259
2012-10-02,1416.4 ,5893
2012-10-03,1392.7 ,9366
2012-10-04,1400.0 ,3889
2012-10-05,1423.0 ,6553
2012-10-08,1395.4 ,6222
2012-10-09,1404.2 ,11319
2012-10-10,1375.0 ,8841
2012-10-11,1370.0 ,6695
2012-10-12,1352.9 ,10249
2012-10-15,1329.5 ,18701
2012-10-16,1313.2 ,13669
2012-10-17,1324.6 ,19870
2012-10-18,1330.5 ,11935
2012-10-19,1311.3 ,10588
2012-10-22,1321.0 ,11658
2012-10-23,1309.0 ,6605
2012-10-24,1296.4 ,13915
2012-10-25,1255.6 ,18062
2012-10-26,1253.9 ,21889
2012-10-29,1251.2 ,16831
2012-10-30,1255.0 ,15701
2012-10-31,1275.0 ,17042
2012-11-01,1274.9 ,6606
2012-11-02,1279.8 ,7397
2012-11-06,1263.1 ,4384
2012-11-07,1254.3 ,20458
2012-11-08,1262.2 ,61345
2012-11-09,1260.0 ,7176
2012-11-12,1270.0 ,21096
2012-11-13,1214.2 ,30165
2012-11-14,1220.4 ,8969
2012-11-15,1229.8 ,7539
2012-11-16,1221.7 ,8045
2012-11-19,1225.0 ,29354
2012-11-20,1224.0 ,2797
2012-11-21,1228.9 ,16419
2012-11-22,1235.0 ,26721
2012-11-23,1240.1 ,15651
2012-11-26,1239.9 ,11441
2012-11-27,1250.5 ,12612
2012-11-28,1251.0 ,17361
2012-11-29,1277.5 ,24300
2012-11-30,1284.9 ,10727
2012-12-03,1317.7 ,18306
2012-12-04,1308.4 ,11335
2012-12-05,1344.7 ,29682
2012-12-06,1339.3 ,6803
2012-12-07,1339.6 ,9925
2012-12-10,1345.0 ,12963
2012-12-11,1349.0 ,9709
2012-12-12,1349.3 ,14447
2012-12-13,1348.4 ,11914
2012-12-14,1355.0 ,14005
2012-12-17,1361.0 ,11948
2012-12-18,1382.9 ,18032
2012-12-19,1369.9 ,5654
2012-12-20,1378.3 ,13667
2012-12-21,1386.7 ,11785
2012-12-24,1385.0 ,4978
2012-12-25,1385.1 ,17870
2012-12-26,1390.0 ,5684
2012-12-27,1391.9 ,8286
2012-12-28,1396.5 ,24238
2013-01-08,1426.0 ,6008
2013-01-09,1493.9 ,23947
2013-01-10,1475.8 ,34960
2013-01-11,1478.5 ,21419
2013-01-14,1504.0 ,17404
2013-01-15,1486.0 ,17305
2013-01-16,1494.0 ,16683
2013-01-17,1482.0 ,10819
2013-01-18,1525.0 ,122270
2013-01-21,1510.0 ,9967
2013-01-22,1501.7 ,32681
2013-01-23,1507.8 ,14160
2013-01-24,1493.0 ,11676
2013-01-25,1489.0 ,20552
2013-01-28,1475.0 ,12624
2013-01-29,1470.0 ,13303
2013-01-30,1430.3 ,29254
2013-01-31,1425.0 ,19274
2013-02-01,1425.8 ,11678
2013-02-04,1428.0 ,15726
2013-02-05,1414.0 ,7851
2013-02-06,1417.0 ,12054
2013-02-07,1437.2 ,17447
2013-02-08,1435.8 ,20977
2013-02-11,1438.5 ,2488
2013-02-12,1429.6 ,13645
2013-02-13,1437.9 ,13870
2013-02-14,1426.8 ,8972
2013-02-15,1430.0 ,11383
2013-02-18,1432.9 ,5851
2013-02-19,1469.7 ,29456
2013-02-20,1469.0 ,17949
2013-02-21,1423.0 ,25891
2013-02-22,1427.1 ,10579
2013-02-25,1430.1 ,12940
2013-02-26,1417.1 ,14388
2013-02-27,1421.0 ,6028
2013-02-28,1433.9 ,23379
2013-03-01,1425.0 ,10542
2013-03-04,1435.0 ,6514
2013-03-05,1445.0 ,45606
2013-03-06,1449.8 ,9015
2013-03-07,1433.7 ,14578
2013-03-11,1444.9 ,10748
2013-03-12,1454.9 ,8581
2013-03-13,1435.4 ,7437
2013-03-14,1448.0 ,9188
2013-03-15,1415.5 ,64842
2013-03-18,1402.0 ,27961
2013-03-19,1371.0 ,15072
2013-03-20,1384.9 ,7623
2013-03-21,1377.5 ,4860
2013-03-22,1350.8 ,21141
2013-03-25,1316.1 ,9290
2013-03-26,1300.0 ,15222
2013-03-27,1330.0 ,21039
2013-03-28,1320.0 ,8345
2013-03-29,1325.0 ,4957
2013-04-01,1325.0 ,5135
2013-04-02,1302.8 ,11969
2013-04-03,1307.1 ,37394
2013-04-04,1313.3 ,20220
2013-04-05,1315.0 ,26825
2013-04-08,1291.7 ,11219
2013-04-09,1314.0 ,10559
2013-04-10,1340.0 ,20870
2013-04-11,1317.9 ,9752
2013-04-12,1269.4 ,6725
2013-04-15,1206.3 ,42896
2013-04-16,1174.4 ,13716
2013-04-17,1125.6 ,8920
2013-04-18,1158.9 ,14796
2013-04-19,1159.9 ,16835
2013-04-22,1180.0 ,18107
2013-04-23,1184.9 ,17091
2013-04-24,1208.8 ,31143
2013-04-25,1217.0 ,12485
2013-04-26,1208.0 ,7972
2013-04-29,1222.9 ,11172
2013-04-30,1229.0 ,14907
2013-05-02,1214.0 ,5793
2013-05-03,1240.0 ,4278
2013-05-06,1243.8 ,8809
2013-05-07,1258.7 ,28821
2013-05-08,1258.8 ,25956
2013-05-10,1268.8 ,6486
2013-05-13,1260.1 ,45998
2013-05-14,1249.0 ,11537
2013-05-15,1239.8 ,18652
2013-05-16,1248.0 ,8567
2013-05-17,1268.8 ,17959
2013-05-20,1288.8 ,21209
2013-05-21,1300.6 ,9150
2013-05-22,1312.5 ,15575
2013-05-23,1307.6 ,14762
2013-05-24,1299.9 ,12666
2013-05-27,1280.2 ,11705
2013-05-28,1305.0 ,13357
2013-05-29,1291.9 ,3926
2013-05-30,1294.9 ,10790
2013-05-31,1308.8 ,38629
2013-06-03,1309.0 ,6501
2013-06-04,1320.6 ,12450
2013-06-05,1308.8 ,10759
2013-06-06,1302.3 ,2628
2013-06-07,1335.0 ,12796
2013-06-10,1334.9 ,1264
2013-06-11,1307.9 ,4341
2013-06-13,1285.0 ,15679
2013-06-14,1285.9 ,11065
2013-06-17,1290.3 ,4712
2013-06-18,1289.7 ,5876
2013-06-19,1286.0 ,9274
2013-06-20,1257.3 ,2911
2013-06-21,1235.1 ,24970
2013-06-24,1239.0 ,2912
2013-06-25,1245.0 ,3635
2013-06-26,1245.0 ,16324
2013-06-27,1239.0 ,16154
2013-06-28,1245.8 ,4310
2013-07-01,1220.1 ,4578
2013-07-02,1245.0 ,5006
2013-07-03,1245.0 ,3939
2013-07-04,1241.0 ,12849
2013-07-05,1235.0 ,3703
2013-07-08,1233.0 ,9261
2013-07-09,1230.0 ,1139
2013-07-10,1211.7 ,3679
2013-07-11,1220.0 ,44231
2013-07-12,1228.0 ,28519
2013-07-15,1223.3 ,7618
2013-07-16,1232.7 ,6135
2013-07-17,1244.3 ,16081
2013-07-18,1234.8 ,5817
2013-07-19,1234.9 ,14618
2013-07-22,1227.9 ,7637
2013-07-23,1206.0 ,10469
2013-07-24,1221.6 ,6494
2013-07-25,1210.1 ,6141
2013-07-26,1208.9 ,2349
2013-07-29,1170.0 ,19654
2013-07-30,1069.9 ,112713
2013-07-31,1069.9 ,47084
2013-08-01,1110.0 ,27302
2013-08-02,1104.0 ,7794
2013-08-05,1081.2 ,16418
2013-08-06,1064.9 ,7156
2013-08-07,1066.3 ,24671
2013-08-08,1015.0 ,45395
2013-08-09,1036.2 ,17599
2013-08-12,1027.0 ,18423
2013-08-13,1044.4 ,11261
2013-08-14,1050.2 ,11163
2013-08-15,1039.9 ,9600
2013-08-16,1010.0 ,20356
2013-08-19,1000.0 ,18681
2013-08-20,1010.0 ,27479
2013-08-21,1009.1 ,21593
2013-08-22,1021.7 ,14387
2013-08-23,1012.0 ,14761
2013-08-26,1006.9 ,12590
2013-08-27,1016.0 ,20996
2013-08-28,1022.0 ,27095
2013-08-29,1014.3 ,5263
2013-08-30,1012.8 ,6910
2013-09-02,1004.4 ,4743
2013-09-03,999.8  ,6672
2013-09-04,1005.3 ,2363
2013-09-05,1011.6 ,3408
2013-09-06,1019.8 ,14408
2013-09-09,1048.8 ,17169
2013-09-10,1069.9 ,24934
2013-09-11,1067.4 ,7503
2013-09-12,1044.7 ,13047
2013-09-13,1042.2 ,5078
2013-09-16,1046.9 ,10878
2013-09-17,1042.9 ,3747
2013-09-18,1033.0 ,6087
2013-09-19,1012.8 ,18048
2013-09-20,1021.7 ,11856
2013-09-23,1011.9 ,13260
2013-09-24,1022.0 ,25754
2013-09-25,1034.4 ,7253
2013-09-26,1022.9 ,5851
2013-09-27,1019.5 ,1674
2013-09-30,1005.5 ,20311
2013-10-01,1006.0 ,12219
2013-10-02,998.5  ,10967
2013-10-03,982.2  ,16467
2013-10-04,982.9  ,6248
2013-10-07,978.8  ,5344
2013-10-08,958.9  ,29308
2013-10-09,971.0  ,15050
2013-10-10,985.2  ,40024
2013-10-11,978.8  ,10585
2013-10-14,977.7  ,4305
2013-10-15,979.0  ,12918
2013-10-16,970.7  ,13017
2013-10-17,964.5  ,4725
2013-10-18,967.3  ,5205
2013-10-21,966.8  ,10593
2013-10-22,951.0  ,16771
2013-10-23,932.1  ,38688
2013-10-24,926.8  ,14805
2013-10-25,927.5  ,7965
2013-10-28,931.7  ,11045
2013-10-29,948.4  ,14604
2013-10-30,958.3  ,13411
2013-10-31,964.0  ,8670
2013-11-01,970.0  ,17816
2013-11-05,978.0  ,28216
2013-11-06,981.0  ,11853
2013-11-07,994.9  ,11408
2013-11-08,994.2  ,28207
2013-11-11,994.7  ,4282
2013-11-12,1004.5 ,12131
2013-11-13,973.8  ,15958
2013-11-14,979.9  ,9304
2013-11-15,974.9  ,15161
2013-11-18,974.4  ,17355
2013-11-19,970.2  ,5533
2013-11-20,965.0  ,5602
2013-11-21,962.0  ,14687
2013-11-22,967.8  ,10413
2013-11-25,971.9  ,16411
2013-11-26,962.6  ,15112
2013-11-27,957.0  ,5641
2013-11-28,970.0  ,5809
2013-11-29,979.6  ,11670
2013-12-02,965.0  ,9143
2013-12-03,962.5  ,9204
2013-12-04,968.8  ,3821
2013-12-05,964.0  ,4256
2013-12-06,963.4  ,4670
2013-12-09,970.0  ,4999
2013-12-10,980.0  ,6417
2013-12-11,979.6  ,2481
2013-12-12,982.0  ,6882
2013-12-13,990.8  ,15135
2013-12-16,1020.0 ,33894
2013-12-17,1067.0 ,63096
2013-12-18,1074.0 ,30570
2013-12-19,1095.1 ,24433
2013-12-20,1111.3 ,19194
2013-12-23,1161.2 ,34931
2013-12-24,1126.9 ,16375
2013-12-25,1133.0 ,11058
2013-12-26,1126.9 ,14678
2013-12-27,1123.7 ,3379
2013-12-30,1124.0 ,5353
2014-01-06,1120.0 ,9492
2014-01-08,1094.3 ,4130
2014-01-09,1120.0 ,17830
2014-01-10,1112.0 ,6229
2014-01-13,1114.7 ,7273
2014-01-14,1118.7 ,12238
2014-01-15,1120.0 ,32629
2014-01-16,1100.0 ,11114
2014-01-17,1106.6 ,7452
2014-01-20,1087.0 ,10922
2014-01-21,1098.6 ,14408
2014-01-22,1096.0 ,14849
2014-01-23,1149.0 ,30212
2014-01-24,1146.0 ,9590
2014-01-27,1130.9 ,23014
2014-01-28,1150.0 ,13322
2014-01-29,1153.9 ,9432
2014-01-30,1155.7 ,7086
2014-01-31,1167.7 ,22263
2014-02-03,1156.9 ,15276
2014-02-04,1165.9 ,6771
2014-02-05,1175.0 ,16648
2014-02-06,1177.0 ,1184
2014-02-07,1172.8 ,6399
2014-02-10,1182.8 ,3245
2014-02-11,1184.0 ,5720
2014-02-12,1175.0 ,4806
2014-02-13,1174.9 ,1640
2014-02-14,1161.9 ,3003
2014-02-17,1164.9 ,4875
2014-02-18,1150.0 ,27471
2014-02-19,1138.5 ,4767
2014-02-20,1147.2 ,6864
2014-02-21,1159.9 ,5597
2014-02-24,1169.0 ,2897
2014-02-25,1146.0 ,6916
2014-02-26,1160.0 ,2452
2014-02-27,1116.0 ,8230
2014-02-28,1150.0 ,18707
2014-03-03,1000.0 ,48917
2014-03-04,1060.0 ,17084
2014-03-05,1076.2 ,14311
2014-03-06,1065.0 ,24017
2014-03-07,1080.0 ,5079
2014-03-11,1083.7 ,7096
2014-03-12,1050.0 ,15917
2014-03-13,1016.4 ,24785
2014-03-14,990.4  ,19850
2014-03-17,1007.6 ,27536
2014-03-18,1044.4 ,26333
2014-03-19,1047.1 ,10961
2014-03-20,1059.7 ,4799
2014-03-21,1051.9 ,13459
2014-03-24,1067.3 ,7209
2014-03-25,1051.7 ,5912
2014-03-26,1065.2 ,4895
2014-03-27,1036.0 ,12129
2014-03-28,1049.9 ,17376
2014-03-31,1049.5 ,13680
2014-04-01,1055.0 ,6456
2014-04-02,1056.2 ,2555
2014-04-03,1051.7 ,5302
2014-04-04,1057.9 ,7801
2014-04-07,1046.8 ,13045
2014-04-08,1047.0 ,18996
2014-04-09,1053.0 ,3671
2014-04-10,1065.0 ,54188
2014-04-11,1063.0 ,8461
2014-04-14,1062.0 ,7787
2014-04-15,1073.9 ,17866
2014-04-16,1090.5 ,9108
2014-04-17,1117.4 ,19569
2014-04-18,1132.2 ,6016
2014-04-21,1127.0 ,1717
2014-04-22,1115.0 ,2967
2014-04-23,1120.3 ,8858
2014-04-24,1103.7 ,17779
2014-04-25,1101.4 ,13828
2014-04-28,1171.0 ,62782
2014-04-29,1189.0 ,42293
2014-04-30,1188.0 ,6294
2014-05-02,1192.9 ,4457
2014-05-05,1206.2 ,8765
2014-05-06,1221.0 ,5607
2014-05-07,1233.4 ,16025
2014-05-08,1222.0 ,7042
2014-05-12,1241.0 ,11611
2014-05-13,1240.5 ,11410
2014-05-14,1236.9 ,4496
2014-05-15,1219.9 ,8357
2014-05-16,1210.0 ,6189
2014-05-19,1230.0 ,9022
2014-05-20,1232.8 ,28387
2014-05-21,1274.4 ,17711
2014-05-22,1287.2 ,10097
2014-05-23,1350.4 ,38490
2014-05-26,1374.0 ,11814
2014-05-27,1357.9 ,9560
2014-05-28,1340.5 ,11482
2014-05-29,1360.0 ,21462
2014-05-30,1360.0 ,14061
2014-06-02,1369.0 ,15007
2014-06-03,1365.0 ,32047
2014-06-04,1369.9 ,56753
2014-06-05,1368.3 ,50403
2014-06-06,1234.0 ,63618
2014-06-09,1228.0 ,33130
2014-06-10,1196.0 ,16888
2014-06-11,1165.0 ,21393
2014-06-16,1189.9 ,22072
2014-06-17,1175.0 ,11141
2014-06-18,1166.4 ,8557
2014-06-19,1156.3 ,15947
2014-06-20,1135.6 ,18604
2014-06-23,1155.0 ,5602
2014-06-24,1166.9 ,9700
2014-06-25,1175.1 ,19221
2014-06-26,1194.4 ,22615
2014-06-27,1215.0 ,23199
2014-06-30,1235.0 ,29503
2014-07-01,1226.0 ,17427
2014-07-02,1217.0 ,8391
2014-07-03,1228.0 ,26119
2014-07-04,1215.7 ,3659
2014-07-07,1247.3 ,16935
2014-07-08,1254.9 ,18189
2014-07-09,1257.0 ,5275
2014-07-10,1228.9 ,5418
2014-07-11,1223.0 ,6152
2014-07-14,1214.0 ,7224
2014-07-15,1213.0 ,39247
2014-07-16,1221.0 ,6065
2014-07-17,1177.0 ,28721
2014-07-18,1189.3 ,5516
2014-07-21,1158.0 ,21464
2014-07-22,1172.0 ,6504
2014-07-23,1191.8 ,3028
2014-07-24,1175.6 ,2130
2014-07-25,1159.5 ,5314
2014-07-28,1127.1 ,6043
2014-07-29,1110.7 ,8553
2014-07-30,1141.6 ,4546
2014-07-31,1137.4 ,5025
2014-08-01,1149.5 ,2735
2014-08-04,1151.8 ,2318
2014-08-05,1123.0 ,5647
2014-08-06,1095.1 ,18080
2014-08-07,1088.0 ,7885
2014-08-08,1132.9 ,10797
2014-08-11,1153.4 ,4217
2014-08-12,1158.0 ,2748
2014-08-13,1187.9 ,3157
2014-08-14,1187.0 ,4738
2014-08-15,1180.0 ,3817
2014-08-18,1187.2 ,7084
2014-08-19,1193.6 ,14492
2014-08-20,1215.0 ,6584
2014-08-21,1225.6 ,23937
2014-08-22,1241.0 ,13185
2014-08-25,1235.9 ,1201
2014-08-26,1199.9 ,11724
2014-08-27,1200.0 ,5912
2014-08-28,1167.0 ,4850
2014-08-29,1144.1 ,8725
2014-09-01,1148.0 ,1080
2014-09-02,1170.5 ,7235
2014-09-03,1203.2 ,22058
2014-09-04,1192.2 ,2758
2014-09-05,1217.2 ,8513
2014-09-08,1220.2 ,12792
2014-09-09,1231.5 ,4600
2014-09-10,1206.9 ,21089
2014-09-11,1193.5 ,11665
2014-09-12,1191.6 ,7050
2014-09-15,1205.8 ,9845
2014-09-16,1234.9 ,12017
2014-09-17,1210.0 ,19945
2014-09-18,1230.0 ,12606
2014-09-19,1230.0 ,34830
2014-09-22,1232.0 ,4958
2014-09-23,1250.3 ,23490
2014-09-24,1259.9 ,22233
2014-09-25,1267.2 ,5655
2014-09-26,1234.4 ,11138
2014-09-29,1234.9 ,9314
2014-09-30,1250.0 ,4528
2014-10-01,1266.0 ,6403
2014-10-02,1251.0 ,14588
2014-10-03,1251.0 ,13286
2014-10-06,1269.0 ,24850
2014-10-07,1266.0 ,31879
2014-10-08,1267.0 ,19432
2014-10-09,1266.0 ,5489
2014-10-10,1245.0 ,4894
2014-10-13,1294.0 ,9072
2014-10-14,1289.0 ,2532
2014-10-15,1285.0 ,5845
2014-10-16,1284.0 ,3045
2014-10-17,1275.0 ,5983
2014-10-20,1285.0 ,25290
2014-10-21,1291.0 ,33552
2014-10-22,1285.0 ,1197
2014-10-23,1279.0 ,5379
2014-10-24,1282.0 ,4335
2014-10-27,1289.0 ,3146
2014-10-28,1302.0 ,3826
2014-10-29,1325.0 ,42116
2014-10-30,1329.0 ,9850
2014-10-31,1344.0 ,2490
2014-11-03,1350.0 ,2200
2014-11-05,1343.0 ,12682
2014-11-06,1339.0 ,22338
2014-11-07,1379.0 ,30455
2014-11-10,1385.0 ,8530
2014-11-11,1370.0 ,15456
2014-11-12,1369.0 ,12726
2014-11-13,1375.0 ,7928
2014-11-14,1366.0 ,20423
2014-11-17,1419.0 ,15699
2014-11-18,1416.0 ,9224
2014-11-19,1441.0 ,12251
2014-11-20,1438.0 ,5340
2014-11-21,1435.0 ,4484
2014-11-24,1434.0 ,4622
2014-11-25,1420.0 ,21521
2014-11-26,1436.0 ,9911
2014-11-27,1440.0 ,1584
2014-11-28,1480.0 ,14067
2014-12-01,1548.0 ,15148
2014-12-02,1574.0 ,6221
2014-12-03,1629.0 ,21594
2014-12-04,1688.0 ,113284
2014-12-05,1730.0 ,96245
2014-12-08,1764.0 ,39731
2014-12-09,1737.0 ,21056
2014-12-10,1825.0 ,18162
2014-12-11,1800.0 ,33541
2014-12-12,1820.0 ,24634
2014-12-15,1854.0 ,24620
2014-12-16,1824.0 ,78416
2014-12-17,1900.0 ,18729
2014-12-18,1850.0 ,26436
2014-12-19,1944.0 ,11376
2014-12-22,1804.0 ,11137
2014-12-23,1845.0 ,17335
2014-12-24,1804.0 ,12889
2014-12-25,1834.0 ,8002
2014-12-26,1816.0 ,6116
2014-12-29,1814.0 ,14151
2014-12-30,1799.0 ,14467
2015-01-05,1830.0 ,1098
2015-01-06,1870.0 ,2085
2015-01-08,1906.0 ,5968
2015-01-09,1856.0 ,3919
2015-01-12,1867.0 ,2290
2015-01-13,1900.0 ,3172
2015-01-14,1925.0 ,6587
2015-01-15,1998.0 ,10850
2015-01-16,2061.0 ,8002
2015-01-19,2125.0 ,7329
2015-01-20,2130.0 ,5359
2015-01-21,2159.0 ,8167
2015-01-22,2250.0 ,16274
2015-01-23,2258.0 ,25558
2015-01-26,2231.0 ,6874
2015-01-27,2280.0 ,20554
2015-01-28,2315.0 ,10414
2015-01-29,2325.0 ,8325
2015-01-30,2378.0 ,6520
2015-02-02,2341.0 ,11652
2015-02-03,2288.0 ,54186
2015-02-04,2281.0 ,8353
2015-02-05,2278.0 ,35013
2015-02-06,2306.0 ,50225
2015-02-09,2320.0 ,7888
2015-02-10,2328.0 ,29808
2015-02-11,2464.0 ,23601
2015-02-12,2453.0 ,75659
2015-02-13,2477.0 ,29623
2015-02-16,2451.0 ,18018
2015-02-17,2480.0 ,4202
2015-02-18,2564.0 ,9620
2015-02-19,2450.0 ,29129
2015-02-20,2530.0 ,15349
2015-02-24,2496.0 ,5072
2015-02-25,2485.0 ,9277
2015-02-26,2475.0 ,3003
2015-02-27,2435.0 ,2285
2015-03-02,2475.0 ,7591
2015-03-03,2481.0 ,16320
2015-03-04,2486.0 ,11085
2015-03-05,2580.0 ,24755
2015-03-06,2512.0 ,25771
2015-03-10,2465.0 ,6875
2015-03-11,2451.0 ,5570
2015-03-12,2490.0 ,15395
2015-03-13,2445.0 ,18410
2015-03-16,2402.0 ,5809
2015-03-17,2340.0 ,15894
2015-03-18,2375.0 ,8918
2015-03-19,2296.0 ,5267
2015-03-20,2300.0 ,155781
2015-03-23,2196.0 ,6506
2015-03-24,2258.0 ,17794
2015-03-25,2258.0 ,17086
2015-03-26,2224.0 ,7928
2015-03-27,2193.0 ,7269
2015-03-30,2239.0 ,1804
2015-03-31,2267.0 ,7305
2015-04-01,2300.0 ,4989
2015-04-02,2341.0 ,4125
2015-04-03,2325.0 ,969
2015-04-06,2305.0 ,1109
2015-04-07,2253.0 ,783
2015-04-08,2225.0 ,1767
2015-04-09,2300.0 ,19503
2015-04-10,2250.0 ,23667
2015-04-13,2300.0 ,25499
2015-04-14,2227.0 ,4203
2015-04-15,2200.0 ,28151
2015-04-16,2128.0 ,34557
2015-04-17,2145.0 ,1985
2015-04-20,2280.0 ,143307
2015-04-21,2339.0 ,3755
2015-04-22,2290.0 ,3516
2015-04-23,2219.0 ,3000
2015-04-24,2225.0 ,4719
2015-04-27,2251.0 ,10440
2015-04-28,2246.0 ,1831
2015-04-29,2240.0 ,4626
2015-04-30,2262.0 ,5051
2015-05-05,2274.0 ,8564
2015-05-06,2349.0 ,5126
2015-05-07,2311.0 ,2377
2015-05-08,2336.0 ,1661
2015-05-12,2300.0 ,8531
2015-05-13,2284.0 ,1075
2015-05-14,2274.0 ,8268
2015-05-15,2257.0 ,423
2015-05-18,2234.0 ,991
2015-05-19,2230.0 ,2414
2015-05-20,2255.0 ,2888
2015-05-21,2259.0 ,2555
2015-05-22,2262.0 ,3345
2015-05-25,2267.0 ,9061
2015-05-26,2247.0 ,2304
2015-05-27,2265.0 ,10118
2015-05-28,2285.0 ,14529
2015-05-29,2216.0 ,16874
2015-06-01,2144.0 ,19626
2015-06-02,2180.0 ,6474
2015-06-03,2178.0 ,5921
2015-06-04,2230.0 ,3213
2015-06-05,2262.0 ,5422
2015-06-08,2220.0 ,3954
2015-06-09,2180.0 ,5695
2015-06-10,2140.0 ,3312
2015-06-11,2150.0 ,3318
2015-06-15,2180.0 ,3328
2015-06-16,2200.0 ,11785
2015-06-17,2196.0 ,6053
2015-06-18,2204.0 ,1825
2015-06-19,2220.0 ,4332
2015-06-22,2193.0 ,1544
2015-06-23,2247.0 ,4505
2015-06-24,2271.0 ,7108
2015-06-25,2261.0 ,2950
2015-06-26,2270.0 ,5233
2015-06-29,2253.0 ,5695
2015-06-30,2231.0 ,6048
2015-07-01,2259.0 ,1671
2015-07-02,2280.0 ,1830
2015-07-03,2280.0 ,3500
2015-07-06,2261.0 ,2825
2015-07-07,2354.0 ,12770
2015-07-08,2283.0 ,6188
2015-07-09,2380.0 ,5583
2015-07-10,2359.0 ,919
2015-07-13,2436.0 ,4564
2015-07-14,2600.0 ,18781
2015-07-15,2600.0 ,5954
2015-07-16,2626.0 ,11591
2015-07-17,2589.0 ,1323
2015-07-20,2615.0 ,1009
2015-07-21,2629.0 ,5584
2015-07-22,2600.0 ,5223
2015-07-23,2580.0 ,6987
2015-07-24,2583.0 ,5946
2015-07-27,2670.0 ,8836
2015-07-28,2660.0 ,5721
2015-07-29,2501.0 ,7478
2015-07-30,2486.0 ,5911
2015-07-31,2556.0 ,5385
2015-08-03,2518.0 ,13056
2015-08-04,2480.0 ,7391
2015-08-05,2490.0 ,3210
2015-08-06,2518.0 ,9864
2015-08-07,2591.0 ,12386
2015-08-10,2600.0 ,6330
2015-08-11,2683.0 ,8831
2015-08-12,2736.0 ,25662
2015-08-13,2769.0 ,10642
2015-08-14,2776.0 ,1654
2015-08-17,2773.0 ,3478
2015-08-18,2696.0 ,5557
2015-08-19,2752.0 ,4985
2015-08-20,2831.0 ,4852
2015-08-21,2852.0 ,7664
2015-08-24,2887.0 ,13492
2015-08-25,2758.0 ,9064
2015-08-26,2776.0 ,8458
2015-08-27,2707.0 ,4517
2015-08-28,2700.0 ,8991
2015-08-31,2817.0 ,7699
2015-09-01,2851.0 ,6143
2015-09-02,2804.0 ,4172
2015-09-03,2825.0 ,5287
2015-09-04,2830.0 ,3070
2015-09-07,2842.0 ,4770
2015-09-08,2880.0 ,5292
2015-09-09,2910.0 ,2652
2015-09-10,2913.0 ,2942
2015-09-11,2950.0 ,3132
2015-09-14,2975.0 ,1748
2015-09-15,2918.0 ,5132
2015-09-16,2888.0 ,3286
2015-09-17,2907.0 ,5115
2015-09-18,3000.0 ,4705
2015-09-21,2961.0 ,1867
2015-09-22,2925.0 ,942
2015-09-23,2925.0 ,3737
2015-09-24,2954.0 ,3253
2015-09-25,2960.0 ,1075
2015-09-28,2952.0 ,3566
2015-09-29,3020.0 ,8459
2015-09-30,3043.0 ,8483
2015-10-01,2950.0 ,22343
2015-10-02,2998.0 ,5305
2015-10-05,3076.0 ,1619
2015-10-06,3077.0 ,1113
2015-10-07,3042.0 ,8737
2015-10-08,3047.0 ,1644
2015-10-09,2888.0 ,4809
2015-10-12,2935.0 ,9956
2015-10-13,2958.0 ,8787
2015-10-14,2985.0 ,5937
2015-10-15,3022.0 ,8165
2015-10-16,2952.0 ,9629
2015-10-19,2957.0 ,4028
2015-10-20,2995.0 ,3087
2015-10-21,2974.0 ,2769
2015-10-22,2983.0 ,752
2015-10-23,2982.0 ,597
2015-10-26,2977.0 ,170
2015-10-27,3009.0 ,4513
2015-10-28,3045.0 ,1724
2015-10-29,3093.0 ,1947
2015-10-30,3100.0 ,7461
2015-11-02,3106.0 ,7003
2015-11-03,3029.0 ,7865
2015-11-05,3020.0 ,2241
2015-11-06,2980.0 ,4967
2015-11-09,2979.0 ,6969
2015-11-10,2978.0 ,8904
2015-11-11,2977.0 ,1693
2015-11-12,2971.0 ,3990
2015-11-13,2971.0 ,10509
2015-11-16,2950.0 ,2498
2015-11-17,3010.0 ,4313
2015-11-18,3015.0 ,3200
2015-11-19,3099.0 ,9977
2015-11-20,3084.0 ,5275
2015-11-23,3165.0 ,3488
2015-11-24,3188.0 ,8193
2015-11-25,3374.0 ,9721
2015-11-26,3374.0 ,2241
2015-11-27,3360.0 ,1682
2015-11-30,3295.0 ,4055
2015-12-01,3222.0 ,2477
2015-12-02,3280.0 ,1958
2015-12-03,3400.0 ,4716
2015-12-04,3399.0 ,2003
2015-12-07,3403.0 ,1171
2015-12-08,3360.0 ,3287
2015-12-09,3469.0 ,11240
2015-12-10,3419.0 ,960
2015-12-11,3399.0 ,2435
2015-12-14,3400.0 ,1324
2015-12-15,3501.0 ,4827
2015-12-16,3550.0 ,1781
2015-12-17,3749.0 ,6970
2015-12-18,3593.0 ,6595
2015-12-21,3705.0 ,3628
2015-12-22,3720.0 ,3612
2015-12-23,3770.0 ,9429
2015-12-24,3731.0 ,2938
2015-12-25,3737.0 ,544
2015-12-28,3762.0 ,1993
2015-12-29,3764.0 ,1856
2015-12-30,3779.0 ,2441
2016-01-04,3911.0 ,7525
2016-01-05,3929.0 ,17067
2016-01-06,3930.0 ,2041
2016-01-11,3922.0 ,3778
2016-01-12,3926.0 ,12411
2016-01-13,3919.0 ,6458
2016-01-14,3715.0 ,13504
2016-01-15,3440.0 ,10283
2016-01-18,3500.0 ,4821
2016-01-19,3620.0 ,4375
2016-01-20,3723.0 ,5075
2016-01-21,3960.0 ,8372
2016-01-22,3815.0 ,9629
2016-01-25,3745.0 ,4108
2016-01-26,3650.0 ,7261
2016-01-27,3733.0 ,7643
2016-01-28,3679.0 ,6489
2016-01-29,3571.0 ,15723
2016-02-01,3655.0 ,9005
2016-02-02,3615.0 ,5805
2016-02-03,3620.0 ,2638
2016-02-04,3630.0 ,2259
2016-02-05,3650.0 ,2325
2016-02-08,3660.0 ,3901
2016-02-09,3665.0 ,11044
2016-02-10,3635.0 ,18252
2016-02-11,3555.0 ,7092
2016-02-12,3490.0 ,3686
2016-02-15,3435.0 ,6945
2016-02-16,3500.0 ,8379
2016-02-17,3480.0 ,3961
2016-02-18,3495.0 ,19213
2016-02-19,3575.0 ,5533
2016-02-20,3600.0 ,504
2016-02-22,3610.0 ,7032
2016-02-24,3595.0 ,7618
2016-02-25,3610.0 ,12017
2016-02-26,3600.0 ,12175
2016-02-29,3770.0 ,11355
2016-03-01,3655.0 ,4982
2016-03-02,3680.0 ,1731
2016-03-03,3700.0 ,4816
2016-03-04,3725.0 ,9891
2016-03-07,3710.0 ,4520
2016-03-09,3840.0 ,5696
2016-03-10,3825.0 ,2727
2016-03-11,3770.0 ,4554
2016-03-14,3705.0 ,1353
2016-03-15,3705.0 ,1533
2016-03-16,3745.0 ,2051
2016-03-17,3720.0 ,5589
2016-03-18,3800.0 ,12287
2016-03-21,3795.0 ,9058
2016-03-22,3765.0 ,6105
2016-03-23,3825.0 ,2327
2016-03-24,3750.0 ,816
2016-03-25,3775.0 ,702
2016-03-28,3710.0 ,1365
2016-03-29,3745.0 ,1159
2016-03-30,3765.0 ,11279
2016-03-31,3665.0 ,10128
2016-04-01,3575.0 ,4466
2016-04-04,3590.0 ,13489
2016-04-05,3575.0 ,11694
2016-04-06,3605.0 ,50684
2016-04-07,3570.0 ,13502
2016-04-08,3555.0 ,9057
2016-04-11,3555.0 ,9022
2016-04-12,3530.0 ,16049
2016-04-13,3550.0 ,6273
2016-04-14,3675.0 ,5260
2016-04-15,3600.0 ,9885
2016-04-18,3690.0 ,6050
2016-04-19,3725.0 ,5095
2016-04-20,3760.0 ,3085
2016-04-21,3775.0 ,1326
2016-04-22,3725.0 ,1726
2016-04-25,3605.0 ,4388
2016-04-26,3605.0 ,1240
2016-04-27,3625.0 ,6248
2016-04-28,3685.0 ,1102
2016-04-29,3550.0 ,5510
2016-05-04,3520.0 ,5935
2016-05-05,3570.0 ,1649
2016-05-06,3535.0 ,577
2016-05-10,3565.0 ,1146
2016-05-11,3545.0 ,546
2016-05-12,3620.0 ,1458
2016-05-13,3530.0 ,1313
2016-05-16,3535.0 ,894
2016-05-17,3540.0 ,398
2016-05-18,3500.0 ,6136
2016-05-19,3515.0 ,1795
2016-05-20,3545.0 ,4358
2016-05-23,3570.0 ,3364
2016-05-24,3570.0 ,485
2016-05-25,3615.0 ,2248
2016-05-26,3605.0 ,982
2016-05-27,3675.0 ,2486
2016-05-30,3675.0 ,1721
2016-05-31,3795.0 ,5181
2016-06-01,3805.0 ,3255
2016-06-02,3865.0 ,3504
2016-06-03,3755.0 ,2612
2016-06-06,3715.0 ,1758
2016-06-07,3720.0 ,22197
2016-06-08,3675.0 ,4549
2016-06-09,3755.0 ,4901
2016-06-10,3610.0 ,2845
2016-06-14,3550.0 ,5000
2016-06-15,3570.0 ,1929
2016-06-16,3630.0 ,2656
2016-06-17,3565.0 ,6850
2016-06-20,3520.0 ,1456
2016-06-21,3435.0 ,5651
2016-06-22,3405.0 ,2245
2016-06-23,3400.0 ,2106
2016-06-24,3420.0 ,1345
2016-06-27,3400.0 ,1232
2016-06-28,3400.0 ,4521
2016-06-29,3475.0 ,5557
2016-06-30,3495.0 ,2302
2016-07-01,3430.0 ,1531
2016-07-04,3465.0 ,454
2016-07-05,3455.0 ,946
2016-07-06,3450.0 ,1376
2016-07-07,3440.0 ,1377
2016-07-08,3470.0 ,1085
2016-07-11,3425.0 ,1376
2016-07-12,3350.0 ,2436
2016-07-13,3445.0 ,1630
2016-07-14,3375.0 ,1038
2016-07-15,3440.0 ,1116
2016-07-18,3460.0 ,863
2016-07-19,3465.0 ,832
2016-07-20,3445.0 ,2464
2016-07-21,3450.0 ,546
2016-07-22,3400.0 ,1298
2016-07-25,3295.0 ,4744
2016-07-26,3320.0 ,1255
2016-07-27,3360.0 ,2491
2016-07-28,3385.0 ,844
2016-07-29,3420.0 ,2301
2016-08-01,3460.0 ,7321
2016-08-02,3470.0 ,9121
2016-08-03,3625.0 ,9086
2016-08-04,3645.0 ,8686
2016-08-05,3600.0 ,3681
2016-08-08,3545.0 ,965
2016-08-09,3570.0 ,4654
2016-08-10,3515.0 ,2458
2016-08-11,3500.0 ,2481
2016-08-12,3510.0 ,11530
2016-08-15,3490.0 ,1946
2016-08-16,3600.0 ,2300
2016-08-17,3510.0 ,7861
2016-08-18,3530.0 ,5644
2016-08-19,3550.0 ,1107
2016-08-22,3610.0 ,1747
2016-08-23,3630.0 ,975
2016-08-24,3640.0 ,2653
2016-08-25,3660.0 ,947
2016-08-26,3715.0 ,1896
2016-08-29,3720.0 ,1975
2016-08-30,3705.0 ,482
2016-08-31,3665.0 ,8358
2016-09-01,3660.0 ,6925
2016-09-02,3675.0 ,4065
2016-09-05,3655.0 ,1719
2016-09-06,3665.0 ,866
2016-09-07,3675.0 ,1436
2016-09-08,3670.0 ,273
2016-09-09,3675.0 ,765
2016-09-12,3675.0 ,2637
2016-09-13,3720.0 ,8332
2016-09-14,3665.0 ,5288
2016-09-15,3690.0 ,3836
2016-09-16,3770.0 ,11407
2016-09-19,3580.0 ,3420
2016-09-20,3560.0 ,1388
2016-09-21,3455.0 ,5284
2016-09-22,3435.0 ,4134
2016-09-23,3400.0 ,2179
2016-09-26,3400.0 ,1400
2016-09-27,3405.0 ,2198
2016-09-28,3450.0 ,5270
2016-09-29,3385.0 ,2929
2016-09-30,3375.0 ,7568
2016-10-03,3375.0 ,950
2016-10-04,3350.0 ,2211
2016-10-05,3350.0 ,3570
2016-10-06,3300.0 ,8634
2016-10-07,3265.0 ,6021
2016-10-10,3265.0 ,3289
2016-10-11,3285.0 ,1009
2016-10-12,3270.0 ,4763
2016-10-13,3260.0 ,524
2016-10-14,3260.0 ,1135
2016-10-17,3320.0 ,2226
2016-10-18,3345.0 ,3735
2016-10-19,3250.0 ,28087
2016-10-20,3110.0 ,24929
2016-10-21,3090.0 ,3247
2016-10-24,3090.0 ,5917
2016-10-25,3065.0 ,2051
2016-10-26,3050.0 ,3568
2016-10-27,3035.0 ,13582
2016-10-28,3010.0 ,1758
2016-10-31,3000.0 ,7933
2016-11-01,2950.0 ,9711
2016-11-02,2995.0 ,7813
2016-11-03,3045.0 ,5486
2016-11-07,3040.0 ,5032
2016-11-08,2955.0 ,3304
2016-11-09,3020.0 ,2736
2016-11-10,3050.0 ,9923
2016-11-11,3150.0 ,7460
2016-11-14,3140.0 ,9312
2016-11-15,3180.0 ,2200
2016-11-16,3200.0 ,4132
2016-11-17,3300.0 ,6879
2016-11-18,3320.0 ,3984
2016-11-21,3370.0 ,5247
2016-11-22,3360.0 ,4118
2016-11-23,3315.0 ,3464
2016-11-24,3410.0 ,6205
2016-11-25,3345.0 ,1406
2016-11-28,3395.0 ,1972
2016-11-29,3335.0 ,4598
2016-11-30,3420.0 ,4813
2016-12-01,3510.0 ,8140
2016-12-02,3525.0 ,2189
2016-12-05,3560.0 ,6311
2016-12-06,3550.0 ,1866
2016-12-07,3600.0 ,4583
2016-12-08,3660.0 ,9253
2016-12-09,3605.0 ,9270
2016-12-12,3720.0 ,4242
2016-12-13,3695.0 ,5732
2016-12-14,3670.0 ,6881
2016-12-15,3650.0 ,4165
2016-12-16,3575.0 ,13128
2016-12-19,3615.0 ,8684
2016-12-20,3620.0 ,1470
2016-12-21,3530.0 ,10357
2016-12-22,3560.0 ,2954
2016-12-23,3595.0 ,3072
2016-12-26,3580.0 ,9066
2016-12-27,3575.0 ,1782
2016-12-28,3555.0 ,6774
2016-12-29,3545.0 ,5228
2016-12-30,3575.0 ,252
2017-01-03,3540.0 ,1081
2017-01-04,3545.0 ,5660
2017-01-05,3500.0 ,2668
2017-01-06,3395.0 ,2613
2017-01-09,3430.0 ,1072
2017-01-10,3515.0 ,4517
2017-01-11,3565.0 ,2253
2017-01-12,3540.0 ,2664
2017-01-13,3500.0 ,4948
2017-01-16,3485.0 ,420
2017-01-17,3480.0 ,1419
2017-01-18,3500.0 ,3993
2017-01-19,3450.0 ,1243
2017-01-20,3460.0 ,4344
2017-01-23,3435.0 ,574
2017-01-24,3395.0 ,5302
2017-01-25,3400.0 ,1295
2017-01-26,3470.0 ,8239
2017-01-27,3505.0 ,5014
2017-01-30,3490.0 ,1198
2017-01-31,3510.0 ,6376
2017-02-01,3508.0 ,2597
2017-02-02,3485.0 ,3574
2017-02-03,3484.0 ,847
2017-02-06,3460.0 ,1243
2017-02-07,3468.0 ,2674
2017-02-08,3500.0 ,2557
2017-02-09,3450.0 ,3079
2017-02-10,3452.0 ,2302
2017-02-13,3450.0 ,858
2017-02-14,3405.0 ,9004
2017-02-15,3421.0 ,2896
2017-02-16,3400.0 ,14917
2017-02-17,3435.0 ,5917
2017-02-20,3444.0 ,5833
2017-02-21,3415.0 ,22748
2017-02-22,3410.0 ,4920
2017-02-24,3400.0 ,5810
2017-02-27,3361.0 ,10756
2017-02-28,3379.0 ,13895
2017-03-01,3390.0 ,10328
2017-03-02,3390.0 ,21842
2017-03-03,3408.0 ,15693
2017-03-06,3370.0 ,4324
2017-03-07,3380.0 ,3512
2017-03-09,3349.0 ,28336
2017-03-10,3290.0 ,14038
2017-03-13,3270.0 ,17697
2017-03-14,3270.0 ,14037
2017-03-15,3230.0 ,23246
2017-03-16,3265.0 ,7545
2017-03-17,3255.0 ,7564
2017-03-20,3315.0 ,4919
2017-03-21,3341.0 ,3341
2017-03-22,3330.0 ,804
2017-03-23,3348.0 ,657
2017-03-24,3288.0 ,1920
2017-03-27,3290.0 ,1005
2017-03-28,3330.0 ,5287
2017-03-29,3299.0 ,2948
2017-03-30,3266.0 ,938
2017-03-31,3309.0 ,2157
2017-04-03,3305.0 ,4554
2017-04-04,3286.0 ,720
2017-04-05,3283.0 ,3652
2017-04-06,3310.0 ,1667
2017-04-07,3334.0 ,5395
2017-04-10,3270.0 ,2372
2017-04-11,3287.0 ,1470
2017-04-12,3285.0 ,924
2017-04-13,3273.0 ,1806
2017-04-14,3303.0 ,1524
2017-04-17,3310.0 ,1217
2017-04-18,3266.0 ,12011
2017-04-19,3250.0 ,1202
2017-04-20,3269.0 ,7046
2017-04-21,3274.0 ,8728
2017-04-24,3275.0 ,8488
2017-04-25,3325.0 ,1613
2017-04-26,3292.0 ,11505
2017-04-27,3270.0 ,526
2017-04-28,3350.0 ,9985
2017-05-02,3318.0 ,1018
2017-05-03,3314.0 ,1921
2017-05-04,3300.0 ,1975
2017-05-05,3315.0 ,3862
2017-05-10,3350.0 ,5031
2017-05-11,3300.0 ,1095
2017-05-12,3297.0 ,1428
2017-05-15,3258.0 ,517
2017-05-16,3277.0 ,1889
2017-05-17,3250.0 ,4750
2017-05-18,3249.0 ,2487
2017-05-19,3194.0 ,33159
2017-05-22,3148.0 ,3661
2017-05-23,3137.0 ,9038
2017-05-24,3114.0 ,369
2017-05-25,3115.0 ,1127
2017-05-26,3115.0 ,1323
2017-05-29,3083.0 ,1333
2017-05-30,3069.0 ,12023
2017-05-31,2950.0 ,73937
2017-06-01,3010.0 ,3080
2017-06-02,3004.0 ,6409
2017-06-05,3031.0 ,2882
2017-06-06,3046.0 ,5023
2017-06-07,3029.0 ,8047
2017-06-08,3029.0 ,5500
2017-06-09,3012.0 ,13879
2017-06-13,2975.0 ,2577
2017-06-14,2933.0 ,9308
2017-06-15,2917.0 ,14089
2017-06-16,2933.0 ,24140
2017-06-19,2955.0 ,28977
2017-06-20,3029.0 ,36338
2017-06-21,2995.0 ,27608
2017-06-22,2960.0 ,25185
2017-06-23,3065.0 ,42330
2017-06-26,3068.0 ,36044
2017-06-27,3081.0 ,7467
2017-06-28,3117.0 ,4992
2017-06-29,3125.0 ,3526
2017-06-30,3135.0 ,5489
2017-07-03,3149.0 ,2192
2017-07-04,3164.0 ,11053
2017-07-05,3196.0 ,4957
2017-07-06,3227.0 ,5521
2017-07-07,3250.0 ,3507
2017-07-10,3176.0 ,1478
2017-07-11,3207.0 ,3973
2017-07-12,3280.0 ,10211
2017-07-13,3240.0 ,1419
2017-07-14,3240.0 ,460
2017-07-17,3224.0 ,637
2017-07-18,3320.0 ,3342
2017-07-19,3270.0 ,3310
2017-07-20,3293.0 ,1178
2017-07-21,3259.0 ,359
2017-07-24,3259.0 ,1347
2017-07-25,3240.0 ,6163
2017-07-26,3268.0 ,868
2017-07-27,3266.0 ,322
2017-07-28,3220.0 ,902
2017-07-31,3307.0 ,1944
2017-08-01,3312.0 ,869
2017-08-02,3313.0 ,3021
2017-08-03,3306.0 ,2887
2017-08-04,3305.0 ,1395
2017-08-07,3311.0 ,3377
2017-08-08,3312.0 ,16009
2017-08-09,3296.0 ,9415
2017-08-10,3281.0 ,918
2017-08-11,3271.0 ,3842
2017-08-14,3305.0 ,1637
2017-08-15,3330.0 ,578
2017-08-16,3330.0 ,275
2017-08-17,3514.0 ,4483
2017-08-18,3561.0 ,9952
2017-08-21,3529.0 ,956
2017-08-22,3517.0 ,884
2017-08-23,3497.0 ,1512
2017-08-24,3496.0 ,1067
2017-08-25,3506.0 ,857
2017-08-28,3525.0 ,741
2017-08-29,3514.0 ,1897
2017-08-30,3553.0 ,17546
2017-08-31,3531.0 ,5770
2017-09-01,3520.0 ,15552
2017-09-04,3525.0 ,725
2017-09-05,3526.0 ,830
2017-09-06,3583.0 ,2563
2017-09-07,3623.0 ,2973
2017-09-08,3611.0 ,3331
2017-09-11,3606.0 ,30185
2017-09-12,3641.0 ,7909
2017-09-13,3664.0 ,10839
2017-09-14,3615.0 ,7944
2017-09-15,3658.0 ,23404
2017-09-18,3650.0 ,7589
2017-09-19,3651.0 ,6872
2017-09-20,3657.0 ,2905
2017-09-21,3611.0 ,8177
2017-09-22,3657.0 ,23008
2017-09-25,3450.0 ,14975
2017-09-26,3435.0 ,2590
2017-09-27,3420.0 ,4591
2017-09-28,3418.0 ,3379
2017-09-29,3419.0 ,1796
2017-10-02,3454.0 ,2893
2017-10-03,3530.0 ,7033
2017-10-04,3514.0 ,6606
2017-10-05,3504.0 ,604
2017-10-06,3527.0 ,1824
2017-10-09,3550.0 ,908
2017-10-10,3540.0 ,928
2017-10-11,3534.0 ,1736
2017-10-12,3510.0 ,913
2017-10-13,3509.0 ,507
2017-10-16,3532.0 ,1980
2017-10-17,3552.0 ,2830
2017-10-18,3569.0 ,1960
2017-10-19,3554.0 ,1293
2017-10-20,3560.0 ,1370
2017-10-23,3586.0 ,1096
2017-10-24,3569.0 ,1144
2017-10-25,3568.0 ,978
2017-10-26,3578.0 ,3525
2017-10-27,3606.0 ,5222
2017-10-30,3600.0 ,1751
2017-10-31,3615.0 ,1244
2017-11-01,3613.0 ,1701
2017-11-02,3646.0 ,2477
2017-11-03,3675.0 ,1706
2017-11-07,3710.0 ,4658
2017-11-08,3675.0 ,5960
2017-11-09,3691.0 ,1450
2017-11-10,3703.0 ,1711
2017-11-13,3857.0 ,6705
2017-11-14,3870.0 ,6301
2017-11-15,3885.0 ,3836
2017-11-16,3923.0 ,1117
2017-11-17,3867.0 ,976
2017-11-20,3826.0 ,1679
2017-11-21,3850.0 ,1649
2017-11-22,3876.0 ,811
2017-11-23,3821.0 ,3224
2017-11-24,3852.0 ,835
2017-11-27,3815.0 ,2790
2017-11-28,3798.0 ,7476
2017-11-29,3806.0 ,3239
2017-11-30,3898.0 ,7021
2017-12-01,3874.0 ,4618
2017-12-04,3840.0 ,6665
2017-12-05,3822.0 ,3917
2017-12-06,3896.0 ,2302
2017-12-07,3840.0 ,2537
2017-12-08,3836.0 ,2679
2017-12-11,3869.0 ,3408
2017-12-12,3881.0 ,2227
2017-12-13,3851.0 ,2417
2017-12-14,3844.0 ,517
2017-12-15,3958.0 ,1363
2017-12-18,3890.0 ,1100
2017-12-19,3830.0 ,2932
2017-12-20,3816.0 ,3945
2017-12-21,3835.0 ,3922
2017-12-22,3829.0 ,1620
2017-12-25,3848.0 ,1786
2017-12-26,3838.0 ,822
2017-12-27,3811.0 ,1039
2017-12-28,3837.0 ,1823
2017-12-29,3870.0 ,1856
2018-01-03,3930.0 ,536
2018-01-04,3994.0 ,1031
2018-01-05,3985.0 ,787
2018-01-09,3982.0 ,2246
2018-01-10,3995.0 ,890
2018-01-11,3959.0 ,4938
2018-01-12,3999.0 ,2187
2018-01-15,4109.0 ,5056
2018-01-16,4174.0 ,9872
2018-01-17,4181.0 ,3451
2018-01-18,4160.0 ,4812
2018-01-19,4180.0 ,2690
2018-01-22,4070.0 ,7043
2018-01-23,4045.0 ,3072
2018-01-24,4010.0 ,1377
2018-01-25,4050.0 ,1594
2018-01-26,4085.0 ,1987
2018-01-29,4110.0 ,4237
2018-01-30,4074.0 ,1389
2018-01-31,4124.0 ,10375
2018-02-01,4131.0 ,6818
2018-02-02,4105.0 ,2303
2018-02-05,4110.0 ,2468
2018-02-06,4111.0 ,2121
2018-02-07,4160.0 ,7222
2018-02-08,4229.0 ,3861
2018-02-09,4225.0 ,9988
2018-02-12,4305.0 ,17233
2018-02-13,4292.0 ,1047
2018-02-14,4294.0 ,908
2018-02-15,4270.0 ,2525
2018-02-16,4240.0 ,1218
2018-02-19,4176.0 ,745
2018-02-20,4169.0 ,818
2018-02-21,4216.0 ,826
2018-02-22,4261.0 ,713
2018-02-26,4219.0 ,1343
2018-02-27,4222.0 ,563
2018-02-28,4212.0 ,2660
2018-03-01,4200.0 ,9439
2018-03-02,4150.0 ,12745
2018-03-05,4180.0 ,11123
2018-03-06,4219.0 ,10945
2018-03-07,4249.0 ,10251
2018-03-09,4220.0 ,2469
2018-03-12,4201.0 ,14391
2018-03-13,4160.0 ,12414
