DATE      ,CLOSE_PRICE,VOLUME
2006-12-26,3951.0     ,168395
2006-12-27,4037.0     ,289661
2006-12-28,4099.45    ,456913
2006-12-29,4080.0     ,222213
2007-01-09,3755.0     ,814300
2007-01-10,3722.94    ,869094
2007-01-11,3907.98    ,1234431
2007-01-12,3867.01    ,1005730
2007-01-15,4114.99    ,1403994
2007-01-16,4075.0     ,1704075
2007-01-17,4065.01    ,1262476
2007-01-18,4218.0     ,1905889
2007-01-19,4228.99    ,1138523
2007-01-22,4340.03    ,1287475
2007-01-23,4360.0     ,845154
2007-01-24,4369.99    ,1092029
2007-01-25,4353.0     ,944126
2007-01-26,4289.99    ,583480
2007-01-29,4305.0     ,837652
2007-01-30,4324.0     ,844829
2007-01-31,4399.99    ,1107567
2007-02-01,4660.0     ,2216538
2007-02-02,4684.0     ,3066836
2007-02-05,4755.09    ,2089422
2007-02-06,4799.99    ,1715525
2007-02-07,4807.99    ,1016587
2007-02-08,4656.0     ,1138004
2007-02-09,4708.9     ,845969
2007-02-12,4486.0     ,1959888
2007-02-13,4679.8     ,1653977
2007-02-14,4705.0     ,943381
2007-02-15,4755.9     ,911121
2007-02-16,4800.0     ,1253071
2007-02-19,4780.11    ,658743
2007-02-20,4777.0     ,913334
2007-02-21,4790.0     ,529514
2007-02-22,4880.0     ,1243862
2007-02-26,4946.99    ,774586
2007-02-27,4745.0     ,1806031
2007-02-28,4648.0     ,2183513
2007-03-01,4435.01    ,2088452
2007-03-02,4430.0     ,1467898
2007-03-05,4340.0     ,1844507
2007-03-06,4365.0     ,1300235
2007-03-07,4315.0     ,1041392
2007-03-09,4512.2     ,1479584
2007-03-12,4460.0     ,1563709
2007-03-13,4534.0     ,2262175
2007-03-14,4365.0     ,2063905
2007-03-15,4565.0     ,2352349
2007-03-16,4617.9     ,2247602
2007-03-19,4762.6     ,1666240
2007-03-20,4741.01    ,1852429
2007-03-21,4680.0     ,1016273
2007-03-22,4780.0     ,1558098
2007-03-23,4779.1     ,860673
2007-03-26,4770.0     ,809099
2007-03-27,4790.0     ,1005569
2007-03-28,4790.0     ,1240865
2007-03-29,4860.0     ,949868
2007-03-30,4825.0     ,641014
2007-04-02,4848.0     ,690193
2007-04-03,4972.1     ,2106405
2007-04-04,5045.93    ,2020536
2007-04-05,5120.0     ,1215889
2007-04-06,5141.0     ,680609
2007-04-09,5230.0     ,1105618
2007-04-10,5340.0     ,1720852
2007-04-11,5315.01    ,1767957
2007-04-12,5198.99    ,1585541
2007-04-13,5270.0     ,810596
2007-04-16,5309.89    ,700712
2007-04-17,5175.22    ,1467626
2007-04-18,5110.0     ,1555254
2007-04-19,4995.0     ,1828258
2007-04-20,5205.0     ,1015115
2007-04-23,5244.0     ,985735
2007-04-24,5175.0     ,1042023
2007-04-25,5145.0     ,886662
2007-04-26,5057.0     ,932290
2007-04-27,4880.0     ,1345087
2007-04-28,4946.0     ,278859
2007-05-02,4930.0     ,412021
2007-05-03,5170.0     ,1850163
2007-05-04,5167.0     ,1195809
2007-05-07,5217.02    ,761289
2007-05-08,5116.0     ,789501
2007-05-10,5078.0     ,1134665
2007-05-11,4970.0     ,1207461
2007-05-14,5030.0     ,1106760
2007-05-15,4960.0     ,1155686
2007-05-16,5030.0     ,1227338
2007-05-17,4890.8     ,1210222
2007-05-18,4988.99    ,1157246
2007-05-21,5040.0     ,812522
2007-05-22,4990.03    ,771116
2007-05-23,4805.9     ,1721528
2007-05-24,4784.0     ,2124138
2007-05-25,4725.0     ,948222
2007-05-28,4681.12    ,758067
2007-05-29,4500.0     ,1492457
2007-05-30,4553.0     ,1768038
2007-05-31,4809.0     ,2028275
2007-06-01,5185.0     ,3919887
2007-06-04,5130.0     ,3393327
2007-06-05,5110.0     ,1791582
2007-06-06,5108.9     ,1913823
2007-06-07,5024.97    ,1889062
2007-06-08,4990.0     ,2081654
2007-06-09,5028.03    ,392887
2007-06-13,5063.0     ,1371039
2007-06-14,5271.77    ,1731701
2007-06-15,5285.0     ,1648574
2007-06-18,5452.0     ,2349129
2007-06-19,5268.02    ,2151195
2007-06-20,5302.0     ,1302726
2007-06-21,5282.03    ,1578755
2007-06-22,5348.02    ,1896104
2007-06-25,5292.0     ,912858
2007-06-26,5434.99    ,2157136
2007-06-27,5326.87    ,1384354
2007-06-28,5399.79    ,1115866
2007-06-29,5359.0     ,840339
2007-07-02,5515.0     ,1589740
2007-07-03,5540.0     ,1763334
2007-07-04,5598.52    ,864302
2007-07-05,5705.75    ,1695548
2007-07-06,5660.0     ,895378
2007-07-09,5604.96    ,1004217
2007-07-10,5401.25    ,1719080
2007-07-11,5427.0     ,1890672
2007-07-12,5621.0     ,1695008
2007-07-13,5592.0     ,1390515
2007-07-16,5500.0     ,1380919
2007-07-17,5465.0     ,1067047
2007-07-18,5375.43    ,1069001
2007-07-19,5589.0     ,1637580
2007-07-20,5569.0     ,2065133
2007-07-23,5628.1     ,1438063
2007-07-24,5583.0     ,2677078
2007-07-25,5713.0     ,2241226
2007-07-26,5575.0     ,2783870
2007-07-27,5600.0     ,2774377
2007-07-30,5615.0     ,2177480
2007-07-31,5702.98    ,1607064
2007-08-01,5550.0     ,1537241
2007-08-02,5590.0     ,910053
2007-08-03,5522.0     ,1330526
2007-08-06,5440.0     ,1102850
2007-08-07,5428.31    ,677132
2007-08-08,5500.0     ,893687
2007-08-09,5315.0     ,1641937
2007-08-10,5186.0     ,1393739
2007-08-13,5299.0     ,1060929
2007-08-14,5395.0     ,1453599
2007-08-15,5279.0     ,1240177
2007-08-16,5111.99    ,1849632
2007-08-17,5182.18    ,3058150
2007-08-20,5170.0     ,1067928
2007-08-21,5200.0     ,1610539
2007-08-22,5335.91    ,1221561
2007-08-23,5441.19    ,1554094
2007-08-24,5439.96    ,1170730
2007-08-27,5510.0     ,855121
2007-08-28,5516.99    ,1018746
2007-08-29,5517.99    ,1170059
2007-08-30,5572.42    ,997594
2007-08-31,5715.0     ,1483285
2007-09-03,5651.13    ,1036188
2007-09-04,5591.9     ,1242900
2007-09-05,5603.0     ,1044356
2007-09-06,5684.99    ,1002349
2007-09-07,5588.0     ,1154143
2007-09-10,5650.0     ,994852
2007-09-11,5669.0     ,705599
2007-09-12,5619.64    ,1174517
2007-09-13,5678.25    ,646099
2007-09-14,5653.0     ,636584
2007-09-17,5617.0     ,480207
2007-09-18,5740.0     ,1385376
2007-09-19,6076.8     ,2858027
2007-09-20,6122.0     ,3431731
2007-09-21,6230.0     ,1475951
2007-09-24,6467.0     ,2633811
2007-09-25,6140.0     ,4012872
2007-09-26,6447.0     ,2270422
2007-09-27,6405.0     ,2614260
2007-09-28,6363.0     ,883446
2007-10-01,6273.1     ,950280
2007-10-02,6644.0     ,2364664
2007-10-03,6725.55    ,3246281
2007-10-04,6796.0     ,2268704
2007-10-05,6675.99    ,2513003
2007-10-08,6695.0     ,1108801
2007-10-09,6865.1     ,1331887
2007-10-10,6839.9     ,1672429
2007-10-11,6987.0     ,1377972
2007-10-12,6937.18    ,1135458
2007-10-15,6864.0     ,588009
2007-10-16,6637.02    ,943450
2007-10-17,6800.01    ,1784774
2007-10-18,6630.0     ,1140941
2007-10-19,6645.0     ,788566
2007-10-22,6569.0     ,935061
2007-10-23,6800.0     ,951830
2007-10-24,6827.0     ,1157661
2007-10-25,7107.05    ,2269902
2007-10-26,7206.0     ,1439536
2007-10-29,7150.0     ,1806942
2007-10-30,7059.0     ,1283979
2007-10-31,7270.0     ,2075720
2007-11-01,7264.89    ,2031472
2007-11-02,7610.0     ,2568988
2007-11-06,7502.0     ,1706161
2007-11-07,7410.0     ,1320761
2007-11-08,7575.0     ,1804251
2007-11-09,7620.5     ,1481439
2007-11-12,7619.9     ,1056389
2007-11-13,7540.0     ,902340
2007-11-14,7498.0     ,1426283
2007-11-15,7208.0     ,1710701
2007-11-16,6925.0     ,2199018
2007-11-19,6660.0     ,1551491
2007-11-20,6830.17    ,2680188
2007-11-21,6905.0     ,2922156
2007-11-22,6762.0     ,1540985
2007-11-23,7085.1     ,2481209
2007-11-26,7125.3     ,1784700
2007-11-27,6920.0     ,1472971
2007-11-28,6936.0     ,1874600
2007-11-29,6900.0     ,1260678
2007-11-30,6922.01    ,1332163
2007-12-03,6739.99    ,1084769
2007-12-04,6650.05    ,1218140
2007-12-05,6760.2     ,1028829
2007-12-06,6692.0     ,992715
2007-12-07,6808.0     ,1333563
2007-12-10,6758.0     ,1069782
2007-12-11,6687.0     ,969232
2007-12-12,6645.0     ,886387
2007-12-13,6510.0     ,1057467
2007-12-14,6336.0     ,1499337
2007-12-17,6220.05    ,817994
2007-12-18,6340.0     ,1590156
2007-12-19,6421.0     ,1609533
2007-12-20,6638.02    ,2090310
2007-12-21,6597.0     ,3423967
2007-12-24,6540.0     ,793032
2007-12-25,6551.0     ,489058
2007-12-26,6472.01    ,348643
2007-12-27,6545.0     ,767637
2007-12-28,6460.0     ,464827
2008-01-09,6420.01    ,524393
2008-01-10,6514.0     ,706484
2008-01-11,6460.2     ,458357
2008-01-14,6585.0     ,786993
2008-01-15,6466.0     ,1329643
2008-01-16,6199.0     ,1251735
2008-01-17,5895.0     ,2124327
2008-01-18,5925.0     ,1790082
2008-01-21,5386.0     ,2086495
2008-01-22,5490.0     ,3299442
2008-01-23,5296.02    ,2244860
2008-01-24,5600.0     ,2215087
2008-01-25,5958.0     ,2657978
2008-01-28,5750.02    ,2025277
2008-01-29,5927.0     ,1519463
2008-01-30,5830.0     ,1412628
2008-01-31,5690.0     ,3115766
2008-02-01,6141.0     ,2940544
2008-02-04,6580.0     ,3780850
2008-02-05,6311.0     ,3835220
2008-02-06,6570.0     ,4413381
2008-02-07,6544.0     ,4163984
2008-02-08,6485.0     ,2223085
2008-02-11,6736.0     ,2025379
2008-02-12,7095.0     ,2883406
2008-02-13,7071.0     ,2826643
2008-02-14,6976.05    ,2194339
2008-02-15,6805.0     ,1638294
2008-02-18,7110.0     ,2185919
2008-02-19,7190.0     ,2070642
2008-02-20,7185.0     ,2049836
2008-02-21,7350.0     ,1542642
2008-02-22,7354.95    ,978404
2008-02-26,7305.15    ,896122
2008-02-27,7215.0     ,1366843
2008-02-28,7000.0     ,1217247
2008-02-29,6955.0     ,1543891
2008-03-03,7190.0     ,1819855
2008-03-04,7193.0     ,1391459
2008-03-05,7199.0     ,922512
2008-03-06,7250.0     ,960570
2008-03-07,7121.01    ,900699
2008-03-11,7170.0     ,882570
2008-03-12,7017.0     ,1113169
2008-03-13,6906.06    ,909788
2008-03-14,6900.0     ,854273
2008-03-17,6541.0     ,1077456
2008-03-18,6623.0     ,882605
2008-03-19,6571.25    ,752118
2008-03-20,6484.0     ,1232103
2008-03-21,6474.09    ,941271
2008-03-24,6663.0     ,551732
2008-03-25,6519.99    ,611846
2008-03-26,6502.0     ,539191
2008-03-27,6619.0     ,595153
2008-03-28,6706.98    ,485780
2008-03-31,6620.0     ,381560
2008-04-01,6620.0     ,426703
2008-04-02,6596.0     ,336612
2008-04-03,6420.0     ,389498
2008-04-04,6390.0     ,578415
2008-04-07,6607.1     ,983394
2008-04-08,6705.0     ,1345033
2008-04-09,6982.1     ,1781686
2008-04-10,6919.9     ,1295154
2008-04-11,6799.0     ,1004320
2008-04-14,6692.0     ,1046448
2008-04-15,6701.35    ,616646
2008-04-16,6881.54    ,1057093
2008-04-17,6770.0     ,817594
2008-04-18,6902.0     ,1165887
2008-04-21,6800.25    ,597162
2008-04-22,6814.99    ,623735
2008-04-23,6794.0     ,485583
2008-04-24,6555.1     ,682461
2008-04-25,6655.0     ,731891
2008-04-28,6582.0     ,380475
2008-04-29,6486.11    ,455998
2008-04-30,6408.0     ,505568
2008-05-04,6559.0     ,411251
2008-05-05,6497.0     ,442263
2008-05-06,6439.0     ,430925
2008-05-07,6483.0     ,425400
2008-05-12,6680.0     ,773977
2008-05-13,6839.64    ,1000642
2008-05-14,7020.02    ,1360509
2008-05-15,7025.0     ,882553
2008-05-16,7095.0     ,925656
2008-05-19,7185.0     ,779048
2008-05-20,7351.2     ,2083710
2008-05-21,7385.0     ,1414367
2008-05-22,7165.0     ,1341052
2008-05-23,7035.0     ,1347380
2008-05-26,6860.0     ,585612
2008-05-27,6570.0     ,1244983
2008-05-28,6680.0     ,1023344
2008-05-29,6888.0     ,2612799
2008-05-30,6980.03    ,1190976
2008-06-02,6961.01    ,824555
2008-06-03,6835.0     ,1221816
2008-06-04,6654.99    ,776339
2008-06-05,6675.0     ,880409
2008-06-06,6615.01    ,748579
2008-06-07,6486.03    ,851785
2008-06-09,6520.0     ,855771
2008-06-10,6455.0     ,698554
2008-06-11,6369.0     ,1060224
2008-06-16,6428.0     ,600688
2008-06-17,6463.0     ,899156
2008-06-18,6423.0     ,841313
2008-06-19,6439.9     ,446644
2008-06-20,6351.61    ,783477
2008-06-23,6220.0     ,842619
2008-06-24,6040.0     ,825600
2008-06-25,5958.98    ,1480954
2008-06-26,5940.0     ,976488
2008-06-27,6033.55    ,1337571
2008-06-30,5905.0     ,1299443
2008-07-01,5675.0     ,2570387
2008-07-02,5733.99    ,1059979
2008-07-03,5724.0     ,1376640
2008-07-04,5737.45    ,580754
2008-07-07,5740.0     ,1026131
2008-07-08,5619.9     ,1323269
2008-07-09,5430.0     ,981137
2008-07-10,5397.0     ,903421
2008-07-11,5159.99    ,1094817
2008-07-14,5196.04    ,805477
2008-07-15,5022.0     ,961510
2008-07-16,5292.0     ,1853002
2008-07-17,5490.0     ,1795082
2008-07-18,5250.0     ,1687349
2008-07-21,5310.0     ,1005444
2008-07-22,5086.0     ,1167995
2008-07-23,5082.07    ,679629
2008-07-24,5037.5     ,807228
2008-07-25,4736.0     ,1219779
2008-07-28,4313.23    ,1503668
2008-07-29,4548.99    ,2162995
2008-07-30,4915.0     ,1873178
2008-07-31,4965.89    ,2805187
2008-08-01,5211.0     ,2749327
2008-08-04,5055.0     ,1513459
2008-08-05,4860.0     ,3921115
2008-08-06,4726.0     ,2529685
2008-08-07,4730.01    ,1819191
2008-08-08,4535.0     ,1429122
2008-08-11,4482.01    ,1291261
2008-08-12,4499.0     ,1604049
2008-08-13,4615.0     ,1369808
2008-08-14,4923.0     ,1708646
2008-08-15,4990.0     ,1322271
2008-08-18,4887.0     ,947260
2008-08-19,4650.05    ,1317974
2008-08-20,4835.0     ,1072870
2008-08-21,5009.0     ,1626129
2008-08-22,4855.0     ,1101489
2008-08-25,4935.0     ,1526981
2008-08-26,4859.0     ,1264007
2008-08-27,4824.91    ,860254
2008-08-28,4937.0     ,818279
2008-08-29,4816.0     ,649207
2008-09-01,4855.1     ,442384
2008-09-02,4664.99    ,785724
2008-09-03,4490.0     ,741147
2008-09-04,4215.02    ,1101150
2008-09-05,3825.0     ,2328609
2008-09-08,3750.0     ,1014558
2008-09-09,3170.0     ,1793124
2008-09-10,3170.0     ,2963345
2008-09-11,3051.0     ,1208352
2008-09-12,3249.99    ,1844182
2008-09-15,3470.0     ,1962201
2008-09-16,3100.0     ,1911129
2008-09-17,3052.1     ,576082
2008-09-18,           ,0
2008-09-19,3310.0     ,871243
2008-09-22,3510.0     ,434214
2008-09-23,3290.0     ,311926
2008-09-24,3411.1     ,383548
2008-09-25,3573.0     ,444985
2008-09-26,3700.0     ,674136
2008-09-29,3502.07    ,907735
2008-09-30,3479.0     ,741255
2008-10-01,3544.0     ,614715
2008-10-02,3300.0     ,624086
2008-10-03,2699.0     ,939523
2008-10-06,1884.98    ,814918
2008-10-07,1743.0     ,1281874
2008-10-08,1524.0     ,105157
2008-10-09,1578.0     ,978197
2008-10-10,           ,0
2008-10-13,1595.0     ,607083
2008-10-14,1947.0     ,722281
2008-10-15,1935.0     ,815165
2008-10-16,1860.0     ,600169
2008-10-17,1805.0     ,729672
2008-10-20,1908.7     ,428003
2008-10-21,1960.0     ,319366
2008-10-22,2115.0     ,1582563
2008-10-23,1980.0     ,1115829
2008-10-24,1570.0     ,778662
2008-10-27,           ,0
2008-10-28,1700.0     ,1537303
2008-10-29,1921.0     ,828430
2008-10-30,2385.21    ,875319
2008-10-31,2709.6     ,969633
2008-11-01,2780.0     ,229288
2008-11-05,2999.98    ,1105023
2008-11-06,2700.0     ,926359
2008-11-07,2731.01    ,401144
2008-11-10,2755.0     ,527684
2008-11-11,2442.01    ,638664
2008-11-12,           ,0
2008-11-13,2385.0     ,1362992
2008-11-14,2172.0     ,783906
2008-11-17,2085.0     ,816908
2008-11-18,2103.0     ,1138613
2008-11-19,2030.0     ,644387
2008-11-20,1975.0     ,1796405
2008-11-21,1855.95    ,640844
2008-11-24,2018.99    ,670448
2008-11-25,2016.0     ,1641686
2008-11-26,1986.87    ,919277
2008-11-27,2034.98    ,414293
2008-11-28,2020.54    ,431812
2008-12-01,1831.18    ,433664
2008-12-02,1757.0     ,610525
2008-12-03,1687.0     ,392252
2008-12-04,1725.55    ,434159
2008-12-05,1742.8     ,321627
2008-12-08,1861.99    ,478062
2008-12-09,1783.41    ,438263
2008-12-10,1819.98    ,451891
2008-12-11,1919.0     ,953033
2008-12-12,1918.9     ,643218
2008-12-15,1917.0     ,546510
2008-12-16,1890.0     ,427244
2008-12-17,1833.9     ,631413
2008-12-18,1723.01    ,391972
2008-12-19,1716.0     ,419727
2008-12-22,1800.0     ,727388
2008-12-23,1907.0     ,901321
2008-12-24,1951.0     ,965038
2008-12-25,1910.0     ,618182
2008-12-26,1901.0     ,252027
2008-12-29,1940.01    ,334084
2008-12-30,2005.0     ,376683
2008-12-31,2000.0     ,201157
2009-01-11,1947.54    ,198101
2009-01-12,1907.01    ,310198
2009-01-13,1847.0     ,297673
2009-01-14,1684.0     ,825651
2009-01-15,1580.0     ,968790
2009-01-16,1565.0     ,669924
2009-01-19,1482.5     ,542630
2009-01-20,1387.98    ,639910
2009-01-21,1383.0     ,1235363
2009-01-22,1300.0     ,717347
2009-01-23,1220.01    ,812420
2009-01-26,1306.0     ,1238776
2009-01-27,1289.99    ,1382123
2009-01-28,1329.0     ,895528
2009-01-29,1371.01    ,897797
2009-01-30,1487.01    ,1904864
2009-02-02,1480.88    ,1012807
2009-02-03,1450.0     ,764433
2009-02-04,1476.0     ,726129
2009-02-05,1402.04    ,705299
2009-02-06,1583.89    ,1144565
2009-02-09,1625.2     ,1842446
2009-02-10,1867.0     ,1888058
2009-02-11,2025.1     ,3208630
2009-02-12,1940.01    ,2983605
2009-02-13,2148.99    ,2022836
2009-02-16,2032.5     ,1383418
2009-02-17,1705.0     ,1418636
2009-02-18,1589.0     ,2489795
2009-02-19,1701.0     ,2022404
2009-02-20,1628.0     ,1787402
2009-02-24,1597.0     ,1600344
2009-02-25,1598.0     ,1248473
2009-02-26,1717.0     ,1683721
2009-02-27,1704.99    ,2471640
2009-03-02,1610.36    ,1259602
2009-03-03,1649.77    ,999861
2009-03-04,1748.99    ,1574234
2009-03-05,1686.01    ,1213849
2009-03-06,1715.0     ,1066222
2009-03-10,1830.0     ,1570683
2009-03-11,1719.0     ,1596377
2009-03-12,1836.99    ,2423265
2009-03-13,1854.0     ,2141940
2009-03-16,1983.0     ,1959683
2009-03-17,1990.04    ,2354995
2009-03-18,1940.0     ,1079873
2009-03-19,2092.03    ,2006851
2009-03-20,2362.0     ,2818692
2009-03-23,2475.0     ,1858405
2009-03-24,2205.0     ,1793935
2009-03-25,2178.0     ,1626147
2009-03-26,2267.0     ,2012455
2009-03-27,2132.01    ,2041368
2009-03-30,2087.01    ,1448577
2009-03-31,2067.03    ,1027881
2009-04-01,2084.99    ,854893
2009-04-02,2243.0     ,1587559
2009-04-03,2287.0     ,2099952
2009-04-06,2273.0     ,1633268
2009-04-07,2327.48    ,1007991
2009-04-08,2497.0     ,1214764
2009-04-09,2678.0     ,1996532
2009-04-10,2779.99    ,1437927
2009-04-13,2705.0     ,2201683
2009-04-14,2658.01    ,2013745
2009-04-15,2610.2     ,1415917
2009-04-16,2625.0     ,1201271
2009-04-17,2650.0     ,917331
2009-04-20,2615.0     ,1383689
2009-04-21,2527.0     ,1732014
2009-04-22,2633.97    ,1149455
2009-04-23,2680.0     ,1393660
2009-04-24,2634.0     ,1027234
2009-04-27,2658.99    ,824258
2009-04-28,2635.0     ,1007754
2009-04-29,2687.84    ,873763
2009-04-30,2775.0     ,1152211
2009-05-04,2898.0     ,832930
2009-05-05,2903.0     ,1054517
2009-05-06,3038.99    ,1183176
2009-05-07,3162.0     ,1881113
2009-05-08,3231.56    ,995557
2009-05-12,3384.99    ,1673940
2009-05-13,3175.01    ,1487417
2009-05-14,3150.0     ,1012524
2009-05-15,3140.0     ,877610
2009-05-18,3145.89    ,1062811
2009-05-19,3349.0     ,1570985
2009-05-20,3550.0     ,2100349
2009-05-21,3400.99    ,1009939
2009-05-22,3404.99    ,843485
2009-05-25,3322.51    ,557615
2009-05-26,3261.98    ,854895
2009-05-27,3360.11    ,1004721
2009-05-28,3376.21    ,1002444
2009-05-29,3480.0     ,948280
2009-06-01,3713.0     ,1033598
2009-06-02,3670.01    ,1379939
2009-06-03,3314.16    ,1038107
2009-06-04,3280.0     ,1123108
2009-06-05,3370.0     ,716869
2009-06-08,3157.9     ,853037
2009-06-09,3145.0     ,966175
2009-06-10,3364.99    ,1178758
2009-06-11,3495.0     ,1093812
2009-06-15,3215.0     ,872146
2009-06-16,3277.0     ,1082854
2009-06-17,3032.0     ,1042168
2009-06-18,2894.0     ,2040325
2009-06-19,2795.01    ,1289835
2009-06-22,2600.21    ,1012487
2009-06-23,2494.53    ,1558693
2009-06-24,2750.0     ,1625624
2009-06-25,2670.31    ,1279822
2009-06-26,2779.2     ,1840316
2009-06-29,2940.99    ,1338520
2009-06-30,2820.0     ,1355690
2009-07-01,2978.0     ,1461420
2009-07-02,2870.03    ,1165264
2009-07-03,2817.0     ,825522
2009-07-06,2646.03    ,829326
2009-07-07,2622.0     ,1405503
2009-07-08,2634.91    ,1436506
2009-07-09,2605.0     ,1551909
2009-07-10,2488.99    ,1557188
2009-07-13,2447.99    ,1497719
2009-07-14,2559.95    ,1788675
2009-07-15,2766.01    ,1414613
2009-07-16,2759.0     ,1418313
2009-07-17,2936.29    ,1964084
2009-07-20,3098.11    ,2537684
2009-07-21,3055.01    ,2663163
2009-07-22,2945.67    ,1777575
2009-07-23,3215.0     ,2389713
2009-07-24,3127.02    ,1891394
2009-07-27,3120.01    ,1407053
2009-07-28,3035.11    ,2536415
2009-07-29,2911.01    ,1830298
2009-07-30,3086.99    ,1994691
2009-07-31,3169.9     ,2371457
2009-08-03,3307.02    ,1552338
2009-08-04,3354.9     ,1429396
2009-08-05,3301.0     ,2139692
2009-08-06,3352.98    ,3221342
2009-08-07,3450.0     ,1741625
2009-08-10,3396.0     ,1542444
2009-08-11,3286.0     ,1281929
2009-08-12,3344.0     ,1636435
2009-08-13,3419.48    ,2071494
2009-08-14,3354.99    ,1408227
2009-08-17,3239.0     ,994789
2009-08-18,3250.0     ,1369198
2009-08-19,3260.01    ,952596
2009-08-20,3309.99    ,1006794
2009-08-21,3447.0     ,1079302
2009-08-24,3420.01    ,1623308
2009-08-25,3424.99    ,1025678
2009-08-26,3341.25    ,865682
2009-08-27,3350.0     ,1300994
2009-08-28,3485.01    ,1129157
2009-08-31,3385.0     ,793621
2009-09-01,3420.26    ,789018
2009-09-02,3285.01    ,1151636
2009-09-03,3297.98    ,633342
2009-09-04,3259.0     ,1061337
2009-09-07,3343.04    ,695803
2009-09-08,3409.99    ,907394
2009-09-09,3412.01    ,1086723
2009-09-10,3360.0     ,1106401
2009-09-11,3424.01    ,1009373
2009-09-14,3414.0     ,708116
2009-09-15,3539.0     ,1074433
2009-09-16,3569.79    ,2423658
2009-09-17,3724.99    ,3490068
2009-09-18,3720.0     ,1873350
2009-09-21,3612.0     ,1446465
2009-09-22,3779.0     ,1426559
2009-09-23,3788.0     ,1503055
2009-09-24,3651.0     ,2493223
2009-09-25,3766.79    ,1190212
2009-09-28,3801.99    ,814393
2009-09-29,3764.7     ,889774
2009-09-30,3732.5     ,1146579
2009-10-01,3783.36    ,859562
2009-10-02,3583.05    ,1338492
2009-10-05,3578.01    ,945821
2009-10-06,3704.9     ,880999
2009-10-07,3680.01    ,909392
2009-10-08,3858.88    ,1179765
2009-10-09,3882.0     ,1444089
2009-10-12,4096.96    ,1185956
2009-10-13,3915.0     ,1477203
2009-10-14,4111.22    ,1970470
2009-10-15,4050.0     ,1537740
2009-10-16,3923.0     ,1366040
2009-10-19,4119.92    ,1143655
2009-10-20,4166.0     ,1321999
2009-10-21,4297.13    ,1531357
2009-10-22,4301.0     ,1512131
2009-10-23,4298.0     ,1700421
2009-10-26,4245.0     ,940959
2009-10-27,4230.77    ,1154823
2009-10-28,3931.36    ,1549825
2009-10-29,4042.03    ,2086926
2009-10-30,3861.1     ,1581703
2009-11-02,3947.17    ,1100565
2009-11-03,3826.15    ,778888
2009-11-05,3965.0     ,950238
2009-11-06,3898.97    ,1029848
2009-11-09,4091.4     ,821998
2009-11-10,4155.0     ,981658
2009-11-11,4115.0     ,798881
2009-11-12,4074.0     ,827803
2009-11-13,4070.0     ,569619
2009-11-16,4240.0     ,914182
2009-11-17,4195.85    ,773511
2009-11-18,4250.92    ,1158991
2009-11-19,4106.96    ,887079
2009-11-20,4107.0     ,794892
2009-11-23,4120.12    ,1504396
2009-11-24,3981.82    ,974825
2009-11-25,3985.0     ,904327
2009-11-26,3870.0     ,950785
2009-11-27,3980.0     ,1366915
2009-11-30,4049.83    ,1049509
2009-12-01,4090.0     ,677320
2009-12-02,4228.06    ,1124449
2009-12-03,4177.0     ,985324
2009-12-04,4227.13    ,1044140
2009-12-07,4122.0     ,739027
2009-12-08,4178.0     ,950494
2009-12-09,4117.82    ,578638
2009-12-10,4112.51    ,649655
2009-12-11,4061.2     ,619517
2009-12-14,4122.69    ,440968
2009-12-15,4175.0     ,590174
2009-12-16,4290.44    ,853420
2009-12-17,4199.99    ,899317
2009-12-18,4177.01    ,571872
2009-12-21,4229.99    ,502823
2009-12-22,4181.03    ,525921
2009-12-23,4225.0     ,469496
2009-12-24,4144.94    ,613161
2009-12-25,4165.07    ,343993
2009-12-28,4213.94    ,243455
2009-12-29,4262.0     ,341918
2009-12-30,4244.12    ,242195
2009-12-31,4245.02    ,49637
2010-01-11,4695.4     ,1040792
2010-01-12,4640.06    ,755730
2010-01-13,4654.14    ,780141
2010-01-14,4892.94    ,1403216
2010-01-15,4884.62    ,821837
2010-01-18,5027.0     ,977258
2010-01-19,5040.0     ,1003547
2010-01-20,4945.0     ,961456
2010-01-21,4902.94    ,918468
2010-01-22,4809.15    ,1061788
2010-01-25,4720.0     ,895889
2010-01-26,4589.96    ,1010088
2010-01-27,4622.96    ,1237184
2010-01-28,4722.0     ,952415
2010-01-29,4711.33    ,914246
2010-02-01,4674.9     ,572955
2010-02-02,4780.0     ,839857
2010-02-03,4729.38    ,1021768
2010-02-04,4587.94    ,966562
2010-02-05,4484.99    ,1316774
2010-02-08,4500.0     ,913654
2010-02-09,4575.09    ,897389
2010-02-10,4472.0     ,970349
2010-02-11,4431.33    ,672279
2010-02-12,4411.0     ,1092429
2010-02-15,4490.0     ,466183
2010-02-16,4633.06    ,688992
2010-02-17,4592.0     ,779685
2010-02-18,4620.0     ,728850
2010-02-19,4710.0     ,802364
2010-02-24,4536.0     ,863949
2010-02-25,4438.05    ,750321
2010-02-26,4525.0     ,706395
2010-02-27,4590.0     ,224867
2010-03-01,4721.4     ,1078394
2010-03-02,4717.0     ,759132
2010-03-03,4806.41    ,932238
2010-03-04,4852.15    ,914809
2010-03-05,4933.0     ,727895
2010-03-09,4860.0     ,619575
2010-03-10,4894.88    ,890520
2010-03-11,4870.0     ,591976
2010-03-12,4960.0     ,743413
2010-03-15,4895.0     ,482264
2010-03-16,4975.0     ,611496
2010-03-17,5067.01    ,1094883
2010-03-18,4982.91    ,663617
2010-03-19,4987.75    ,688180
2010-03-22,4927.2     ,629396
2010-03-23,4983.94    ,740578
2010-03-24,4931.0     ,562569
2010-03-25,5040.0     ,743995
2010-03-26,5154.0     ,935852
2010-03-29,5387.0     ,1202048
2010-03-30,5390.0     ,1034300
2010-03-31,5430.0     ,865420
2010-04-01,5639.88    ,1212040
2010-04-02,5628.3     ,661548
2010-04-05,5600.58    ,392624
2010-04-06,5545.0     ,680462
2010-04-07,5410.0     ,740800
2010-04-08,5453.0     ,851614
2010-04-09,5541.0     ,643935
2010-04-12,5614.84    ,848055
2010-04-13,5638.9     ,659932
2010-04-14,5760.0     ,884305
2010-04-15,5811.41    ,944202
2010-04-16,5641.83    ,828814
2010-04-19,5529.0     ,1023849
2010-04-20,5609.0     ,682255
2010-04-21,5489.79    ,641978
2010-04-22,5360.05    ,1001829
2010-04-23,5592.0     ,1188293
2010-04-26,5670.0     ,716272
2010-04-27,5602.01    ,670256
2010-04-28,5452.0     ,988059
2010-04-29,5727.0     ,1202918
2010-04-30,5652.9     ,1027008
2010-05-04,5305.08    ,1286239
2010-05-05,5075.0     ,2092359
2010-05-06,5004.0     ,1416917
2010-05-07,4624.94    ,1328740
2010-05-11,4829.6     ,1541754
2010-05-12,5034.93    ,1815853
2010-05-13,5058.64    ,1242522
2010-05-14,4975.0     ,1381260
2010-05-17,5186.82    ,1949501
2010-05-18,5136.91    ,1373000
2010-05-19,5050.0     ,1273156
2010-05-20,4895.48    ,1642150
2010-05-21,4980.0     ,1264714
2010-05-24,4830.08    ,1019071
2010-05-25,4686.15    ,1251662
2010-05-26,4694.97    ,1264909
2010-05-27,4917.84    ,1581455
2010-05-28,5033.93    ,1126023
2010-05-31,5018.89    ,573460
2010-06-01,5161.02    ,1166327
2010-06-02,5168.0     ,1145615
2010-06-03,5060.0     ,1331775
2010-06-04,4921.0     ,1075687
2010-06-07,4867.86    ,912311
2010-06-08,4812.78    ,949462
2010-06-09,4915.0     ,852850
2010-06-10,5018.1     ,884163
2010-06-11,5003.0     ,671601
2010-06-15,5123.98    ,663381
2010-06-16,5086.0     ,757540
2010-06-17,4940.0     ,801606
2010-06-18,4910.13    ,584690
2010-06-21,5095.0     ,752929
2010-06-22,4989.0     ,679234
2010-06-23,4940.6     ,546979
2010-06-24,4890.01    ,621167
2010-06-25,4800.04    ,515573
2010-06-28,4876.57    ,481520
2010-06-29,4720.0     ,638907
2010-06-30,4495.0     ,987148
2010-07-01,4368.85    ,1059772
2010-07-02,4505.0     ,823539
2010-07-05,4618.0     ,761826
2010-07-06,4739.9     ,689677
2010-07-07,4785.62    ,920112
2010-07-08,4758.26    ,761910
2010-07-09,4815.0     ,587220
2010-07-12,4914.09    ,874598
2010-07-13,4949.79    ,819785
2010-07-14,4917.0     ,595214
2010-07-15,4840.22    ,653308
2010-07-16,4815.0     ,650941
2010-07-19,4852.0     ,571047
2010-07-20,4829.31    ,598015
2010-07-21,4893.0     ,789014
2010-07-22,5005.0     ,1021541
2010-07-23,5073.0     ,1048039
2010-07-26,5110.0     ,1114747
2010-07-27,5052.0     ,884814
2010-07-28,4989.94    ,723929
2010-07-29,5074.48    ,512085
2010-07-30,4970.0     ,807784
2010-08-02,5120.0     ,599743
2010-08-03,5039.99    ,601608
2010-08-04,5069.0     ,600308
2010-08-05,5100.0     ,496996
2010-08-06,5025.0     ,541797
2010-08-09,5183.01    ,967741
2010-08-10,5154.08    ,751944
2010-08-11,5048.94    ,690512
2010-08-12,4990.0     ,802120
2010-08-13,5010.0     ,588429
2010-08-16,5085.0     ,676604
2010-08-17,5202.0     ,820342
2010-08-18,5228.0     ,617432
2010-08-19,5155.0     ,736211
2010-08-20,5170.0     ,509963
2010-08-23,5184.91    ,445589
2010-08-24,5067.0     ,545575
2010-08-25,5018.0     ,511638
2010-08-26,5123.99    ,520614
2010-08-27,5198.0     ,587036
2010-08-30,5276.45    ,522537
2010-08-31,5190.0     ,664023
2010-09-01,5305.13    ,557802
2010-09-02,5231.25    ,547358
2010-09-03,5268.0     ,475850
2010-09-06,5225.0     ,309734
2010-09-07,5177.7     ,507226
2010-09-08,5263.99    ,770526
2010-09-09,5233.13    ,615210
2010-09-10,5208.88    ,749123
2010-09-13,5211.98    ,414211
2010-09-14,5080.0     ,823917
2010-09-15,4976.69    ,1290568
2010-09-16,5008.87    ,568449
2010-09-17,4945.0     ,440636
2010-09-20,4934.0     ,440471
2010-09-21,4969.5     ,513170
2010-09-22,4982.8     ,612921
2010-09-23,5012.0     ,761604
2010-09-24,5057.95    ,529054
2010-09-27,5031.9     ,477289
2010-09-28,5004.86    ,505365
2010-09-29,5125.0     ,829713
2010-09-30,5196.04    ,662184
2010-10-01,5254.7     ,776136
2010-10-04,5315.0     ,716388
2010-10-05,5294.82    ,720130
2010-10-06,5338.0     ,878669
2010-10-07,5353.5     ,598026
2010-10-08,5304.9     ,685690
2010-10-11,5369.95    ,471522
2010-10-12,5388.65    ,487760
2010-10-13,5400.0     ,601302
2010-10-14,5432.95    ,693206
2010-10-15,5492.0     ,870901
2010-10-18,5516.0     ,354951
2010-10-19,5425.01    ,567146
2010-10-20,5476.96    ,436079
2010-10-21,5550.08    ,535180
2010-10-22,5455.23    ,1105105
2010-10-25,5609.0     ,968646
2010-10-26,5575.0     ,560750
2010-10-27,5512.0     ,429229
2010-10-28,5573.67    ,491095
2010-10-29,5584.3     ,406554
2010-11-01,5612.97    ,452882
2010-11-02,5640.0     ,307691
2010-11-03,5604.95    ,546071
2010-11-08,5870.03    ,838444
2010-11-09,6080.0     ,1045548
2010-11-10,6020.0     ,691742
2010-11-11,5916.97    ,950757
2010-11-12,5906.29    ,663421
2010-11-13,5860.0     ,200179
2010-11-15,5919.95    ,609565
2010-11-16,5751.0     ,610930
2010-11-17,5791.0     ,880757
2010-11-18,5841.0     ,465834
2010-11-19,5926.04    ,651648
2010-11-22,5909.95    ,550723
2010-11-23,5865.05    ,552760
2010-11-24,6044.0     ,790503
2010-11-25,6140.08    ,1246220
2010-11-26,6045.0     ,820323
2010-11-29,5973.0     ,548808
2010-11-30,6053.03    ,625877
2010-12-01,6161.0     ,658239
2010-12-02,6450.0     ,1134527
2010-12-03,6670.0     ,1511210
2010-12-06,6655.27    ,722315
2010-12-07,6610.0     ,875818
2010-12-08,6479.0     ,817075
2010-12-09,6566.5     ,568439
2010-12-10,6698.88    ,742244
2010-12-13,6618.0     ,875490
2010-12-14,6725.0     ,1077113
2010-12-15,6790.0     ,1253705
2010-12-16,6700.0     ,1230320
2010-12-17,6698.0     ,567344
2010-12-20,6678.0     ,474992
2010-12-21,6695.5     ,490127
2010-12-22,6780.0     ,433378
2010-12-23,6824.0     ,390585
2010-12-24,6812.0     ,355126
2010-12-27,6755.19    ,177236
2010-12-28,6800.0     ,227566
2010-12-29,7195.0     ,1081134
2010-12-30,7165.0     ,498063
2011-01-11,7287.0     ,681898
2011-01-12,7498.99    ,1546836
2011-01-13,7395.0     ,548864
2011-01-14,7400.0     ,621390
2011-01-17,7462.84    ,472898
2011-01-18,7490.12    ,378663
2011-01-19,7464.0     ,308826
2011-01-20,7421.0     ,497118
2011-01-21,7500.0     ,576728
2011-01-24,7540.0     ,463774
2011-01-25,7502.0     ,433331
2011-01-26,7515.19    ,407507
2011-01-27,7602.0     ,957715
2011-01-28,7700.0     ,406190
2011-01-31,7470.0     ,771676
2011-02-01,7513.0     ,363698
2011-02-02,7590.0     ,499736
2011-02-03,7474.0     ,358104
2011-02-04,7441.0     ,438357
2011-02-07,7371.0     ,592255
2011-02-08,7231.0     ,537549
2011-02-09,7052.0     ,428320
2011-02-10,6839.98    ,698041
2011-02-11,7148.27    ,994261
2011-02-14,7110.0     ,498590
2011-02-15,7065.0     ,386185
2011-02-16,6965.0     ,442011
2011-02-17,6817.0     ,466514
2011-02-18,6701.14    ,370229
2011-02-21,6815.0     ,594874
2011-02-22,6785.47    ,506853
2011-02-24,6579.96    ,679933
2011-02-25,6857.76    ,669698
2011-02-28,6993.0     ,718892
2011-03-01,7021.0     ,793224
2011-03-02,7135.0     ,607049
2011-03-03,7101.0     ,434824
2011-03-04,7130.0     ,563233
2011-03-05,7198.0     ,147267
2011-03-09,7116.0     ,532362
2011-03-10,6880.0     ,741178
2011-03-11,6766.0     ,639144
2011-03-14,6936.0     ,685427
2011-03-15,7016.0     ,1352796
2011-03-16,6995.0     ,664713
2011-03-17,7165.0     ,577155
2011-03-18,7140.0     ,438426
2011-03-21,7200.0     ,288904
2011-03-22,7105.0     ,491774
2011-03-23,7235.0     ,597901
2011-03-24,7291.0     ,761144
2011-03-25,7495.0     ,957023
2011-03-28,7555.0     ,356025
2011-03-29,7432.0     ,672381
2011-03-30,7514.0     ,447168
2011-03-31,7463.0     ,464657
2011-04-01,7671.0     ,765765
2011-04-04,7818.0     ,860597
2011-04-05,7731.0     ,893929
2011-04-06,7751.0     ,526507
2011-04-07,7649.0     ,469593
2011-04-08,7609.0     ,479358
2011-04-11,7615.0     ,313484
2011-04-12,7560.0     ,633177
2011-04-13,7772.0     ,711249
2011-04-14,7668.0     ,534255
2011-04-15,7705.0     ,812394
2011-04-18,7360.0     ,939496
2011-04-19,7474.0     ,685882
2011-04-20,7694.0     ,605618
2011-04-21,7670.0     ,415226
2011-04-22,7700.0     ,171570
2011-04-25,7533.0     ,416439
2011-04-26,7679.0     ,613830
2011-04-27,7625.0     ,521718
2011-04-28,7625.0     ,386764
2011-04-29,7656.0     ,234805
2011-05-03,7230.0     ,675532
2011-05-04,7170.0     ,907900
2011-05-05,7081.0     ,776640
2011-05-06,7228.0     ,727078
2011-05-10,7365.0     ,704293
2011-05-11,7168.0     ,525672
2011-05-12,7305.0     ,970508
2011-05-13,7289.0     ,538730
2011-05-16,7170.0     ,445732
2011-05-17,6999.0     ,717515
2011-05-18,7095.0     ,411371
2011-05-19,7198.0     ,745883
2011-05-20,7010.0     ,444350
2011-05-23,6899.0     ,580067
2011-05-24,7030.0     ,500744
2011-05-25,7089.0     ,422959
2011-05-26,7031.0     ,445248
2011-05-27,7120.0     ,512029
2011-05-30,7152.0     ,198728
2011-05-31,7001.0     ,891923
2011-06-01,7036.0     ,516267
2011-06-02,7020.0     ,373989
2011-06-03,6909.0     ,423809
2011-06-06,6840.0     ,499129
2011-06-07,6967.0     ,492592
2011-06-08,7001.0     ,649823
2011-06-09,7030.0     ,375599
2011-06-10,7115.0     ,482087
2011-06-14,7045.0     ,361687
2011-06-15,7030.0     ,742933
2011-06-16,7013.0     ,463860
2011-06-17,7020.0     ,833205
2011-06-20,6901.0     ,523874
2011-06-21,6919.0     ,311422
2011-06-22,7040.0     ,556162
2011-06-23,7026.0     ,559457
2011-06-24,7135.0     ,512331
2011-06-27,7127.0     ,302307
2011-06-28,7316.0     ,760262
2011-06-29,7310.0     ,373318
2011-06-30,7295.0     ,386428
2011-07-01,7353.0     ,526736
2011-07-04,7398.0     ,231996
2011-07-05,7487.0     ,484919
2011-07-06,7491.0     ,298675
2011-07-07,7545.0     ,391834
2011-07-08,7499.0     ,311900
2011-07-11,7542.0     ,590903
2011-07-12,7632.0     ,676340
2011-07-13,7579.0     ,456751
2011-07-14,7560.0     ,405346
2011-07-15,7550.0     ,276115
2011-07-18,7500.0     ,316709
2011-07-19,7559.0     ,283444
2011-07-20,7550.0     ,251102
2011-07-21,7590.0     ,583429
2011-07-22,7530.0     ,311550
2011-07-25,7504.0     ,253694
2011-07-26,7463.0     ,216215
2011-07-27,7370.0     ,316206
2011-07-28,7365.0     ,270056
2011-07-29,7401.0     ,372513
2011-08-01,7467.0     ,358941
2011-08-02,7425.0     ,333538
2011-08-03,7259.0     ,354486
2011-08-04,7130.0     ,529350
2011-08-05,7066.0     ,609446
2011-08-08,6717.0     ,877881
2011-08-09,6489.0     ,1123425
2011-08-10,6609.0     ,1922251
2011-08-11,6460.0     ,1051002
2011-08-12,6730.0     ,721117
2011-08-15,6803.0     ,432150
2011-08-16,6632.0     ,369264
2011-08-17,6700.0     ,366370
2011-08-18,6486.0     ,418962
2011-08-19,6500.0     ,625149
2011-08-22,6480.0     ,278006
2011-08-23,6350.0     ,483780
2011-08-24,6476.0     ,395165
2011-08-25,6485.0     ,433858
2011-08-26,6830.0     ,608811
2011-08-29,7099.0     ,465212
2011-08-30,7003.0     ,402448
2011-08-31,7212.0     ,478469
2011-09-01,7200.0     ,524834
2011-09-02,7039.0     ,261405
2011-09-05,7071.0     ,565884
2011-09-06,7183.0     ,585828
2011-09-07,7364.0     ,1071414
2011-09-08,7510.0     ,719476
2011-09-09,7402.0     ,735141
2011-09-12,7554.0     ,646180
2011-09-13,7629.0     ,806374
2011-09-14,7601.0     ,386298
2011-09-15,7709.0     ,1197871
2011-09-16,7220.0     ,943841
2011-09-19,6873.0     ,866446
2011-09-20,6934.0     ,651404
2011-09-21,6920.0     ,572289
2011-09-22,6574.0     ,968389
2011-09-23,6363.0     ,917636
2011-09-26,6391.0     ,679692
2011-09-27,6513.0     ,492406
2011-09-28,7020.0     ,2264075
2011-09-29,7041.0     ,746579
2011-09-30,7013.0     ,832783
2011-10-03,6680.0     ,530537
2011-10-04,6194.0     ,878151
2011-10-05,6116.0     ,741409
2011-10-06,6280.0     ,569355
2011-10-07,6400.0     ,619432
2011-10-10,6378.0     ,580712
2011-10-11,6330.0     ,406915
2011-10-12,6283.0     ,530555
2011-10-13,6499.0     ,1067659
2011-10-14,6659.0     ,558066
2011-10-17,6500.0     ,657249
2011-10-18,6670.0     ,541682
2011-10-19,6525.0     ,505717
2011-10-20,6655.0     ,536895
2011-10-21,6580.0     ,268315
2011-10-24,6640.0     ,387579
2011-10-25,6306.0     ,601686
2011-10-26,6221.0     ,440885
2011-10-27,6245.0     ,578800
2011-10-28,6132.0     ,495387
2011-10-31,5970.0     ,445248
2011-11-01,5695.0     ,551945
2011-11-02,5785.0     ,420558
2011-11-03,5888.0     ,941959
2011-11-07,5983.0     ,311778
2011-11-08,5865.0     ,379001
2011-11-09,5570.0     ,520911
2011-11-10,5615.0     ,507684
2011-11-11,5523.0     ,355491
2011-11-14,5468.0     ,330093
2011-11-15,5278.0     ,655662
2011-11-16,5051.0     ,830514
2011-11-17,5235.0     ,1066207
2011-11-18,5296.0     ,835396
2011-11-21,5040.0     ,595209
2011-11-22,5120.0     ,640509
2011-11-23,5217.0     ,660424
2011-11-24,5008.0     ,349167
2011-11-25,5170.0     ,450460
2011-11-28,5355.0     ,528679
2011-11-29,5233.0     ,509968
2011-11-30,5431.0     ,767188
2011-12-01,5513.0     ,666030
2011-12-02,5440.0     ,516138
2011-12-05,5541.0     ,331615
2011-12-06,5350.0     ,838693
2011-12-07,5364.0     ,492780
2011-12-08,5350.0     ,460527
2011-12-09,5080.0     ,753682
2011-12-12,4751.0     ,711816
2011-12-13,5030.0     ,811727
2011-12-14,5000.0     ,691869
2011-12-15,5059.0     ,689206
2011-12-16,4967.0     ,412857
2011-12-19,4905.0     ,356837
2011-12-20,4926.0     ,315961
2011-12-21,4867.0     ,639750
2011-12-22,4775.0     ,363524
2011-12-23,4710.0     ,245813
2011-12-26,4758.0     ,119218
2011-12-27,4743.0     ,120005
2011-12-28,4782.0     ,262217
2011-12-29,4934.0     ,351555
2011-12-30,4929.0     ,159074
2012-01-03,5015.0     ,222780
2012-01-04,5001.0     ,170155
2012-01-05,4856.0     ,227250
2012-01-06,4852.0     ,156692
2012-01-09,4929.0     ,157088
2012-01-10,5219.0     ,645899
2012-01-11,5240.0     ,702649
2012-01-12,5350.0     ,587006
2012-01-13,5340.0     ,460745
2012-01-16,5341.0     ,330210
2012-01-17,5477.0     ,397316
2012-01-18,5471.0     ,338880
2012-01-19,5474.0     ,365703
2012-01-20,5451.0     ,232043
2012-01-23,5569.0     ,507515
2012-01-24,5555.0     ,400417
2012-01-25,5663.0     ,675937
2012-01-26,5771.0     ,631049
2012-01-27,5800.0     ,483787
2012-01-30,5701.0     ,406359
2012-01-31,5814.0     ,271319
2012-02-01,5893.0     ,401394
2012-02-02,5773.0     ,862184
2012-02-03,5852.0     ,370773
2012-02-06,5846.0     ,449338
2012-02-07,5881.0     ,433861
2012-02-08,5941.0     ,337218
2012-02-09,5747.0     ,614150
2012-02-10,5623.0     ,431656
2012-02-13,5829.0     ,313529
2012-02-14,5746.0     ,402488
2012-02-15,5792.0     ,339914
2012-02-16,5676.0     ,419309
2012-02-17,5656.0     ,260533
2012-02-20,5762.0     ,286814
2012-02-21,5646.0     ,315964
2012-02-22,5532.0     ,336300
2012-02-24,5730.0     ,561488
2012-02-27,5755.0     ,380391
2012-02-28,5715.0     ,339624
2012-02-29,5779.0     ,374752
2012-03-01,5754.0     ,304726
2012-03-02,5880.0     ,580337
2012-03-05,5932.0     ,446564
2012-03-06,5661.0     ,539921
2012-03-07,5666.0     ,403987
2012-03-11,5795.0     ,146995
2012-03-12,5740.0     ,377812
2012-03-13,5784.0     ,297499
2012-03-14,5908.0     ,408717
2012-03-15,5875.0     ,491209
2012-03-16,5808.0     ,222047
2012-03-19,5755.0     ,274478
2012-03-20,5523.0     ,503590
2012-03-21,5360.0     ,716177
2012-03-22,5384.0     ,555234
2012-03-23,5362.0     ,349352
2012-03-26,5366.0     ,380434
2012-03-27,5423.0     ,435476
2012-03-28,5391.0     ,589386
2012-03-29,5352.0     ,409940
2012-03-30,5400.0     ,502317
2012-04-02,5390.0     ,291184
2012-04-03,5500.0     ,386041
2012-04-04,5340.0     ,371792
2012-04-05,5394.0     ,359524
2012-04-06,5322.0     ,227310
2012-04-09,5345.0     ,304053
2012-04-10,5281.0     ,267814
2012-04-11,5262.0     ,322614
2012-04-12,5239.0     ,331338
2012-04-13,5235.0     ,224298
2012-04-16,5093.0     ,248357
2012-04-17,5070.0     ,331379
2012-04-18,5105.0     ,223711
2012-04-19,5259.0     ,384488
2012-04-20,5335.0     ,250467
2012-04-23,5141.0     ,266627
2012-04-24,5125.0     ,347931
2012-04-25,5097.0     ,207521
2012-04-26,5085.0     ,264004
2012-04-27,5185.0     ,251598
2012-04-28,5208.0     ,104361
2012-05-02,5171.0     ,188057
2012-05-03,5162.0     ,150256
2012-05-04,4933.0     ,339075
2012-05-05,4904.0     ,85248
2012-05-07,4916.0     ,119138
2012-05-08,4940.0     ,145301
2012-05-10,5001.0     ,366429
2012-05-11,5003.0     ,252551
2012-05-12,5018.0     ,52341
2012-05-14,4900.0     ,340061
2012-05-15,4925.0     ,287582
2012-05-16,5070.0     ,452666
2012-05-17,4933.0     ,464250
2012-05-18,4957.0     ,410905
2012-05-21,5041.0     ,202826
2012-05-22,4992.0     ,257198
2012-05-23,4893.0     ,297296
2012-05-24,4901.0     ,284746
2012-05-25,4778.0     ,253306
2012-05-28,4781.0     ,126798
2012-05-29,4923.0     ,244202
2012-05-30,4865.0     ,255745
2012-05-31,4928.0     ,352269
2012-06-01,4843.0     ,322865
2012-06-04,4910.0     ,316833
2012-06-05,4880.0     ,179680
2012-06-06,4901.0     ,215706
2012-06-07,5081.0     ,402912
2012-06-08,5020.0     ,286841
2012-06-09,5057.0     ,54049
2012-06-13,5037.0     ,208945
2012-06-14,5117.0     ,149791
2012-06-15,5223.0     ,428843
2012-06-18,5294.0     ,286502
2012-06-19,5321.0     ,338230
2012-06-20,5299.0     ,184887
2012-06-21,5239.0     ,245336
2012-06-22,5241.0     ,221869
2012-06-25,5218.0     ,192103
2012-06-26,5299.0     ,274239
2012-06-27,5403.0     ,345255
2012-06-28,5346.0     ,410107
2012-06-29,5376.0     ,379478
2012-07-02,5392.0     ,220589
2012-07-03,5375.0     ,375538
2012-07-04,5342.0     ,214808
2012-07-05,5347.0     ,308231
2012-07-06,5335.0     ,214863
2012-07-09,5299.0     ,159183
2012-07-10,5288.0     ,170766
2012-07-11,5213.0     ,206014
2012-07-12,5264.0     ,211705
2012-07-13,5297.0     ,194911
2012-07-16,5237.0     ,213159
2012-07-17,5167.0     ,280167
2012-07-18,5089.0     ,197508
2012-07-19,5140.0     ,232509
2012-07-20,5095.0     ,120964
2012-07-23,4960.0     ,349005
2012-07-24,4961.0     ,217200
2012-07-25,4930.0     ,257802
2012-07-26,4980.0     ,208575
2012-07-27,5039.0     ,173531
2012-07-30,5103.0     ,176414
2012-07-31,5002.0     ,161579
2012-08-01,5045.0     ,117732
2012-08-02,5035.0     ,285562
2012-08-03,5095.0     ,159875
2012-08-06,5097.0     ,214481
2012-08-07,5161.0     ,232587
2012-08-08,5116.0     ,134764
2012-08-09,5130.0     ,206110
2012-08-10,5070.0     ,204328
2012-08-13,5053.0     ,204483
2012-08-14,5078.0     ,134307
2012-08-15,5025.0     ,155937
2012-08-16,5001.0     ,155820
2012-08-17,4991.0     ,107459
2012-08-20,4975.0     ,210093
2012-08-21,5041.0     ,302822
2012-08-22,4992.0     ,150229
2012-08-23,5039.0     ,247013
2012-08-24,5039.0     ,227405
2012-08-27,5033.0     ,120418
2012-08-28,5028.0     ,166230
2012-08-29,4950.0     ,182232
2012-08-30,4885.0     ,257928
2012-08-31,4774.0     ,549739
2012-09-03,4826.0     ,259110
2012-09-04,4787.0     ,303316
2012-09-05,4758.0     ,176551
2012-09-06,4882.0     ,361944
2012-09-07,4945.0     ,558637
2012-09-10,4920.0     ,235426
2012-09-11,4946.0     ,263426
2012-09-12,4905.0     ,399706
2012-09-13,4889.0     ,226932
2012-09-14,5175.0     ,1663104
2012-09-17,5130.0     ,562937
2012-09-18,5116.0     ,477907
2012-09-19,5049.0     ,521135
2012-09-20,5043.0     ,354687
2012-09-21,5026.0     ,282491
2012-09-24,4991.0     ,238895
2012-09-25,4985.0     ,177844
2012-09-26,4921.0     ,452134
2012-09-27,4945.0     ,269552
2012-09-28,4950.0     ,209742
2012-10-01,5036.0     ,252273
2012-10-02,5032.0     ,235512
2012-10-03,4959.0     ,185999
2012-10-04,4897.0     ,278663
2012-10-05,4969.0     ,283256
2012-10-08,4923.0     ,157713
2012-10-09,4900.0     ,184098
2012-10-10,4820.0     ,373434
2012-10-11,4828.0     ,222615
2012-10-12,4806.0     ,236698
2012-10-15,4819.0     ,152589
2012-10-16,4870.0     ,279913
2012-10-17,4897.0     ,228128
2012-10-18,4835.0     ,258031
2012-10-19,4804.0     ,196227
2012-10-22,4818.0     ,188426
2012-10-23,4821.0     ,413638
2012-10-24,4840.0     ,335387
2012-10-25,4838.0     ,132831
2012-10-26,4770.0     ,173496
2012-10-29,4780.0     ,142424
2012-10-30,4775.0     ,113507
2012-10-31,4830.0     ,374421
2012-11-01,4858.0     ,226399
2012-11-02,4871.0     ,345412
2012-11-06,4887.0     ,268022
2012-11-07,4805.0     ,236108
2012-11-08,4820.0     ,258133
2012-11-09,4844.0     ,208817
2012-11-12,4815.0     ,253272
2012-11-13,4659.0     ,318432
2012-11-14,4614.0     ,311835
2012-11-15,4620.0     ,258879
2012-11-16,4619.0     ,239679
2012-11-19,4630.0     ,161086
2012-11-20,4650.0     ,191114
2012-11-21,4690.0     ,234507
2012-11-22,4695.0     ,107485
2012-11-23,4681.0     ,198000
2012-11-26,4652.0     ,396420
2012-11-27,4631.0     ,202183
2012-11-28,4700.0     ,282210
2012-11-29,4706.0     ,960160
2012-11-30,4811.0     ,617251
2012-12-03,4811.0     ,295090
2012-12-04,4876.0     ,490056
2012-12-05,5184.0     ,1323431
2012-12-06,5330.0     ,972339
2012-12-07,5300.0     ,408450
2012-12-10,5380.0     ,604358
2012-12-11,5265.0     ,853450
2012-12-12,5379.0     ,405039
2012-12-13,5358.0     ,292673
2012-12-14,5372.0     ,222853
2012-12-17,5581.0     ,762206
2012-12-18,5630.0     ,680653
2012-12-19,5683.0     ,342146
2012-12-20,5750.0     ,594651
2012-12-21,5690.0     ,350824
2012-12-24,5629.0     ,139758
2012-12-25,5660.0     ,118080
2012-12-26,5644.0     ,116640
2012-12-27,5626.0     ,128805
2012-12-28,5603.0     ,174103
2013-01-08,5741.0     ,192188
2013-01-09,5880.0     ,332533
2013-01-10,5935.0     ,491801
2013-01-11,5930.0     ,208815
2013-01-14,6000.0     ,257729
2013-01-15,5958.0     ,484941
2013-01-16,5980.0     ,354103
2013-01-17,5956.0     ,258621
2013-01-18,6032.0     ,356640
2013-01-21,6070.0     ,298284
2013-01-22,5984.0     ,280761
2013-01-23,6101.0     ,421188
2013-01-24,6038.0     ,259863
2013-01-25,6060.0     ,149243
2013-01-28,6015.0     ,257259
2013-01-29,5980.0     ,215721
2013-01-30,5984.0     ,328126
2013-01-31,5986.0     ,238979
2013-02-01,5976.0     ,152251
2013-02-04,5935.0     ,182667
2013-02-05,5969.0     ,241874
2013-02-06,5947.0     ,277834
2013-02-07,5935.0     ,167616
2013-02-08,5871.0     ,139801
2013-02-11,5897.0     ,116944
2013-02-12,5841.0     ,113181
2013-02-13,5875.0     ,254377
2013-02-14,5677.0     ,448787
2013-02-15,5550.0     ,405580
2013-02-18,5530.0     ,250515
2013-02-19,5676.0     ,518559
2013-02-20,5574.0     ,300954
2013-02-21,5491.0     ,525666
2013-02-22,5496.0     ,203395
2013-02-25,5577.0     ,147697
2013-02-26,5487.0     ,197043
2013-02-27,5517.0     ,272271
2013-02-28,5404.0     ,335085
2013-03-01,5347.0     ,206633
2013-03-04,5285.0     ,252279
2013-03-05,5430.0     ,417578
2013-03-06,5485.0     ,278771
2013-03-07,5465.0     ,147269
2013-03-11,5494.0     ,201210
2013-03-12,5438.0     ,219131
2013-03-13,5315.0     ,488593
2013-03-14,5333.0     ,208249
2013-03-15,5275.0     ,276840
2013-03-18,5169.0     ,469322
2013-03-19,5164.0     ,357744
2013-03-20,5195.0     ,275949
2013-03-21,5175.0     ,214117
2013-03-22,5159.0     ,171402
2013-03-25,5055.0     ,393234
2013-03-26,5125.0     ,318097
2013-03-27,5139.0     ,163780
2013-03-28,5240.0     ,248713
2013-03-29,5249.0     ,57272
2013-04-01,5201.0     ,105422
2013-04-02,5263.0     ,147251
2013-04-03,5251.0     ,179025
2013-04-04,5269.0     ,293199
2013-04-05,5223.0     ,185978
2013-04-08,5165.0     ,171927
2013-04-09,5306.0     ,217409
2013-04-10,5330.0     ,213913
2013-04-11,5192.0     ,194409
2013-04-12,5159.0     ,259249
2013-04-15,4980.0     ,411190
2013-04-16,4907.0     ,250799
2013-04-17,4831.0     ,326810
2013-04-18,4909.0     ,519772
2013-04-19,4998.0     ,173514
2013-04-22,4997.0     ,253597
2013-04-23,4938.0     ,201123
2013-04-24,5095.0     ,363474
2013-04-25,5055.0     ,332955
2013-04-26,5237.0     ,481757
2013-04-29,5222.0     ,417356
2013-04-30,5160.0     ,455997
2013-05-02,4740.0     ,396649
2013-05-03,4815.0     ,159231
2013-05-06,4832.0     ,353732
2013-05-07,4902.0     ,237471
2013-05-08,4934.0     ,209632
2013-05-10,4929.0     ,148995
2013-05-13,4816.0     ,353408
2013-05-14,4820.0     ,241533
2013-05-15,4710.0     ,239879
2013-05-16,4588.0     ,342446
2013-05-17,4662.0     ,227784
2013-05-20,4613.0     ,201938
2013-05-21,4720.0     ,262208
2013-05-22,4816.0     ,353778
2013-05-23,4643.0     ,374898
2013-05-24,4604.0     ,206791
2013-05-27,4617.0     ,102499
2013-05-28,4739.0     ,236942
2013-05-29,4640.0     ,186845
2013-05-30,4698.0     ,187073
2013-05-31,4645.0     ,318057
2013-06-03,4627.0     ,304284
2013-06-04,4678.0     ,189424
2013-06-05,4564.0     ,290339
2013-06-06,4565.0     ,242402
2013-06-07,4677.0     ,232676
2013-06-10,4642.0     ,191211
2013-06-11,4465.0     ,435347
2013-06-13,4385.0     ,345306
2013-06-14,4590.0     ,356004
2013-06-17,4670.0     ,348226
2013-06-18,4740.0     ,296196
2013-06-19,4725.0     ,174173
2013-06-20,4636.0     ,243682
2013-06-21,4499.0     ,394937
2013-06-24,4500.0     ,214784
2013-06-25,4595.0     ,226964
2013-06-26,4685.0     ,228946
2013-06-27,4694.0     ,210066
2013-06-28,4756.0     ,247342
2013-07-01,4754.0     ,161050
2013-07-02,4685.0     ,184589
2013-07-03,4635.0     ,172038
2013-07-04,4687.0     ,168149
2013-07-05,4609.0     ,220091
2013-07-08,4616.0     ,156410
2013-07-09,4607.0     ,114530
2013-07-10,4558.0     ,171001
2013-07-11,4699.0     ,276495
2013-07-12,4749.0     ,240154
2013-07-15,4675.0     ,213939
2013-07-16,4710.0     ,228108
2013-07-17,4839.0     ,346709
2013-07-18,4707.0     ,346946
2013-07-19,4680.0     ,255116
2013-07-22,4677.0     ,127202
2013-07-23,4721.0     ,185243
2013-07-24,4725.0     ,144457
2013-07-25,4616.0     ,287626
2013-07-26,4610.0     ,91944
2013-07-29,4541.0     ,228393
2013-07-30,4518.0     ,168142
2013-07-31,4439.0     ,359198
2013-08-01,4490.0     ,177422
2013-08-02,4425.0     ,241022
2013-08-05,4413.0     ,174087
2013-08-06,4385.0     ,187103
2013-08-07,4252.0     ,348806
2013-08-08,4105.0     ,724477
2013-08-09,4214.0     ,637398
2013-08-12,4256.0     ,265504
2013-08-13,4401.0     ,626305
2013-08-14,4468.0     ,405877
2013-08-15,4293.0     ,434473
2013-08-16,4311.0     ,350727
2013-08-19,4346.0     ,190599
2013-08-20,4308.0     ,135134
2013-08-21,4318.0     ,179871
2013-08-22,4425.0     ,342862
2013-08-23,4427.0     ,224261
2013-08-26,4413.0     ,101836
2013-08-27,4383.0     ,174634
2013-08-28,4331.0     ,199403
2013-08-29,4330.0     ,217779
2013-08-30,4370.0     ,283462
2013-09-02,4409.0     ,109382
2013-09-03,4416.0     ,177168
2013-09-04,4424.0     ,204113
2013-09-05,4555.0     ,438080
2013-09-06,4650.0     ,557814
2013-09-09,4720.0     ,434586
2013-09-10,4723.0     ,402175
2013-09-11,4600.0     ,391596
2013-09-12,4670.0     ,535230
2013-09-13,4624.0     ,266469
2013-09-16,4702.0     ,425609
2013-09-17,4735.0     ,213078
2013-09-18,4755.0     ,320831
2013-09-19,4842.0     ,671808
2013-09-20,4834.0     ,304018
2013-09-23,4774.0     ,247901
2013-09-24,4820.0     ,199795
2013-09-25,4832.0     ,198852
2013-09-26,4849.0     ,231275
2013-09-27,4744.0     ,224981
2013-09-30,4688.0     ,336894
2013-10-01,4765.0     ,470542
2013-10-02,4750.0     ,305360
2013-10-03,4752.0     ,222154
2013-10-04,4774.0     ,300812
2013-10-07,4760.0     ,238646
2013-10-08,4816.0     ,368953
2013-10-09,4827.0     ,239323
2013-10-10,4826.0     ,421775
2013-10-11,4840.0     ,245204
2013-10-14,4865.0     ,262589
2013-10-15,4969.0     ,436500
2013-10-16,4907.0     ,529194
2013-10-17,4827.0     ,581765
2013-10-18,4852.0     ,442600
2013-10-21,4852.0     ,236297
2013-10-22,4867.0     ,483784
2013-10-23,4939.0     ,877286
2013-10-24,4950.0     ,526990
2013-10-25,5060.0     ,660421
2013-10-28,5103.0     ,374382
2013-10-29,5040.0     ,373383
2013-10-30,5025.0     ,451629
2013-10-31,4856.0     ,655956
2013-11-01,4920.0     ,381518
2013-11-05,4911.0     ,225535
2013-11-06,4867.0     ,265738
2013-11-07,4874.0     ,222375
2013-11-08,4845.0     ,320309
2013-11-11,4882.0     ,293838
2013-11-12,4870.0     ,373971
2013-11-13,4780.0     ,423359
2013-11-14,4801.0     ,325997
2013-11-15,4778.0     ,330656
2013-11-18,4830.0     ,279089
2013-11-19,4873.0     ,218433
2013-11-20,4875.0     ,196077
2013-11-21,4865.0     ,208321
2013-11-22,4876.0     ,217488
2013-11-25,4914.0     ,218733
2013-11-26,4952.0     ,335163
2013-11-27,4940.0     ,343116
2013-11-28,4978.0     ,183612
2013-11-29,4984.0     ,301448
2013-12-02,5001.0     ,180201
2013-12-03,4982.0     ,327837
2013-12-04,4969.0     ,264438
2013-12-05,5016.0     ,401117
2013-12-06,5075.0     ,258404
2013-12-09,5088.0     ,467294
2013-12-10,5073.0     ,247918
2013-12-11,5039.0     ,204261
2013-12-12,5053.0     ,284954
2013-12-13,5091.0     ,309863
2013-12-16,5146.0     ,346368
2013-12-17,5215.0     ,351102
2013-12-18,5255.0     ,259950
2013-12-19,5421.0     ,632448
2013-12-20,5371.0     ,341671
2013-12-23,5363.0     ,214735
2013-12-24,5376.0     ,198107
2013-12-25,5402.0     ,129146
2013-12-26,5364.0     ,129941
2013-12-27,5406.0     ,110560
2013-12-30,5399.0     ,125831
2014-01-06,5280.0     ,209958
2014-01-08,5150.0     ,191811
2014-01-09,5140.0     ,224856
2014-01-10,5215.0     ,251942
2014-01-13,5469.0     ,672144
2014-01-14,5391.0     ,418464
2014-01-15,5438.0     ,326033
2014-01-16,5470.0     ,321418
2014-01-17,5528.0     ,406645
2014-01-20,5543.0     ,193607
2014-01-21,5596.0     ,279811
2014-01-22,5547.0     ,359296
2014-01-23,5520.0     ,353875
2014-01-24,5505.0     ,405397
2014-01-27,5459.0     ,338057
2014-01-28,5341.0     ,413977
2014-01-29,5332.0     ,473094
2014-01-30,5371.0     ,540541
2014-01-31,5378.0     ,643609
2014-02-03,5320.0     ,283450
2014-02-04,5330.0     ,455956
2014-02-05,5439.0     ,354431
2014-02-06,5514.0     ,384229
2014-02-07,5603.0     ,452832
2014-02-10,5579.0     ,279876
2014-02-11,5561.0     ,355938
2014-02-12,5593.0     ,182216
2014-02-13,5578.0     ,274423
2014-02-14,5694.0     ,363614
2014-02-17,5760.0     ,268808
2014-02-18,5814.0     ,342306
2014-02-19,5835.0     ,462585
2014-02-20,5832.0     ,440981
2014-02-21,5899.0     ,326821
2014-02-24,5946.0     ,306658
2014-02-25,5910.0     ,370519
2014-02-26,5865.0     ,429532
2014-02-27,5870.0     ,543768
2014-02-28,5980.0     ,513862
2014-03-03,5699.0     ,1528760
2014-03-04,5936.0     ,670924
2014-03-05,5990.0     ,485302
2014-03-06,6186.0     ,865043
2014-03-07,6267.0     ,624263
2014-03-11,6192.0     ,526493
2014-03-12,5909.0     ,647977
2014-03-13,5810.0     ,655125
2014-03-14,5768.0     ,686896
2014-03-17,5892.0     ,658496
2014-03-18,6115.0     ,474079
2014-03-19,6016.0     ,494021
2014-03-20,5841.0     ,376006
2014-03-21,5892.0     ,578822
2014-03-24,5896.0     ,287403
2014-03-25,6015.0     ,329290
2014-03-26,5851.0     ,422260
2014-03-27,5875.0     ,283442
2014-03-28,5816.0     ,386755
2014-03-31,5865.0     ,264726
2014-04-01,5963.0     ,319079
2014-04-02,6090.0     ,369814
2014-04-03,6051.0     ,236972
2014-04-04,6135.0     ,217988
2014-04-07,6118.0     ,409236
2014-04-08,6240.0     ,409013
2014-04-09,6209.0     ,443344
2014-04-10,6376.0     ,337916
2014-04-11,6471.0     ,339696
2014-04-14,6499.0     ,283710
2014-04-15,6415.0     ,311644
2014-04-16,6448.0     ,241962
2014-04-17,6440.0     ,134930
2014-04-18,6440.0     ,136343
2014-04-21,6393.0     ,117034
2014-04-22,6424.0     ,255226
2014-04-23,6428.0     ,200814
2014-04-24,6420.0     ,228970
2014-04-25,6491.0     ,380709
2014-04-28,6460.0     ,220650
2014-04-29,6425.0     ,269702
2014-04-30,6405.0     ,112738
2014-05-02,6409.0     ,103471
2014-05-05,6390.0     ,88852
2014-05-06,6415.0     ,215606
2014-05-07,6682.0     ,503176
2014-05-08,6784.0     ,398244
2014-05-12,6750.0     ,430248
2014-05-13,6757.0     ,210197
2014-05-14,6689.0     ,173372
2014-05-15,6617.0     ,210198
2014-05-16,6625.0     ,266901
2014-05-19,6643.0     ,216029
2014-05-20,6675.0     ,190438
2014-05-21,6573.0     ,202374
2014-05-22,6555.0     ,157260
2014-05-23,6494.0     ,130153
2014-05-26,6512.0     ,92500
2014-05-27,6534.0     ,289852
2014-05-28,6580.0     ,200866
2014-05-29,           ,0
2014-05-30,6656.0     ,189164
2014-06-02,6798.0     ,352192
2014-06-03,6870.0     ,170728
2014-06-04,6898.0     ,187389
2014-06-05,6882.0     ,219400
2014-06-06,6975.0     ,169441
2014-06-09,7029.0     ,212826
2014-06-10,6900.0     ,207612
2014-06-11,6940.0     ,207715
2014-06-16,6649.0     ,520423
2014-06-17,6622.0     ,219261
2014-06-18,6780.0     ,276596
2014-06-19,6839.0     ,188079
2014-06-20,6865.0     ,247349
2014-06-23,6899.0     ,195573
2014-06-24,6895.0     ,191568
2014-06-25,6766.0     ,191597
2014-06-26,6720.0     ,228827
2014-06-27,6715.0     ,120365
2014-06-30,6719.0     ,163975
2014-07-01,6798.0     ,132268
2014-07-02,6920.0     ,204711
2014-07-03,7005.0     ,231628
2014-07-04,6971.0     ,148269
2014-07-07,7149.0     ,184810
2014-07-08,7280.0     ,381218
2014-07-09,7316.0     ,167278
2014-07-10,7210.0     ,317565
2014-07-11,7260.0     ,158768
2014-07-14,7263.0     ,124991
2014-07-15,7300.0     ,204730
2014-07-16,7160.0     ,274249
2014-07-17,7135.0     ,342601
2014-07-18,7010.0     ,280507
2014-07-21,6819.0     ,254739
2014-07-22,7009.0     ,220574
2014-07-23,7145.0     ,206070
2014-07-24,7219.0     ,130980
2014-07-25,7039.0     ,275582
2014-07-28,6981.0     ,194139
2014-07-29,7030.0     ,186122
2014-07-30,7083.0     ,207320
2014-07-31,7060.0     ,163860
2014-08-01,6953.0     ,202172
2014-08-04,7000.0     ,178477
2014-08-05,6856.0     ,217880
2014-08-06,6733.0     ,273368
2014-08-07,6800.0     ,220177
2014-08-08,6883.0     ,189087
2014-08-11,           ,0
2014-08-12,6917.0     ,140852
2014-08-13,6980.0     ,236680
2014-08-14,6961.0     ,182079
2014-08-15,7025.0     ,149909
2014-08-18,7065.0     ,92357
2014-08-19,7300.0     ,235034
2014-08-20,7447.0     ,225976
2014-08-21,7445.0     ,249759
2014-08-22,7300.0     ,174863
2014-08-25,7342.0     ,69782
2014-08-26,7252.0     ,147759
2014-08-27,7300.0     ,114514
2014-08-28,7280.0     ,225254
2014-08-29,7230.0     ,221671
2014-09-01,7240.0     ,192938
2014-09-02,7177.0     ,150051
2014-09-03,7331.0     ,392697
2014-09-04,7309.0     ,217143
2014-09-05,7521.0     ,433199
2014-09-08,7510.0     ,232197
2014-09-09,7393.0     ,165841
2014-09-10,7380.0     ,174874
2014-09-11,7334.0     ,180003
2014-09-12,7400.0     ,173654
2014-09-15,7460.0     ,270268
2014-09-16,7625.0     ,294756
2014-09-17,7647.0     ,276647
2014-09-18,7647.0     ,140846
2014-09-19,7485.0     ,270483
2014-09-22,7160.0     ,384981
2014-09-23,7279.0     ,177359
2014-09-24,7325.0     ,145576
2014-09-25,7425.0     ,242803
2014-09-26,7498.0     ,192481
2014-09-29,7320.0     ,212698
2014-09-30,7320.0     ,276646
2014-10-01,7260.0     ,266081
2014-10-02,6996.0     ,460432
2014-10-03,6937.0     ,211614
2014-10-06,7048.0     ,236392
2014-10-07,7015.0     ,312758
2014-10-08,6811.0     ,304818
2014-10-09,6911.0     ,320325
2014-10-10,6800.0     ,255162
2014-10-13,6947.0     ,278355
2014-10-14,6956.0     ,266850
2014-10-15,7030.0     ,248460
2014-10-16,6990.0     ,375968
2014-10-17,7115.0     ,261141
2014-10-20,           ,0
2014-10-21,7501.0     ,661987
2014-10-22,7630.0     ,594555
2014-10-23,7760.0     ,596971
2014-10-24,7740.0     ,261652
2014-10-27,7590.0     ,410515
2014-10-28,7580.0     ,307982
2014-10-29,7760.0     ,392153
2014-10-30,7689.0     ,400597
2014-10-31,8033.0     ,531951
2014-11-03,7996.0     ,169555
2014-11-05,7954.0     ,238669
2014-11-06,8041.0     ,304794
2014-11-07,8000.0     ,523243
2014-11-10,8048.0     ,280324
2014-11-11,8084.0     ,214554
2014-11-12,8103.0     ,164723
2014-11-13,8030.0     ,230497
2014-11-14,8152.0     ,197362
2014-11-17,8280.0     ,225287
2014-11-18,8395.0     ,297264
2014-11-19,8483.0     ,169193
2014-11-20,8510.0     ,195057
2014-11-21,8422.0     ,282497
2014-11-24,8430.0     ,190143
2014-11-25,8502.0     ,178720
2014-11-26,8561.0     ,243859
2014-11-27,8605.0     ,279672
2014-11-28,8820.0     ,351972
2014-12-01,9640.0     ,816016
2014-12-02,9814.0     ,569154
2014-12-03,9900.0     ,399438
2014-12-04,9835.0     ,390661
2014-12-05,9851.0     ,251072
2014-12-08,9596.0     ,323060
2014-12-09,9463.0     ,255282
2014-12-10,9528.0     ,248449
2014-12-11,9368.0     ,294431
2014-12-12,9470.0     ,332776
2014-12-15,9575.0     ,647229
2014-12-16,10805.0    ,789005
2014-12-17,9216.0     ,618678
2014-12-18,9193.0     ,435792
2014-12-19,8860.0     ,297031
2014-12-22,8799.0     ,265270
2014-12-23,8049.0     ,289189
2014-12-24,8168.0     ,143963
2014-12-25,8005.0     ,63199
2014-12-26,7990.0     ,86546
2014-12-29,8360.0     ,217699
2014-12-30,8080.0     ,155255
2015-01-05,8590.0     ,132143
2015-01-06,9101.0     ,267759
2015-01-08,9550.0     ,233721
2015-01-09,9740.0     ,166479
2015-01-12,9839.0     ,124626
2015-01-13,10025.0    ,188403
2015-01-14,9600.0     ,369929
2015-01-15,9290.0     ,268153
2015-01-16,9561.0     ,171825
2015-01-19,9417.0     ,200594
2015-01-20,9470.0     ,235269
2015-01-21,9675.0     ,157702
2015-01-22,10386.0    ,398201
2015-01-23,10400.0    ,265557
2015-01-26,10755.0    ,246195
2015-01-27,11179.0    ,369558
2015-01-28,11534.0    ,283878
2015-01-29,11450.0    ,253431
2015-01-30,11610.0    ,245536
2015-02-02,11280.0    ,162507
2015-02-03,10990.0    ,150645
2015-02-04,10750.0    ,145151
2015-02-05,11100.0    ,331036
2015-02-06,11394.0    ,262558
2015-02-09,11352.0    ,295663
2015-02-10,11345.0    ,184783
2015-02-11,11697.0    ,208227
2015-02-12,12037.0    ,396436
2015-02-13,12106.0    ,239534
2015-02-16,11900.0    ,142184
2015-02-17,11375.0    ,229229
2015-02-18,11140.0    ,224242
2015-02-19,11355.0    ,209931
2015-02-20,11330.0    ,119680
2015-02-24,11348.0    ,110812
2015-02-25,11061.0    ,154312
2015-02-26,11093.0    ,176454
2015-02-27,11182.0    ,149551
2015-03-02,11269.0    ,119146
2015-03-03,11480.0    ,205261
2015-03-04,11140.0    ,141874
2015-03-05,11180.0    ,219284
2015-03-06,10990.0    ,128945
2015-03-10,10425.0    ,223751
2015-03-11,10588.0    ,175233
2015-03-12,10730.0    ,213017
2015-03-13,10380.0    ,224814
2015-03-16,10298.0    ,173739
2015-03-17,10595.0    ,200705
2015-03-18,10692.0    ,148046
2015-03-19,10410.0    ,285067
2015-03-20,10501.0    ,166255
2015-03-23,10420.0    ,138655
2015-03-24,10330.0    ,144495
2015-03-25,10500.0    ,143884
2015-03-26,10310.0    ,151642
2015-03-27,9905.0     ,232803
2015-03-30,10530.0    ,276497
2015-03-31,10399.0    ,361265
2015-04-01,10539.0    ,234662
2015-04-02,10090.0    ,364940
2015-04-03,10237.0    ,136662
2015-04-06,10200.0    ,148006
2015-04-07,10125.0    ,182283
2015-04-08,9986.0     ,190501
2015-04-09,9740.0     ,463092
2015-04-10,9936.0     ,443117
2015-04-13,9839.0     ,371322
2015-04-14,9520.0     ,396720
2015-04-15,9632.0     ,509307
2015-04-16,9480.0     ,393509
2015-04-17,9460.0     ,353862
2015-04-20,9590.0     ,276138
2015-04-21,9700.0     ,241349
2015-04-22,9600.0     ,369069
2015-04-23,9530.0     ,400008
2015-04-24,9719.0     ,271073
2015-04-27,9665.0     ,244327
2015-04-28,9673.0     ,178911
2015-04-29,9552.0     ,104444
2015-04-30,9640.0     ,160761
2015-05-05,10170.0    ,502485
2015-05-06,10500.0    ,376904
2015-05-07,10201.0    ,232788
2015-05-08,10540.0    ,213072
2015-05-12,10680.0    ,279781
2015-05-13,10435.0    ,211361
2015-05-14,10245.0    ,211905
2015-05-15,10288.0    ,154760
2015-05-18,10248.0    ,136781
2015-05-19,10039.0    ,195075
2015-05-20,10180.0    ,221352
2015-05-21,10210.0    ,377967
2015-05-22,9534.0     ,347332
2015-05-25,9515.0     ,114308
2015-05-26,9250.0     ,243382
2015-05-27,9380.0     ,242869
2015-05-28,9397.0     ,139475
2015-05-29,9005.0     ,228910
2015-06-01,9303.0     ,195015
2015-06-02,9619.0     ,259105
2015-06-03,9704.0     ,338782
2015-06-04,9742.0     ,253811
2015-06-05,9986.0     ,324237
2015-06-08,9954.0     ,173376
2015-06-09,9701.0     ,213760
2015-06-10,9595.0     ,155098
2015-06-11,9655.0     ,149045
2015-06-15,9758.0     ,160054
2015-06-16,9695.0     ,112721
2015-06-17,9680.0     ,117303
2015-06-18,9579.0     ,134578
2015-06-19,9685.0     ,125880
2015-06-22,9670.0     ,126734
2015-06-23,9503.0     ,198467
2015-06-24,9450.0     ,204470
2015-06-25,9400.0     ,113282
2015-06-26,9575.0     ,135945
2015-06-29,9540.0     ,81297
2015-06-30,9500.0     ,180425
2015-07-01,9215.0     ,331069
2015-07-02,9250.0     ,179563
2015-07-03,9263.0     ,71100
2015-07-06,9277.0     ,163889
2015-07-07,9340.0     ,229635
2015-07-08,9100.0     ,341656
2015-07-09,9101.0     ,197824
2015-07-10,9147.0     ,151578
2015-07-13,9366.0     ,244149
2015-07-14,9450.0     ,210123
2015-07-15,9488.0     ,159726
2015-07-16,9600.0     ,115116
2015-07-17,9536.0     ,134981
2015-07-20,9393.0     ,148473
2015-07-21,9428.0     ,117927
2015-07-22,9320.0     ,168551
2015-07-23,9119.0     ,233729
2015-07-24,9025.0     ,237591
2015-07-27,9022.0     ,297298
2015-07-28,9231.0     ,305743
2015-07-29,9359.0     ,271246
2015-07-30,9365.0     ,200307
2015-07-31,9427.0     ,230481
2015-08-03,9514.0     ,236751
2015-08-04,9889.0     ,384431
2015-08-05,10090.0    ,292005
2015-08-06,10125.0    ,257521
2015-08-07,10112.0    ,142649
2015-08-10,10222.0    ,163907
2015-08-11,           ,0
2015-08-12,9850.0     ,390380
2015-08-13,9870.0     ,230268
2015-08-14,10061.0    ,268481
2015-08-17,10000.0    ,259344
2015-08-18,9810.0     ,210517
2015-08-19,9725.0     ,205965
2015-08-20,10047.0    ,321159
2015-08-21,10060.0    ,306897
2015-08-24,10215.0    ,440007
2015-08-25,10071.0    ,225649
2015-08-26,10290.0    ,199544
2015-08-27,10371.0    ,221430
2015-08-28,10430.0    ,159214
2015-08-31,10569.0    ,161662
2015-09-01,10329.0    ,209669
2015-09-02,10350.0    ,175476
2015-09-03,10600.0    ,210005
2015-09-04,10570.0    ,158831
2015-09-07,10716.0    ,108669
2015-09-08,10746.0    ,179182
2015-09-09,11099.0    ,288091
2015-09-10,10931.0    ,173363
2015-09-11,10870.0    ,190998
2015-09-14,10924.0    ,108177
2015-09-15,11009.0    ,130899
2015-09-16,11119.0    ,168699
2015-09-17,11206.0    ,101362
2015-09-18,11100.0    ,198955
2015-09-21,11080.0    ,124399
2015-09-22,10693.0    ,290896
2015-09-23,10200.0    ,491661
2015-09-24,9662.0     ,545136
2015-09-25,9565.0     ,274145
2015-09-28,9382.0     ,260933
2015-09-29,9325.0     ,246301
2015-09-30,9500.0     ,248002
2015-10-01,9394.0     ,237317
2015-10-02,9470.0     ,162207
2015-10-05,9450.0     ,276512
2015-10-06,9346.0     ,340485
2015-10-07,9210.0     ,551922
2015-10-08,9149.0     ,384739
2015-10-09,9560.0     ,603133
2015-10-12,9620.0     ,364708
2015-10-13,9715.0     ,230631
2015-10-14,9700.0     ,406961
2015-10-15,9783.0     ,248952
2015-10-16,9601.0     ,240822
2015-10-19,9761.0     ,183044
2015-10-20,           ,0
2015-10-21,9390.0     ,270598
2015-10-22,9545.0     ,288138
2015-10-23,9735.0     ,320133
2015-10-26,9700.0     ,226019
2015-10-27,9710.0     ,195339
2015-10-28,9670.0     ,237681
2015-10-29,9503.0     ,172612
2015-10-30,9487.0     ,118637
2015-11-02,9585.0     ,89803
2015-11-03,9546.0     ,216300
2015-11-05,9580.0     ,177461
2015-11-06,9513.0     ,271005
2015-11-09,9499.0     ,138208
2015-11-10,9474.0     ,171694
2015-11-11,9371.0     ,143117
2015-11-12,9475.0     ,178182
2015-11-13,9469.0     ,201289
2015-11-16,9335.0     ,215008
2015-11-17,9364.0     ,237973
2015-11-18,9640.0     ,346105
2015-11-19,9670.0     ,314360
2015-11-20,9650.0     ,135060
2015-11-23,9492.0     ,250504
2015-11-24,9344.0     ,358995
2015-11-25,9427.0     ,142363
2015-11-26,9390.0     ,246435
2015-11-27,9220.0     ,244912
2015-11-30,8920.0     ,479024
2015-12-01,9054.0     ,318415
2015-12-02,8939.0     ,315454
2015-12-03,9113.0     ,345356
2015-12-04,8851.0     ,364262
2015-12-07,8925.0     ,252046
2015-12-08,8970.0     ,240337
2015-12-09,8935.0     ,189847
2015-12-10,8925.0     ,204236
2015-12-11,8900.0     ,179232
2015-12-14,8780.0     ,209934
2015-12-15,8965.0     ,286441
2015-12-16,9108.0     ,232048
2015-12-17,9450.0     ,377720
2015-12-18,9229.0     ,289906
2015-12-21,9048.0     ,260833
2015-12-22,9220.0     ,148817
2015-12-23,9410.0     ,207861
2015-12-24,9344.0     ,173300
2015-12-25,9344.0     ,74062
2015-12-28,9350.0     ,132303
2015-12-29,9189.0     ,165960
2015-12-30,9150.0     ,100636
2016-01-04,8922.0     ,117655
2016-01-05,9085.0     ,137855
2016-01-06,8990.0     ,139221
2016-01-11,8600.0     ,351544
2016-01-12,8553.0     ,229716
2016-01-13,8614.0     ,285791
2016-01-14,8464.0     ,305353
2016-01-15,8050.0     ,452033
2016-01-18,8290.0     ,382879
2016-01-19,8540.0     ,364563
2016-01-20,8649.0     ,399239
2016-01-21,9130.0     ,579900
2016-01-22,9100.0     ,513792
2016-01-25,9050.0     ,288149
2016-01-26,8880.0     ,315883
2016-01-27,8991.0     ,189513
2016-01-28,8970.0     ,241141
2016-01-29,8850.0     ,386637
2016-02-01,8698.0     ,200585
2016-02-02,8924.0     ,288525
2016-02-03,8770.0     ,124768
2016-02-04,8999.0     ,276021
2016-02-05,9005.0     ,166548
2016-02-08,8870.0     ,155959
2016-02-09,8650.0     ,232888
2016-02-10,8510.0     ,220355
2016-02-11,8376.0     ,322844
2016-02-12,8350.0     ,164454
2016-02-15,8345.0     ,249334
2016-02-16,8486.0     ,221273
2016-02-17,8633.0     ,236409
2016-02-18,8880.0     ,305310
2016-02-19,8745.0     ,213865
2016-02-20,8720.0     ,38125
2016-02-22,8750.0     ,89465
2016-02-24,8750.0     ,202066
2016-02-25,8750.0     ,174842
2016-02-26,8935.0     ,276916
2016-02-29,9142.0     ,288073
2016-03-01,9105.0     ,182576
2016-03-02,9093.0     ,115691
2016-03-03,9190.0     ,237028
2016-03-04,9300.0     ,312266
2016-03-07,9494.0     ,217966
2016-03-09,9300.0     ,206262
2016-03-10,9281.0     ,167321
2016-03-11,9221.0     ,248826
2016-03-14,9150.0     ,160747
2016-03-15,9202.0     ,293831
2016-03-16,9119.0     ,249577
2016-03-17,9243.0     ,294714
2016-03-18,9490.0     ,366142
2016-03-21,9390.0     ,234918
2016-03-22,9440.0     ,183055
2016-03-23,9240.0     ,196922
2016-03-24,9020.0     ,297323
2016-03-25,9046.0     ,57492
2016-03-28,8995.0     ,131811
2016-03-29,8935.0     ,269849
2016-03-30,8950.0     ,209004
2016-03-31,8700.0     ,475477
2016-04-01,8460.0     ,463312
2016-04-04,8459.0     ,402596
2016-04-05,8700.0     ,435472
2016-04-06,8799.0     ,356608
2016-04-07,8688.0     ,282850
2016-04-08,8629.0     ,219081
2016-04-11,8783.0     ,256254
2016-04-12,8730.0     ,284795
2016-04-13,9121.0     ,664689
2016-04-14,9150.0     ,418710
2016-04-15,9120.0     ,207340
2016-04-18,9270.0     ,296338
2016-04-19,9241.0     ,266485
2016-04-20,9259.0     ,336016
2016-04-21,9368.0     ,355278
2016-04-22,9750.0     ,640550
2016-04-25,9631.0     ,253652
2016-04-26,9750.0     ,201917
2016-04-27,9700.0     ,192929
2016-04-28,9709.0     ,338967
2016-04-29,9409.0     ,247396
2016-05-04,9100.0     ,302247
2016-05-05,8809.0     ,315704
2016-05-06,8760.0     ,248576
2016-05-10,8815.0     ,206973
2016-05-11,8850.0     ,196444
2016-05-12,8911.0     ,240392
2016-05-13,8986.0     ,197165
2016-05-16,8930.0     ,150736
2016-05-17,8930.0     ,117256
2016-05-18,9095.0     ,204083
2016-05-19,9190.0     ,263775
2016-05-20,9120.0     ,176586
2016-05-23,9031.0     ,118604
2016-05-24,9085.0     ,88587
2016-05-25,9079.0     ,139208
2016-05-26,9152.0     ,164819
2016-05-27,9140.0     ,93228
2016-05-30,           ,0
2016-05-31,8990.0     ,209379
2016-06-01,9029.0     ,148344
2016-06-02,8925.0     ,85848
2016-06-03,8859.0     ,148400
2016-06-06,8968.0     ,130633
2016-06-07,8974.0     ,138837
2016-06-08,8873.0     ,173306
2016-06-09,8699.0     ,203212
2016-06-10,8696.0     ,117210
2016-06-14,8670.0     ,165917
2016-06-15,8553.0     ,227509
2016-06-16,8498.0     ,230085
2016-06-17,8448.0     ,317544
2016-06-20,8300.0     ,236568
2016-06-21,8413.0     ,219254
2016-06-22,8349.0     ,156594
2016-06-23,8407.0     ,122829
2016-06-24,8380.0     ,255505
2016-06-27,8285.0     ,142053
2016-06-28,8480.0     ,181207
2016-06-29,8485.0     ,172811
2016-06-30,8540.0     ,107868
2016-07-01,8496.0     ,125541
2016-07-04,8861.0     ,350901
2016-07-05,8809.0     ,247559
2016-07-06,8772.0     ,122039
2016-07-07,8720.0     ,153952
2016-07-08,8672.0     ,158932
2016-07-11,8855.0     ,135158
2016-07-12,9025.0     ,223930
2016-07-13,9300.0     ,417127
2016-07-14,9297.0     ,210343
2016-07-15,9290.0     ,120553
2016-07-18,9308.0     ,144390
2016-07-19,9310.0     ,116093
2016-07-20,9297.0     ,164828
2016-07-21,9390.0     ,141189
2016-07-22,9400.0     ,144405
2016-07-25,9306.0     ,117792
2016-07-26,9339.0     ,113113
2016-07-27,9445.0     ,114158
2016-07-28,9535.0     ,182633
2016-07-29,9444.0     ,148807
2016-08-01,9637.0     ,149355
2016-08-02,9581.0     ,194069
2016-08-03,9660.0     ,115788
2016-08-04,9734.0     ,125603
2016-08-05,9778.0     ,114885
2016-08-08,9830.0     ,73244
2016-08-09,9850.0     ,96258
2016-08-10,9927.0     ,145964
2016-08-11,9989.0     ,202058
2016-08-12,9860.0     ,145454
2016-08-15,9967.0     ,136529
2016-08-16,9975.0     ,121293
2016-08-17,9770.0     ,88392
2016-08-18,9601.0     ,146014
2016-08-19,9788.0     ,139985
2016-08-22,9890.0     ,128831
2016-08-23,9879.0     ,69367
2016-08-24,9853.0     ,78650
2016-08-25,9760.0     ,101494
2016-08-26,9597.0     ,146965
2016-08-29,9640.0     ,107959
2016-08-30,9628.0     ,90201
2016-08-31,9571.0     ,83316
2016-09-01,9631.0     ,114787
2016-09-02,9717.0     ,97744
2016-09-05,9710.0     ,103040
2016-09-06,9926.0     ,113354
2016-09-07,9871.0     ,77304
2016-09-08,9780.0     ,79606
2016-09-09,9720.0     ,90956
2016-09-12,9690.0     ,95812
2016-09-13,9750.0     ,87158
2016-09-14,9546.0     ,121448
2016-09-15,9520.0     ,199516
2016-09-16,9470.0     ,120670
2016-09-19,9505.0     ,126637
2016-09-20,9562.0     ,91289
2016-09-21,9420.0     ,74578
2016-09-22,9715.0     ,230999
2016-09-23,9730.0     ,148558
2016-09-26,9667.0     ,81463
2016-09-27,9780.0     ,164399
2016-09-28,9952.0     ,233262
2016-09-29,9918.0     ,111084
2016-09-30,9812.0     ,135575
2016-10-03,9648.0     ,102362
2016-10-04,9639.0     ,96634
2016-10-05,9530.0     ,146116
2016-10-06,9475.0     ,124652
2016-10-07,9401.0     ,148758
2016-10-10,9406.0     ,116308
2016-10-11,9450.0     ,99602
2016-10-12,9432.0     ,119412
2016-10-13,9400.0     ,129183
2016-10-14,9390.0     ,56938
2016-10-17,9250.0     ,148919
2016-10-18,           ,0
2016-10-19,9269.0     ,104303
2016-10-20,9200.0     ,61777
2016-10-21,9376.0     ,88954
2016-10-24,9250.0     ,89931
2016-10-25,9304.0     ,96267
2016-10-26,9307.0     ,89174
2016-10-27,9451.0     ,133695
2016-10-28,9345.0     ,80713
2016-10-31,9344.0     ,169413
2016-11-01,9310.0     ,114459
2016-11-02,9200.0     ,96932
2016-11-03,9157.0     ,103409
2016-11-07,9230.0     ,168331
2016-11-08,9400.0     ,131010
2016-11-09,9590.0     ,209454
2016-11-10,10046.0    ,557404
2016-11-11,10150.0    ,444078
2016-11-14,10380.0    ,226656
2016-11-15,10367.0    ,248042
2016-11-16,10270.0    ,217581
2016-11-17,10289.0    ,138841
2016-11-18,10144.0    ,146996
2016-11-21,10137.0    ,92165
2016-11-22,10277.0    ,135931
2016-11-23,10490.0    ,141062
2016-11-24,10498.0    ,111211
2016-11-25,10450.0    ,71964
2016-11-28,10550.0    ,126652
2016-11-29,10468.0    ,135039
2016-11-30,10371.0    ,216540
2016-12-01,10620.0    ,182307
2016-12-02,10680.0    ,98071
2016-12-05,10830.0    ,128758
2016-12-06,10900.0    ,90388
2016-12-07,10990.0    ,126732
2016-12-08,11070.0    ,134676
2016-12-09,10996.0    ,112004
2016-12-12,10909.0    ,233932
2016-12-13,10804.0    ,166882
2016-12-14,10590.0    ,210673
2016-12-15,10512.0    ,403588
2016-12-16,10525.0    ,167041
2016-12-19,10260.0    ,135562
2016-12-20,10249.0    ,251355
2016-12-21,10194.0    ,228257
2016-12-22,10190.0    ,204236
2016-12-23,10170.0    ,211435
2016-12-26,10202.0    ,168795
2016-12-27,9896.0     ,184247
2016-12-28,           ,0
2016-12-29,9951.0     ,141386
2016-12-30,10122.0    ,115066
2017-01-03,10245.0    ,187145
2017-01-04,10195.0    ,150167
2017-01-05,10025.0    ,113456
2017-01-06,10040.0    ,76996
2017-01-09,10115.0    ,59446
2017-01-10,10397.0    ,155362
2017-01-11,10439.0    ,127176
2017-01-12,9994.0     ,611509
2017-01-13,9756.0     ,346521
2017-01-16,9761.0     ,136911
2017-01-17,9615.0     ,169780
2017-01-18,9549.0     ,157984
2017-01-19,9590.0     ,135387
2017-01-20,9360.0     ,207962
2017-01-23,9424.0     ,135490
2017-01-24,9486.0     ,251091
2017-01-25,9535.0     ,182688
2017-01-26,9790.0     ,275406
2017-01-27,9792.0     ,148086
2017-01-30,9772.0     ,112137
2017-01-31,9629.0     ,137944
2017-02-01,9848.0     ,163459
2017-02-02,10255.0    ,503321
2017-02-03,10089.0    ,252133
2017-02-06,9922.0     ,174682
2017-02-07,10136.0    ,170697
2017-02-08,10135.0    ,181642
2017-02-09,9999.0     ,118463
2017-02-10,10072.0    ,118992
2017-02-13,9890.0     ,176477
2017-02-14,9740.0     ,141314
2017-02-15,9940.0     ,248021
2017-02-16,9957.0     ,168824
2017-02-17,9720.0     ,266672
2017-02-20,9585.0     ,196375
2017-02-21,9677.0     ,104620
2017-02-22,9600.0     ,79924
2017-02-24,9498.0     ,183937
2017-02-27,9341.0     ,175139
2017-02-28,9311.0     ,248696
2017-03-01,9371.0     ,155841
2017-03-02,9306.0     ,160221
2017-03-03,9336.0     ,97166
2017-03-06,9324.0     ,83142
2017-03-07,9061.0     ,341783
2017-03-09,8807.0     ,290185
2017-03-10,8855.0     ,168332
2017-03-13,8965.0     ,133556
2017-03-14,9097.0     ,113755
2017-03-15,9057.0     ,180248
2017-03-16,9054.0     ,274194
2017-03-17,9169.0     ,241489
2017-03-20,9011.0     ,196243
2017-03-21,9109.0     ,162165
2017-03-22,9180.0     ,188896
2017-03-23,9182.0     ,100883
2017-03-24,9165.0     ,78961
2017-03-27,8891.0     ,193036
2017-03-28,9011.0     ,103265
2017-03-29,8985.0     ,80644
2017-03-30,8989.0     ,89989
2017-03-31,8929.0     ,95153
2017-04-03,8974.0     ,114662
2017-04-04,9000.0     ,105121
2017-04-05,9186.0     ,124549
2017-04-06,9133.0     ,123348
2017-04-07,9025.0     ,196681
2017-04-10,8956.0     ,155514
2017-04-11,8964.0     ,109699
2017-04-12,8924.0     ,111974
2017-04-13,8775.0     ,208100
2017-04-14,8710.0     ,42964
2017-04-17,8841.0     ,77081
2017-04-18,8556.0     ,190006
2017-04-19,8553.0     ,135979
2017-04-20,8620.0     ,130915
2017-04-21,8538.0     ,145299
2017-04-24,8685.0     ,176727
2017-04-25,8873.0     ,149714
2017-04-26,8890.0     ,171795
2017-04-27,8750.0     ,193810
2017-04-28,8747.0     ,160861
2017-05-02,8809.0     ,153926
2017-05-03,8688.0     ,152566
2017-05-04,8701.0     ,165870
2017-05-05,8765.0     ,131504
2017-05-10,8658.0     ,200296
2017-05-11,8500.0     ,207810
2017-05-12,8405.0     ,153250
2017-05-15,8530.0     ,164624
2017-05-16,8402.0     ,113969
2017-05-17,8372.0     ,135495
2017-05-18,8420.0     ,241348
2017-05-19,8305.0     ,122602
2017-05-22,8275.0     ,112447
2017-05-23,8359.0     ,109666
2017-05-24,8399.0     ,82265
2017-05-25,8227.0     ,144919
2017-05-26,8200.0     ,126080
2017-05-29,8143.0     ,70486
2017-05-30,8050.0     ,154345
2017-05-31,7902.0     ,314631
2017-06-01,7791.0     ,283785
2017-06-02,7829.0     ,233230
2017-06-05,7887.0     ,159842
2017-06-06,7898.0     ,124799
2017-06-07,7865.0     ,122570
2017-06-08,8013.0     ,149621
2017-06-09,8100.0     ,193627
2017-06-13,8058.0     ,158695
2017-06-14,8113.0     ,152743
2017-06-15,8011.0     ,473032
2017-06-16,8154.0     ,248522
2017-06-19,8250.0     ,171048
2017-06-20,8311.0     ,212940
2017-06-21,8290.0     ,248295
2017-06-22,7850.0     ,444514
2017-06-23,8015.0     ,379595
2017-06-26,7999.0     ,133668
2017-06-27,8126.0     ,163095
2017-06-28,8175.0     ,160350
2017-06-29,8180.0     ,127313
2017-06-30,8068.0     ,195603
2017-07-03,8246.0     ,120868
2017-07-04,8197.0     ,96847
2017-07-05,8288.0     ,151838
2017-07-06,8343.0     ,136882
2017-07-07,8373.0     ,151915
2017-07-10,8515.0     ,193488
2017-07-11,8591.0     ,119772
2017-07-12,8600.0     ,198692
2017-07-13,8496.0     ,178759
2017-07-14,8480.0     ,135168
2017-07-17,8593.0     ,178398
2017-07-18,8574.0     ,153118
2017-07-19,8693.0     ,126311
2017-07-20,8410.0     ,294050
2017-07-21,8388.0     ,420458
2017-07-24,8585.0     ,348803
2017-07-25,8675.0     ,790335
2017-07-26,8646.0     ,291899
2017-07-27,8865.0     ,253874
2017-07-28,8831.0     ,278590
2017-07-31,8930.0     ,201926
2017-08-01,9055.0     ,226209
2017-08-02,9142.0     ,236716
2017-08-03,9095.0     ,226345
2017-08-04,9099.0     ,115889
2017-08-07,9270.0     ,209361
2017-08-08,9200.0     ,168632
2017-08-09,9269.0     ,155444
2017-08-10,9180.0     ,148627
2017-08-11,9000.0     ,249329
2017-08-14,9050.0     ,115590
2017-08-15,8919.0     ,298141
2017-08-16,8725.0     ,602613
2017-08-17,8768.0     ,166826
2017-08-18,8899.0     ,261692
2017-08-21,9005.0     ,198361
2017-08-22,9071.0     ,162598
2017-08-23,9130.0     ,250141
2017-08-24,9220.0     ,214775
2017-08-25,9150.0     ,358990
2017-08-28,9289.0     ,135800
2017-08-29,9473.0     ,305359
2017-08-30,9500.0     ,279574
2017-08-31,9790.0     ,556145
2017-09-01,9803.0     ,357581
2017-09-04,9746.0     ,130404
2017-09-05,9692.0     ,146196
2017-09-06,9825.0     ,262020
2017-09-07,9660.0     ,228305
2017-09-08,9675.0     ,172956
2017-09-11,9667.0     ,229219
2017-09-12,9867.0     ,186130
2017-09-13,9650.0     ,195287
2017-09-14,9560.0     ,249580
2017-09-15,9535.0     ,208815
2017-09-18,9547.0     ,168612
2017-09-19,9613.0     ,143530
2017-09-20,9673.0     ,199277
2017-09-21,9710.0     ,243144
2017-09-22,9593.0     ,264969
2017-09-25,9650.0     ,187771
2017-09-26,9607.0     ,163477
2017-09-27,9649.0     ,158356
2017-09-28,9648.0     ,109981
2017-09-29,9920.0     ,397140
2017-10-02,10134.0    ,344316
2017-10-03,10253.0    ,291371
2017-10-04,10213.0    ,219816
2017-10-05,10328.0    ,187774
2017-10-06,10313.0    ,118414
2017-10-09,10438.0    ,139197
2017-10-10,10254.0    ,192315
2017-10-11,10275.0    ,176748
2017-10-12,10155.0    ,279010
2017-10-13,10490.0    ,492230
2017-10-16,10780.0    ,587617
2017-10-17,10730.0    ,269508
2017-10-18,10756.0    ,406090
2017-10-19,10527.0    ,274876
2017-10-20,10696.0    ,209763
2017-10-23,10673.0    ,128935
2017-10-24,10666.0    ,133852
2017-10-25,10390.0    ,239577
2017-10-26,10425.0    ,210995
2017-10-27,10532.0    ,151263
2017-10-30,10590.0    ,143267
2017-10-31,10592.0    ,181392
2017-11-01,11050.0    ,416048
2017-11-02,11350.0    ,505046
2017-11-03,11551.0    ,516509
2017-11-07,11610.0    ,424677
2017-11-08,11455.0    ,221535
2017-11-09,11465.0    ,243940
2017-11-10,11400.0    ,146370
2017-11-13,11470.0    ,134447
2017-11-14,11151.0    ,173877
2017-11-15,10803.0    ,216146
2017-11-16,11044.0    ,176537
2017-11-17,10813.0    ,112440
2017-11-20,10544.0    ,313993
2017-11-21,10515.0    ,472976
2017-11-22,10768.0    ,166614
2017-11-23,10609.0    ,113933
2017-11-24,10750.0    ,104314
2017-11-27,10550.0    ,101322
2017-11-28,10220.0    ,213459
2017-11-29,10107.0    ,157080
2017-11-30,9876.0     ,267827
2017-12-01,10080.0    ,137706
2017-12-04,10166.0    ,117134
2017-12-05,10077.0    ,135953
2017-12-06,10166.0    ,131809
2017-12-07,10063.0    ,109272
2017-12-08,10077.0    ,97607
2017-12-11,10423.0    ,134271
2017-12-12,10787.0    ,269204
2017-12-13,10512.0    ,142050
2017-12-14,10669.0    ,129846
2017-12-15,10595.0    ,173166
2017-12-18,10680.0    ,137850
2017-12-19,10653.0    ,93132
2017-12-20,10613.0    ,108259
2017-12-21,10531.0    ,137375
2017-12-22,10710.0    ,105756
2017-12-25,10655.0    ,26935
2017-12-26,10629.0    ,35289
2017-12-27,10621.0    ,124848
2017-12-28,10694.0    ,69933
2017-12-29,10850.0    ,92951
2018-01-03,11302.0    ,152990
2018-01-04,11585.0    ,200891
2018-01-05,11565.0    ,191238
2018-01-09,11675.0    ,244866
2018-01-10,11655.0    ,231328
2018-01-11,11662.0    ,225195
2018-01-12,11600.0    ,129018
2018-01-15,11750.0    ,136249
2018-01-16,11375.0    ,214015
2018-01-17,11498.0    ,263552
2018-01-18,11560.0    ,199705
2018-01-19,11470.0    ,155913
2018-01-22,11488.0    ,157334
2018-01-23,11198.0    ,279554
2018-01-24,11325.0    ,247870
2018-01-25,11537.0    ,262730
2018-01-26,11420.0    ,174245
2018-01-29,11539.0    ,208116
2018-01-30,11483.0    ,166658
2018-01-31,11608.0    ,174668
2018-02-01,11639.0    ,172681
2018-02-02,11496.0    ,193577
2018-02-05,11581.0    ,169438
2018-02-06,11308.0    ,305995
2018-02-07,11268.0    ,190000
2018-02-08,11110.0    ,163176
2018-02-09,11101.0    ,213171
2018-02-12,11147.0    ,133347
2018-02-13,11500.0    ,213964
2018-02-14,11761.0    ,264873
2018-02-15,11785.0    ,315490
2018-02-16,10810.0    ,1140685
2018-02-19,11171.0    ,580491
2018-02-20,11060.0    ,362250
2018-02-21,11300.0    ,516332
2018-02-22,11380.0    ,260419
2018-02-26,11874.0    ,402976
2018-02-27,11550.0    ,265654
2018-02-28,11159.0    ,347007
2018-03-01,11173.0    ,196345
2018-03-02,11248.0    ,138150
2018-03-05,11199.0    ,158462
2018-03-06,11161.0    ,534687
2018-03-07,11160.0    ,155791
2018-03-09,11077.0    ,166640
2018-03-12,           ,0
2018-03-13,11101.0    ,99039
2018-03-14,10881.0    ,212369
2018-03-15,10890.0    ,182542
2018-03-16,10927.0    ,211891
2018-03-19,10911.0    ,82011
2018-03-20,10950.0    ,147443
2018-03-21,10932.0    ,110234
2018-03-22,11003.0    ,93711
2018-03-23,10998.0    ,138654
2018-03-26,10750.0    ,106859
2018-03-27,10728.0    ,122646
2018-03-28,10695.0    ,96600
2018-03-29,10795.0    ,120855
2018-03-30,10760.0    ,28302
2018-04-02,10800.0    ,95784
