DATE      ,CLOSE_PRICE        ,VOLUME
2008-12-09,0.527              ,2632000
2008-12-10,0.512              ,7863800
2008-12-11,0.505              ,3347600
2008-12-12,0.49200000000000005,1170600
2008-12-15,0.496              ,298100
2008-12-16,0.45299999999999996,5794300
2008-12-17,0.408              ,2530700
2008-12-18,0.381              ,2983800
2008-12-19,0.397              ,4298200
2008-12-22,0.374              ,1817400
2008-12-23,0.36200000000000004,2985800
2008-12-24,0.36               ,275700
2008-12-25,0.348              ,931500
2008-12-26,0.326              ,1983100
2008-12-29,0.33299999999999996,710600
2008-12-30,0.348              ,2217200
2008-12-31,0.34               ,1729100
2009-01-11,0.345              ,651500
2009-01-12,0.349              ,733400
2009-01-13,0.336              ,1065000
2009-01-14,0.321              ,2570300
2009-01-15,0.34299999999999997,1190300
2009-01-16,0.349              ,1487700
2009-01-19,0.35               ,2002200
2009-01-20,0.34               ,1513100
2009-01-21,0.354              ,1490000
2009-01-22,0.34700000000000003,1002800
2009-01-23,0.34299999999999997,3520600
2009-01-26,0.353              ,1446500
2009-01-27,0.354              ,714500
2009-01-28,0.34700000000000003,255100
2009-01-29,0.341              ,38800
2009-01-30,0.34700000000000003,673300
2009-02-02,0.33799999999999997,2231200
2009-02-03,0.34               ,1534500
2009-02-04,0.349              ,1443800
2009-02-05,0.35200000000000004,6510100
2009-02-06,0.365              ,335700
2009-02-09,0.37               ,1358400
2009-02-10,0.376              ,167000
2009-02-11,0.38799999999999996,872700
2009-02-12,0.401              ,3853400
2009-02-13,0.429              ,846400
2009-02-16,0.4                ,2694100
2009-02-17,0.4                ,1294700
2009-02-18,0.39899999999999997,607500
2009-02-19,0.38799999999999996,989000
2009-02-20,0.39               ,1887000
2009-02-24,0.408              ,2356700
2009-02-25,0.42100000000000004,501200
2009-02-26,0.43               ,1537200
2009-02-27,0.428              ,1274400
2009-03-02,0.41200000000000003,3498100
2009-03-03,0.419              ,1981400
2009-03-04,0.409              ,50500
2009-03-05,0.38               ,2079500
2009-03-06,0.39799999999999996,1274600
2009-03-10,0.409              ,6174500
2009-03-11,0.44               ,1536300
2009-03-12,0.409              ,1315600
2009-03-13,0.409              ,129300
2009-03-16,0.409              ,123700
2009-03-17,0.415              ,2138000
2009-03-18,0.41100000000000003,3096900
2009-03-19,0.40700000000000003,2766800
2009-03-20,0.413              ,1499800
2009-03-23,0.41200000000000003,2553800
2009-03-24,0.4                ,347200
2009-03-25,0.418              ,4858400
2009-03-26,0.444              ,1675300
2009-03-27,0.42100000000000004,725100
2009-03-30,0.40700000000000003,963000
2009-03-31,0.41               ,1258300
2009-04-01,0.423              ,784800
2009-04-02,0.436              ,3644000
2009-04-03,0.419              ,1193100
2009-04-06,0.41200000000000003,1790900
2009-04-07,0.424              ,2689800
2009-04-08,0.42200000000000004,667100
2009-04-09,0.42               ,1177300
2009-04-10,0.43               ,2864800
2009-04-13,0.433              ,6923700
2009-04-14,0.46399999999999997,4136000
2009-04-15,0.44799999999999995,2174700
2009-04-16,0.514              ,12250400
2009-04-17,0.546              ,15377900
2009-04-20,0.501              ,5111100
2009-04-21,0.503              ,415900
2009-04-22,0.5529999999999999 ,6544600
2009-04-23,0.568              ,969800
2009-04-24,0.565              ,9737800
2009-04-27,0.545              ,3791800
2009-04-28,0.519              ,5763900
2009-04-29,0.5589999999999999 ,3911800
2009-04-30,0.613              ,8720600
2009-05-04,0.638              ,1585300
2009-05-05,0.613              ,4367700
2009-05-06,0.6609999999999999 ,3935600
2009-05-07,0.72               ,26537300
2009-05-08,0.718              ,3405600
2009-05-12,0.705              ,2297600
2009-05-13,0.7                ,2862100
2009-05-14,0.69               ,485100
2009-05-15,0.664              ,3414800
2009-05-18,0.675              ,425600
2009-05-19,0.69               ,1803200
2009-05-20,0.718              ,2138200
2009-05-21,0.67               ,733200
2009-05-22,0.674              ,546900
2009-05-25,0.679              ,2843500
2009-05-26,0.69               ,1219700
2009-05-27,0.721              ,1188400
2009-05-28,0.762              ,3448700
2009-05-29,0.8190000000000001 ,6986900
2009-06-01,0.9                ,5434400
2009-06-02,0.88               ,1454100
2009-06-03,0.909              ,3976500
2009-06-04,0.87               ,2686500
2009-06-05,0.888              ,1223500
2009-06-08,0.909              ,2806700
2009-06-09,0.9159999999999999 ,4077000
2009-06-10,0.937              ,6518700
2009-06-11,0.9420000000000001 ,1221600
2009-06-15,0.8959999999999999 ,4475100
2009-06-16,0.91               ,1418700
2009-06-17,0.885              ,2736200
2009-06-18,0.88               ,2481700
2009-06-19,0.84               ,2188100
2009-06-22,0.774              ,1925600
2009-06-23,0.795              ,3533700
2009-06-24,0.8                ,3047100
2009-06-25,0.8                ,1385300
2009-06-26,0.77               ,281900
2009-06-29,0.7759999999999999 ,652400
2009-06-30,0.78               ,9900
2009-07-01,0.83               ,5248400
2009-07-02,0.782              ,714200
2009-07-03,0.83               ,4250400
2009-07-06,0.8                ,984300
2009-07-07,0.826              ,2472000
2009-07-08,0.785              ,1036900
2009-07-09,0.753              ,853200
2009-07-10,0.789              ,2275700
2009-07-13,0.755              ,950500
2009-07-14,0.76               ,650200
2009-07-15,0.755              ,165700
2009-07-16,0.733              ,31800
2009-07-17,0.731              ,59700
2009-07-20,0.737              ,52600
2009-07-21,0.7829999999999999 ,206200
2009-07-22,0.745              ,371500
2009-07-23,0.778              ,735000
2009-07-24,0.7829999999999999 ,622700
2009-07-27,0.83               ,1023900
2009-07-28,0.79               ,149200
2009-07-29,0.784              ,19600
2009-07-30,0.8240000000000001 ,2515500
2009-07-31,0.816              ,192700
2009-08-03,0.81               ,2763300
2009-08-04,0.8290000000000001 ,1478100
2009-08-05,0.825              ,2665200
2009-08-06,0.8170000000000001 ,1772000
2009-08-07,0.812              ,259800
2009-08-10,0.8190000000000001 ,448600
2009-08-11,0.8290000000000001 ,498700
2009-08-12,0.816              ,134200
2009-08-13,0.8370000000000001 ,1007300
2009-08-14,0.818              ,874800
2009-08-17,0.82               ,3910700
2009-08-18,0.83               ,2378700
2009-08-19,0.818              ,108400
2009-08-20,0.848              ,1622800
2009-08-21,0.847              ,822700
2009-08-24,0.862              ,5494500
2009-08-25,0.878              ,768200
2009-08-26,0.88               ,5990100
2009-08-27,0.8490000000000001 ,829500
2009-08-28,0.948              ,20484300
2009-08-31,0.925              ,4016800
2009-09-01,0.912              ,2369300
2009-09-02,0.89               ,498400
2009-09-03,0.9279999999999999 ,685100
2009-09-04,0.9                ,368100
2009-09-07,0.897              ,809400
2009-09-08,0.91               ,1054800
2009-09-09,0.966              ,4237400
2009-09-10,0.9690000000000001 ,2426100
2009-09-11,1.092              ,7908900
2009-09-14,1.19               ,8225600
2009-09-15,1.365              ,7405100
2009-09-16,1.252              ,1469700
2009-09-17,1.19               ,680100
2009-09-18,1.248              ,575200
2009-09-21,1.227              ,2264300
2009-09-22,1.27               ,1278600
2009-09-23,1.295              ,1260100
2009-09-24,1.26               ,471100
2009-09-25,1.3                ,7604400
2009-09-28,1.345              ,1249900
2009-09-29,1.4769999999999999 ,6220200
2009-09-30,1.517              ,4794900
2009-10-01,1.65               ,12196600
2009-10-02,1.55               ,15166300
2009-10-05,1.5319999999999998 ,1075800
2009-10-06,1.545              ,1862500
2009-10-07,1.615              ,6712900
2009-10-08,1.81               ,9255000
2009-10-09,1.7830000000000001 ,4084500
2009-10-12,1.755              ,1332500
2009-10-13,1.71               ,2872500
2009-10-14,1.798              ,5338500
2009-10-15,1.849              ,5886000
2009-10-16,1.868              ,6474300
2009-10-19,1.858              ,2834300
2009-10-20,1.859              ,1890000
2009-10-21,1.858              ,5365600
2009-10-22,1.851              ,4156700
2009-10-23,1.96               ,3664400
2009-10-26,1.96               ,3184000
2009-10-27,1.88               ,3772800
2009-10-28,1.7990000000000002 ,5379200
2009-10-29,1.7890000000000001 ,3227800
2009-10-30,1.7                ,1810400
2009-11-02,1.725              ,885100
2009-11-03,1.662              ,1488500
2009-11-05,1.699              ,579800
2009-11-06,1.66               ,1169100
2009-11-09,1.7480000000000002 ,1961300
2009-11-10,1.796              ,659700
2009-11-11,1.91               ,4559000
2009-11-12,1.92               ,2768100
2009-11-13,1.939              ,922100
2009-11-16,2.012              ,2776600
2009-11-17,2.017              ,1887900
2009-11-18,2.015              ,5041800
2009-11-19,2.075              ,3924700
2009-11-20,2.07               ,1475400
2009-11-23,2.138              ,2684700
2009-11-24,2.1                ,4117100
2009-11-25,2.096              ,3941900
2009-11-26,1.95               ,2126200
2009-11-27,1.99               ,4581400
2009-11-30,1.96               ,939400
2009-12-01,2.125              ,3498900
2009-12-02,2.15               ,1117500
2009-12-03,2.193              ,2252100
2009-12-04,2.188              ,1720500
2009-12-07,2.127              ,1080700
2009-12-08,2.116              ,2055600
2009-12-09,2.077              ,477500
2009-12-10,2.103              ,685500
2009-12-11,2.148              ,1238800
2009-12-14,2.112              ,628800
2009-12-15,2.135              ,557600
2009-12-16,2.174              ,3944100
2009-12-17,2.2230000000000003 ,7965700
2009-12-18,2.246              ,1280800
2009-12-21,2.194              ,1518900
2009-12-22,2.219              ,820700
2009-12-23,2.189              ,2123300
2009-12-24,2.194              ,1817600
2009-12-25,2.17               ,1148200
2009-12-28,2.145              ,1984700
2009-12-29,2.146              ,615100
2009-12-30,2.17               ,627900
2009-12-31,2.186              ,219300
2010-01-11,2.267              ,706400
2010-01-12,2.2769999999999997 ,207800
2010-01-13,2.5540000000000003 ,9027200
2010-01-14,2.7                ,15451700
2010-01-15,2.832              ,10671600
2010-01-18,2.85               ,6323200
2010-01-19,2.85               ,6996700
2010-01-20,2.815              ,2348400
2010-01-21,2.737              ,1162100
2010-01-22,2.6310000000000002 ,1953300
2010-01-25,2.7                ,1518300
2010-01-26,2.6919999999999997 ,4162700
2010-01-27,2.82               ,3193000
2010-01-28,2.835              ,4383000
2010-01-29,2.787              ,2123900
2010-02-01,2.7439999999999998 ,957400
2010-02-02,2.806              ,2088600
2010-02-03,2.838              ,2939500
2010-02-04,2.7460000000000004 ,1829400
2010-02-05,2.722              ,1696700
2010-02-08,2.7089999999999996 ,1964500
2010-02-09,2.8                ,3639100
2010-02-10,2.77               ,8158300
2010-02-11,2.639              ,5596300
2010-02-12,2.529              ,3689800
2010-02-15,2.523              ,1059600
2010-02-16,2.676              ,1648400
2010-02-17,2.659              ,746500
2010-02-18,2.69               ,1427100
2010-02-19,2.6660000000000004 ,1477300
2010-02-24,2.655              ,952100
2010-02-25,2.633              ,1417100
2010-02-26,2.628              ,772900
2010-02-27,2.63               ,653400
2010-03-01,2.5989999999999998 ,8984800
2010-03-02,2.5989999999999998 ,1680600
2010-03-03,2.636              ,2623100
2010-03-04,2.66               ,3086500
2010-03-05,2.719              ,5142600
2010-03-09,2.738              ,1175200
2010-03-10,2.718              ,5033700
2010-03-11,2.72               ,2228000
2010-03-12,2.75               ,4408800
2010-03-15,2.82               ,8217900
2010-03-16,2.897              ,8082200
2010-03-17,2.97               ,11110000
2010-03-18,2.946              ,7822800
2010-03-19,2.988              ,9234500
2010-03-22,2.9389999999999996 ,8360300
2010-03-23,2.949              ,4083400
2010-03-24,2.932              ,2194600
2010-03-25,2.93               ,2541400
2010-03-26,2.929              ,4654600
2010-03-29,2.92               ,4297800
2010-03-30,2.95               ,3658100
2010-03-31,3.0660000000000003 ,21236200
2010-04-01,3.3939999999999997 ,33885000
2010-04-02,3.5460000000000003 ,17732100
2010-04-05,3.76               ,17464000
2010-04-06,3.74               ,12001800
2010-04-07,3.545              ,9634500
2010-04-08,3.615              ,6155100
2010-04-09,3.65               ,4382100
2010-04-12,3.6189999999999998 ,4190500
2010-04-13,3.5439999999999996 ,3842200
2010-04-14,3.575              ,1531200
2010-04-15,3.46               ,1998800
2010-04-16,3.324              ,3513000
2010-04-19,3.27               ,6238600
2010-04-20,3.3280000000000003 ,5203100
2010-04-21,3.239              ,1803100
2010-04-22,3.178              ,849400
2010-04-23,3.2880000000000003 ,1714200
2010-04-26,3.38               ,5112200
2010-04-27,3.26               ,2253300
2010-04-28,3.213              ,4639700
2010-04-29,3.208              ,1415700
2010-04-30,3.195              ,1873200
2010-05-04,3.178              ,2098500
2010-05-05,3.095              ,3065000
2010-05-06,3.109              ,2418900
2010-05-07,2.9                ,4927800
2010-05-11,3.0189999999999997 ,1899400
2010-05-12,3.069              ,3128000
2010-05-13,3.0                ,5682000
2010-05-14,2.95               ,7
2010-05-17,2.8989999999999996 ,1874800
2010-05-18,2.93               ,939700
2010-05-19,2.824              ,961300
2010-05-20,2.66               ,1849100
2010-05-21,2.5989999999999998 ,2127300
2010-05-24,2.667              ,3079800
2010-05-25,2.509              ,1242800
2010-05-26,2.6489999999999996 ,1255100
2010-05-27,2.781              ,1567300
2010-05-28,2.785              ,1039500
2010-05-31,2.764              ,2097700
2010-06-01,2.77               ,2320200
2010-06-02,2.8480000000000003 ,4183100
2010-06-03,2.909              ,9370000
2010-06-04,2.782              ,1650300
2010-06-07,2.717              ,688000
2010-06-08,2.67               ,1215000
2010-06-09,2.65               ,1135900
2010-06-10,2.665              ,3291400
2010-06-11,2.539              ,2766000
2010-06-15,2.602              ,9829500
2010-06-16,2.6                ,3113600
2010-06-17,2.5839999999999996 ,9830000
2010-06-18,2.612              ,2044500
2010-06-21,2.6510000000000002 ,3174900
2010-06-22,2.6010000000000004 ,1369500
2010-06-23,2.589              ,614300
2010-06-24,2.57               ,807100
2010-06-25,2.492              ,1570600
2010-06-28,2.506              ,503600
2010-06-29,2.45               ,2500100
2010-06-30,2.447              ,1554700
2010-07-01,2.423              ,2326500
2010-07-02,2.4419999999999997 ,154600
2010-07-05,2.3819999999999997 ,3004000
2010-07-06,2.525              ,3389300
2010-07-07,2.4859999999999998 ,198000
2010-07-08,2.559              ,2073300
2010-07-09,2.55               ,211300
2010-07-12,2.6                ,586900
2010-07-13,2.633              ,1663000
2010-07-14,2.638              ,680200
2010-07-15,2.588              ,497800
2010-07-16,2.595              ,2487000
2010-07-19,2.597              ,273400
2010-07-20,2.688              ,3314300
2010-07-21,2.76               ,4673500
2010-07-22,2.7739999999999996 ,1810300
2010-07-23,2.878              ,5269200
2010-07-26,2.842              ,1698400
2010-07-27,2.877              ,2293800
2010-07-28,2.81               ,3905000
2010-07-29,2.839              ,12015300
2010-07-30,2.83               ,2290500
2010-08-02,2.89               ,3134400
2010-08-03,2.8689999999999998 ,2994400
2010-08-04,2.859              ,1074400
2010-08-05,2.8689999999999998 ,18565600
2010-08-06,2.915              ,4664700
2010-08-09,2.8989999999999996 ,2175100
2010-08-10,2.861              ,698300
2010-08-11,2.75               ,1871000
2010-08-12,2.73               ,5121200
2010-08-13,2.735              ,624000
2010-08-16,2.696              ,11359700
2010-08-17,2.748              ,946300
2010-08-18,2.71               ,1924600
2010-08-19,2.7310000000000003 ,2996900
2010-08-20,2.705              ,1102900
2010-08-23,2.7                ,359700
2010-08-24,2.67               ,1459300
2010-08-25,2.662              ,2459700
2010-08-26,2.6889999999999996 ,781600
2010-08-27,2.6889999999999996 ,1100100
2010-08-30,2.7289999999999996 ,2609000
2010-08-31,2.6919999999999997 ,784900
2010-09-01,2.825              ,6206800
2010-09-02,2.8                ,1054800
2010-09-03,2.8289999999999997 ,1097000
2010-09-06,2.8160000000000003 ,1752500
2010-09-07,2.7689999999999997 ,2596500
2010-09-08,2.7880000000000003 ,1628800
2010-09-09,2.832              ,1921200
2010-09-10,2.94               ,4317200
2010-09-13,2.971              ,2398100
2010-09-14,2.92               ,2168500
2010-09-15,2.9760000000000004 ,2560400
2010-09-16,2.924              ,1977900
2010-09-17,2.8789999999999996 ,762400
2010-09-20,2.929              ,951100
2010-09-21,2.964              ,2513900
2010-09-22,2.9360000000000004 ,1690400
2010-09-23,2.935              ,2096500
2010-09-24,2.9339999999999997 ,545800
2010-09-27,2.948              ,1992900
2010-09-28,2.9130000000000003 ,748700
2010-09-29,2.9189999999999996 ,1478700
2010-09-30,3.0239999999999996 ,8788500
2010-10-01,3.012              ,2147600
2010-10-04,3.023              ,1672700
2010-10-05,3.054              ,1720300
2010-10-06,3.1189999999999998 ,12535500
2010-10-07,3.095              ,3499900
2010-10-08,3.0869999999999997 ,1310800
2010-10-11,3.1                ,1208700
2010-10-12,3.095              ,3448400
2010-10-13,3.094              ,1396100
2010-10-14,3.089              ,2252800
2010-10-15,3.1                ,2852700
2010-10-18,3.133              ,1555700
2010-10-19,3.0989999999999998 ,1944500
2010-10-20,3.1039999999999996 ,1615500
2010-10-21,3.125              ,2317600
2010-10-22,3.115              ,1792700
2010-10-25,3.141              ,7317500
2010-10-26,3.1439999999999997 ,4480500
2010-10-27,3.16               ,6474400
2010-10-28,3.237              ,6602000
2010-10-29,3.332              ,13335800
2010-11-01,3.33               ,7478000
2010-11-02,3.327              ,1695700
2010-11-03,3.325              ,1070000
2010-11-08,3.301              ,1956300
2010-11-09,3.457              ,9392100
2010-11-10,3.43               ,8151900
2010-11-11,3.325              ,8638400
2010-11-12,3.32               ,4478500
2010-11-13,3.3139999999999996 ,2537700
2010-11-15,3.3360000000000003 ,9771800
2010-11-16,3.2880000000000003 ,4606300
2010-11-17,3.2489999999999997 ,1075300
2010-11-18,3.278              ,1106000
2010-11-19,3.2430000000000003 ,944700
2010-11-22,3.24               ,1463800
2010-11-23,3.24               ,2659100
2010-11-24,3.239              ,2188300
2010-11-25,3.475              ,8523600
2010-11-26,3.4339999999999997 ,2897000
2010-11-29,3.412              ,1295100
2010-11-30,3.471              ,2505200
2010-12-01,3.512              ,3669100
2010-12-02,3.536              ,2214700
2010-12-03,3.498              ,1611100
2010-12-06,3.5                ,1725800
2010-12-07,3.502              ,2150300
2010-12-08,3.4589999999999996 ,1721800
2010-12-09,3.384              ,834900
2010-12-10,3.448              ,733000
2010-12-13,3.4389999999999996 ,1124000
2010-12-14,3.404              ,4363400
2010-12-15,3.405              ,1985600
2010-12-16,3.408              ,546300
2010-12-17,3.4330000000000003 ,699200
2010-12-20,3.388              ,926400
2010-12-21,3.4                ,714900
2010-12-22,3.398              ,801800
2010-12-23,3.36               ,11040400
2010-12-24,3.373              ,5931100
2010-12-27,3.355              ,801400
2010-12-28,3.3360000000000003 ,1149700
2010-12-29,3.4160000000000004 ,1834100
2010-12-30,3.447              ,3689200
2011-01-11,3.471              ,816500
2011-01-12,3.605              ,6486800
2011-01-13,3.5439999999999996 ,3580200
2011-01-14,3.5410000000000004 ,2624600
2011-01-17,3.52               ,1098900
2011-01-18,3.514              ,1165300
2011-01-19,3.485              ,646900
2011-01-20,3.4389999999999996 ,1049200
2011-01-21,3.43               ,757000
2011-01-24,3.33               ,1738900
2011-01-25,3.3789999999999996 ,810400
2011-01-26,3.37               ,919100
2011-01-27,3.426              ,5196200
2011-01-28,3.3760000000000003 ,1897500
2011-01-31,3.3989999999999996 ,2872500
2011-02-01,3.3789999999999996 ,1044700
2011-02-02,3.37               ,3039100
2011-02-03,3.355              ,895000
2011-02-04,3.3689999999999998 ,3449500
2011-02-07,3.34               ,427000
2011-02-08,3.31               ,548200
2011-02-09,3.2739999999999996 ,1006800
2011-02-10,3.2260000000000004 ,872900
2011-02-11,3.19               ,1958000
2011-02-14,3.19               ,537400
2011-02-15,3.177              ,593400
2011-02-16,3.179              ,1209100
2011-02-17,3.1189999999999998 ,885300
2011-02-18,2.997              ,5432500
2011-02-21,2.9989999999999997 ,1744500
2011-02-22,2.9389999999999996 ,1160500
2011-02-24,2.89               ,3456800
2011-02-25,2.9                ,4078800
2011-02-28,2.9939999999999998 ,1558600
2011-03-01,2.9894             ,1767000
2011-03-02,2.9739             ,1616000
2011-03-03,2.95               ,2160000
2011-03-04,2.9398             ,872000
2011-03-05,2.95               ,462000
2011-03-09,2.94               ,1017000
2011-03-10,2.9169             ,1656000
2011-03-11,2.82               ,3739000
2011-03-14,2.7499             ,1898000
2011-03-15,2.6491             ,1147000
2011-03-16,2.6984             ,892000
2011-03-17,2.7086             ,1992000
2011-03-18,2.6801             ,6488000
2011-03-21,2.73               ,1301000
2011-03-22,2.79               ,631000
2011-03-23,2.8289             ,3488000
2011-03-24,2.9356             ,2822000
2011-03-25,3.015              ,3594000
2011-03-28,2.9619999999999997 ,225000
2011-03-29,2.8785             ,1541000
2011-03-30,2.95               ,782000
2011-03-31,3.0                ,698000
2011-04-01,3.0238             ,6624000
2011-04-04,3.02               ,1320000
2011-04-05,2.9992             ,2329000
2011-04-06,3.0                ,5349000
2011-04-07,2.91               ,2984000
2011-04-08,2.8311             ,1604000
2011-04-11,2.85               ,1125000
2011-04-12,2.7598             ,723000
2011-04-13,2.7442             ,826000
2011-04-14,2.7298             ,4367000
2011-04-15,2.7399             ,1291000
2011-04-18,2.5999             ,3297000
2011-04-19,2.6345             ,5036000
2011-04-20,2.603              ,1220000
2011-04-21,2.59               ,1609000
2011-04-22,2.6198             ,343000
2011-04-25,2.6214             ,3058000
2011-04-26,2.6098             ,760000
2011-04-27,2.5421             ,1778000
2011-04-28,2.5499             ,2552000
2011-04-29,2.61               ,1316000
2011-05-03,2.535              ,647000
2011-05-04,2.4798             ,1919000
2011-05-05,2.5062             ,862000
2011-05-06,2.536              ,255000
2011-05-10,2.5345             ,907000
2011-05-11,2.5408             ,696000
2011-05-12,2.5075             ,142000
2011-05-13,2.5340000000000003 ,436000
2011-05-16,2.5399             ,958000
2011-05-17,2.5497             ,1067000
2011-05-18,2.4999             ,1766000
2011-05-19,2.4869             ,465000
2011-05-20,2.49               ,291000
2011-05-23,2.41               ,547000
2011-05-24,2.4199             ,618000
2011-05-25,2.3725             ,1015000
2011-05-26,2.4053             ,721000
2011-05-27,2.4299             ,322000
2011-05-30,2.3899             ,908000
2011-05-31,2.435              ,808000
2011-06-01,2.4996             ,1101000
2011-06-02,2.5299             ,793000
2011-06-03,2.512              ,381000
2011-06-06,2.48               ,694000
2011-06-07,2.5169             ,1064000
2011-06-08,2.5059             ,438000
2011-06-09,2.52               ,566000
2011-06-10,2.5249             ,508000
2011-06-14,2.526              ,693000
2011-06-15,2.5498             ,701000
2011-06-16,2.5299             ,444000
2011-06-17,2.5194             ,540000
2011-06-20,2.5109             ,188000
2011-06-21,2.5159             ,212000
2011-06-22,2.5075             ,228000
2011-06-23,2.43               ,461000
2011-06-24,2.45               ,338000
2011-06-27,2.4199             ,585000
2011-06-28,2.4797             ,327000
2011-06-29,2.47               ,175000
2011-06-30,2.4468             ,4136000
2011-07-01,2.4698             ,638000
2011-07-04,2.448              ,577000
2011-07-05,2.5299             ,1656000
2011-07-06,2.5142             ,1159000
2011-07-07,2.6051             ,3049000
2011-07-08,2.6179             ,877000
2011-07-11,2.6148             ,1020000
2011-07-12,2.5794             ,936000
2011-07-13,2.5545             ,362000
2011-07-14,2.56               ,2671000
2011-07-15,2.5377             ,197000
2011-07-18,2.4849             ,235000
2011-07-19,2.4969             ,2742000
2011-07-20,2.4899             ,452000
2011-07-21,2.5269999999999997 ,5114000
2011-07-22,2.56               ,836000
2011-07-25,2.5425             ,205000
2011-07-26,2.5299             ,442000
2011-07-27,2.5059             ,403000
2011-07-28,2.479              ,377000
2011-07-29,2.4682             ,467000
2011-08-01,2.478              ,273000
2011-08-02,2.458              ,50000
2011-08-03,2.366              ,1263000
2011-08-04,2.3480000000000003 ,639000
2011-08-05,2.3043             ,1764000
2011-08-08,2.17               ,1738000
2011-08-09,2.0598             ,3770000
2011-08-10,1.949              ,980000
2011-08-11,1.94               ,1928000
2011-08-12,1.9699             ,7087000
2011-08-15,2.074              ,3123000
2011-08-16,2.041              ,1430000
2011-08-17,2.0884             ,4450000
2011-08-18,1.9895             ,1724000
2011-08-19,1.9299             ,1968000
2011-08-22,1.98               ,1774000
2011-08-23,1.9683             ,316000
2011-08-24,1.9697             ,246000
2011-08-25,1.9999             ,189000
2011-08-26,1.9402             ,83000
2011-08-29,1.9969             ,390000
2011-08-30,2.02               ,580000
2011-08-31,2.055              ,1760000
2011-09-01,2.04               ,565000
2011-09-02,2.0001             ,853000
2011-09-05,1.9455             ,493000
2011-09-06,1.9455             ,434000
2011-09-07,2.03               ,1654000
2011-09-08,2.0569             ,691000
2011-09-09,1.9998             ,757000
2011-09-12,1.8999             ,863000
2011-09-13,1.9138             ,422000
2011-09-14,1.9080000000000001 ,376000
2011-09-15,1.9229             ,350000
2011-09-16,1.9149             ,660000
2011-09-19,1.87               ,641000
2011-09-20,1.8601             ,1102000
2011-09-21,1.8645             ,154000
2011-09-22,1.68               ,2671000
2011-09-23,1.6097             ,1272000
2011-09-26,1.5947             ,1504000
2011-09-27,1.5888             ,7641000
2011-09-28,1.5                ,2105000
2011-09-29,1.534              ,11363000
2011-09-30,1.4798             ,6401000
2011-10-03,1.4393             ,378000
2011-10-04,1.3729             ,11631000
2011-10-05,1.35               ,5166000
2011-10-06,1.3719999999999999 ,4244000
2011-10-07,1.395              ,2393000
2011-10-10,1.4555             ,4018000
2011-10-11,1.4428             ,5714000
2011-10-12,1.482              ,2208000
2011-10-13,1.505              ,5295000
2011-10-14,1.5696             ,8049000
2011-10-17,1.56               ,2361000
2011-10-18,1.5945             ,1969000
2011-10-19,1.63               ,9424000
2011-10-20,1.6099             ,2928000
2011-10-21,1.6159999999999999 ,2631000
2011-10-24,1.64               ,2702000
2011-10-25,1.5866             ,1820000
2011-10-26,1.6311             ,1386000
2011-10-27,1.6299             ,4154000
2011-10-28,1.6152             ,3376000
2011-10-31,1.6909999999999998 ,5370000
2011-11-01,1.69               ,9011000
2011-11-02,1.7287             ,2517000
2011-11-03,1.75               ,5646000
2011-11-07,1.8398             ,8911000
2011-11-08,1.794              ,2081000
2011-11-09,1.7199             ,1181000
2011-11-10,1.7179             ,2306000
2011-11-11,1.71               ,3451000
2011-11-14,1.7646             ,1506000
2011-11-15,1.7721             ,2771000
2011-11-16,1.7488             ,866000
2011-11-17,1.7387             ,3779000
2011-11-18,1.6999             ,1595000
2011-11-21,1.6403             ,3153000
2011-11-22,1.68               ,3488000
2011-11-23,1.6701             ,2928000
2011-11-24,1.6445             ,864000
2011-11-25,1.6169             ,884000
2011-11-28,1.6907             ,2304000
2011-11-29,1.6997             ,1480000
2011-11-30,1.74               ,4220000
2011-12-01,1.735              ,3821000
2011-12-02,1.7297             ,2949000
2011-12-05,1.7298             ,1736000
2011-12-06,1.68               ,1170000
2011-12-07,1.6377             ,724000
2011-12-08,1.65               ,404000
2011-12-09,1.5979             ,635000
2011-12-12,1.5898             ,332000
2011-12-13,1.5803             ,6079000
2011-12-14,1.5319999999999998 ,613000
2011-12-15,1.54               ,523000
2011-12-16,1.5455             ,3221000
2011-12-19,1.4696             ,901000
2011-12-20,1.492              ,481000
2011-12-21,1.4939             ,1324000
2011-12-22,1.4499             ,1660000
2011-12-23,1.422              ,951000
2011-12-26,1.3869             ,3108000
2011-12-27,1.39               ,1408000
2011-12-28,1.3728             ,1100000
2011-12-29,1.3592             ,1098000
2011-12-30,1.3869999999999998 ,436000
2012-01-03,1.4659             ,293000
2012-01-04,1.4689             ,142000
2012-01-05,1.4665             ,2920000
2012-01-06,1.4841             ,121000
2012-01-09,1.51               ,98000
2012-01-10,1.5499             ,1462000
2012-01-11,1.5426             ,386000
2012-01-12,1.5285             ,446000
2012-01-13,1.51               ,588
2012-01-16,1.4997             ,680000
2012-01-17,1.5                ,1271000
2012-01-18,1.5                ,1555000
2012-01-19,1.5196             ,57000
2012-01-20,1.5199             ,745000
2012-01-23,1.511              ,75000
2012-01-24,1.5144             ,48000
2012-01-25,1.51               ,376000
2012-01-26,1.5897             ,1688000
2012-01-27,1.5799             ,611000
2012-01-30,1.5501             ,356000
2012-01-31,1.6072             ,3166000
2012-02-01,1.6540000000000001 ,5185000
2012-02-02,1.6697             ,1911000
2012-02-03,1.7015             ,4817000
2012-02-06,1.7175             ,1219000
2012-02-07,1.6701             ,3402000
2012-02-08,1.6901             ,1630000
2012-02-09,1.6798             ,3193000
2012-02-10,1.6555             ,406000
2012-02-13,1.7071             ,2754000
2012-02-14,1.6844             ,2144000
2012-02-15,1.7092             ,1374000
2012-02-16,1.6669999999999998 ,1299000
2012-02-17,1.7                ,688000
2012-02-20,1.7604             ,5178000
2012-02-21,1.7249             ,1202000
2012-02-22,1.7299             ,1010000
2012-02-24,1.7590000000000001 ,3061000
2012-02-27,1.8045             ,2281000
2012-02-28,1.814              ,2169000
2012-02-29,1.814              ,1441000
2012-03-01,1.79               ,2115000
2012-03-02,1.78               ,1612000
2012-03-05,1.8387             ,2085000
2012-03-06,1.7825             ,1661000
2012-03-07,1.8499             ,4999000
2012-03-11,1.8663             ,1244000
2012-03-12,1.942              ,5576000
2012-03-13,1.98               ,6478000
2012-03-14,2.09               ,12181000
2012-03-15,2.04               ,3503000
2012-03-16,1.9809             ,3528000
2012-03-19,1.9559             ,4476000
2012-03-20,1.8999             ,1566000
2012-03-21,1.9345             ,1591000
2012-03-22,1.895              ,804000
2012-03-23,1.8699             ,583000
2012-03-26,1.953              ,3199000
2012-03-27,1.9109             ,2098000
2012-03-28,1.8677             ,1409000
2012-03-29,1.7995             ,1347000
2012-03-30,1.85               ,842000
2012-04-02,1.8430000000000002 ,693000
2012-04-03,1.8522             ,434000
2012-04-04,1.7790000000000001 ,511000
2012-04-05,1.7479             ,1055000
2012-04-06,1.7423             ,248000
2012-04-09,1.7590000000000001 ,640000
2012-04-10,1.7397             ,486000
2012-04-11,1.7623             ,175000
2012-04-12,1.72               ,1110000
2012-04-13,1.7044             ,467000
2012-04-16,1.6769999999999998 ,391000
2012-04-17,1.635              ,1509000
2012-04-18,1.62               ,784000
2012-04-19,1.662              ,485000
2012-04-20,1.6301             ,769000
2012-04-23,1.62               ,113000
2012-04-24,1.5979             ,715000
2012-04-25,1.5926             ,552000
2012-04-26,1.51               ,985000
2012-04-27,1.4769             ,2991000
2012-04-28,1.48               ,291000
2012-05-02,1.515              ,748000
2012-05-03,1.4789             ,250000
2012-05-04,1.4446             ,630000
2012-05-05,1.4357             ,290000
2012-05-07,1.4739             ,103000
2012-05-08,1.4748             ,5000
2012-05-10,1.485              ,203000
2012-05-11,1.3704             ,7222000
2012-05-12,1.3449             ,4568000
2012-05-14,1.2577             ,3451000
2012-05-15,1.2876             ,3337000
2012-05-16,1.2847             ,1629000
2012-05-17,1.3                ,1336000
2012-05-18,1.2844             ,545000
2012-05-21,1.2734             ,104000
2012-05-22,1.2890000000000001 ,1605000
2012-05-23,1.234              ,1209000
2012-05-24,1.1753             ,1733000
2012-05-25,1.2454             ,7333000
2012-05-28,1.2296             ,667000
2012-05-29,1.1998             ,2506000
2012-05-30,1.1649             ,442000
2012-05-31,1.1236             ,1819000
2012-06-01,1.0484             ,5500000
2012-06-04,1.0098             ,8124000
2012-06-05,1.0348             ,1824000
2012-06-06,1.1138             ,6065000
2012-06-07,1.14               ,2660000
2012-06-08,1.1399             ,1017000
2012-06-09,1.119              ,2720000
2012-06-13,1.1199             ,3055000
2012-06-14,1.1182             ,735000
2012-06-15,1.1199             ,1475000
2012-06-18,1.12               ,1502000
2012-06-19,1.0998             ,1325000
2012-06-20,1.08               ,2815000
2012-06-21,1.0798             ,1472000
2012-06-22,1.0525             ,380000
2012-06-25,1.0431             ,507000
2012-06-26,1.04               ,647000
2012-06-27,1.0999             ,5634000
2012-06-28,1.0651             ,338000
2012-06-29,1.1193             ,1445000
2012-07-02,1.12               ,639000
2012-07-03,1.1479             ,3463000
2012-07-04,1.156              ,1196000
2012-07-05,1.1384             ,987000
2012-07-06,1.139              ,1032000
2012-07-09,1.1315             ,36000
2012-07-10,1.17               ,6869000
2012-07-11,1.1871             ,10472000
2012-07-12,1.1672             ,2047000
2012-07-13,1.16               ,896000
2012-07-16,1.1624             ,425000
2012-07-17,1.1847             ,2056000
2012-07-18,1.1840000000000002 ,4082000
2012-07-19,1.1761             ,4775000
2012-07-20,1.1481             ,2090000
2012-07-23,1.0849             ,3814000
2012-07-24,1.09               ,549000
2012-07-25,1.0877             ,4003000
2012-07-26,1.1094             ,661000
2012-07-27,1.125              ,1506000
2012-07-30,1.1166             ,211000
2012-07-31,1.1367             ,1132000
2012-08-01,1.1475             ,600000
2012-08-02,1.1398             ,844000
2012-08-03,1.1494             ,375000
2012-08-06,1.166              ,3186000
2012-08-07,1.162              ,651000
2012-08-08,1.1982             ,6674000
2012-08-09,1.209              ,3325000
2012-08-10,1.1847             ,568000
2012-08-13,1.1773             ,1042000
2012-08-14,1.1897             ,1821000
2012-08-15,1.1840000000000002 ,658000
2012-08-16,1.1804             ,390000
2012-08-17,1.1988             ,290000
2012-08-20,1.1859             ,277000
2012-08-21,1.19               ,1346000
2012-08-22,1.1948             ,316000
2012-08-23,1.2099             ,2138000
2012-08-24,1.19               ,867000
2012-08-27,1.1945             ,355000
2012-08-28,1.18               ,386000
2012-08-29,1.1677             ,1520000
2012-08-30,1.1385             ,624000
2012-08-31,1.1608             ,661000
2012-09-03,1.18               ,5698000
2012-09-04,1.1766             ,475000
2012-09-05,1.1649             ,1104000
2012-09-06,1.1840000000000002 ,2086000
2012-09-07,1.2358             ,8416000
2012-09-10,1.3319999999999999 ,17625000
2012-09-11,1.3098             ,25335000
2012-09-12,1.29               ,1958000
2012-09-13,1.2987             ,2619000
2012-09-14,1.3604             ,11935000
2012-09-17,1.4173             ,20564000
2012-09-18,1.4496             ,15056000
2012-09-19,1.4139             ,5496000
2012-09-20,1.4177             ,2369000
2012-09-21,1.4262             ,7150000
2012-09-24,1.4101             ,2205000
2012-09-25,1.44               ,3016000
2012-09-26,1.3940000000000001 ,6158000
2012-09-27,1.4346             ,4362000
2012-09-28,1.4499             ,6159000
2012-10-01,1.475              ,1271000
2012-10-02,1.5859999999999999 ,6634000
2012-10-03,1.5076             ,6201000
2012-10-04,1.4446             ,4443000
2012-10-05,1.4889             ,3025000
2012-10-08,1.4494             ,1389000
2012-10-09,1.3896             ,1757000
2012-10-10,1.3181             ,4244000
2012-10-11,1.3230000000000002 ,10713000
2012-10-12,1.298              ,1824000
2012-10-15,1.25               ,2346000
2012-10-16,1.1789             ,17992000
2012-10-17,1.172              ,5725000
2012-10-18,1.1999             ,3600000
2012-10-19,1.2245             ,1489000
2012-10-22,1.2174             ,1526000
2012-10-23,1.1739             ,1580000
2012-10-24,1.1509             ,5634000
2012-10-25,1.1469             ,4128000
2012-10-26,1.1329             ,9783000
2012-10-29,1.1252             ,670000
2012-10-30,1.1398             ,1549000
2012-10-31,1.1495             ,3814000
2012-11-01,1.1519             ,667000
2012-11-02,1.1555             ,5274000
2012-11-06,1.2387             ,14554000
2012-11-07,1.2                ,2828000
2012-11-08,1.173              ,5524000
2012-11-09,1.16               ,1107000
2012-11-12,1.1897             ,1819000
2012-11-13,1.1494             ,1326000
2012-11-14,1.148              ,688000
2012-11-15,1.1795             ,2183000
2012-11-16,1.1778             ,1325000
2012-11-19,1.18               ,834000
2012-11-20,1.1679             ,531000
2012-11-21,1.1782             ,183000
2012-11-22,1.169              ,480000
2012-11-23,1.2475             ,13154000
2012-11-26,1.2578             ,8502000
2012-11-27,1.2497             ,4466000
2012-11-28,1.245              ,2220000
2012-11-29,1.2739             ,3400000
2012-11-30,1.27               ,2398000
2012-12-03,1.2751             ,547000
2012-12-04,1.2677             ,1842000
2012-12-05,1.2863             ,715000
2012-12-06,1.2651             ,1611000
2012-12-07,1.2603             ,4782000
2012-12-10,1.26               ,439000
2012-12-11,1.25               ,5552000
2012-12-12,1.2573             ,2656000
2012-12-13,1.2608             ,6757000
2012-12-14,1.2302             ,1345000
2012-12-17,1.215              ,2348000
2012-12-18,1.2239             ,4724000
2012-12-19,1.2247             ,632000
2012-12-20,1.2327             ,672000
2012-12-21,1.202              ,660000
2012-12-24,1.2044             ,1629000
2012-12-25,1.2                ,763000
2012-12-26,1.192              ,1014000
2012-12-27,1.1998             ,2740000
2012-12-28,1.2198             ,1383000
2013-01-08,1.2738             ,1510000
2013-01-09,1.255              ,621000
2013-01-10,1.2635             ,725000
2013-01-11,1.2601             ,844000
2013-01-14,1.2682             ,7781000
2013-01-15,1.2639             ,6290000
2013-01-16,1.2819             ,2467000
2013-01-17,1.2759             ,1086000
2013-01-18,1.2738             ,2597000
2013-01-21,1.2658             ,356000
2013-01-22,1.2578             ,851000
2013-01-23,1.2831             ,8389000
2013-01-24,1.2787             ,3225000
2013-01-25,1.2479             ,400
2013-01-28,1.27               ,2631000
2013-01-29,1.2724             ,7634000
2013-01-30,1.2659             ,3992000
2013-01-31,1.2692             ,1313000
2013-02-01,1.265              ,2356000
2013-02-04,1.26               ,1987000
2013-02-05,1.2670000000000001 ,780000
2013-02-06,1.2639             ,744000
2013-02-07,1.2685             ,469000
2013-02-08,1.2679             ,314000
2013-02-11,1.262              ,407000
2013-02-12,1.256              ,724000
2013-02-13,1.2624             ,864000
2013-02-14,1.2576             ,461000
2013-02-15,1.2463             ,419000
2013-02-18,1.2525             ,272000
2013-02-19,1.2574             ,57000
2013-02-20,1.2492             ,428000
2013-02-21,1.2077             ,2270000
2013-02-22,1.214              ,1312000
2013-02-25,1.1992             ,3328000
2013-02-26,1.1933             ,424000
2013-02-27,1.18               ,446000
2013-02-28,1.1779             ,2044000
2013-03-01,1.1673             ,954000
2013-03-04,1.1697             ,1075000
2013-03-05,1.1736             ,2287000
2013-03-06,1.1759             ,1896000
2013-03-07,1.1729             ,643000
2013-03-11,1.1733             ,814000
2013-03-12,1.169              ,1395000
2013-03-13,1.1708             ,676000
2013-03-14,1.163              ,1630000
2013-03-15,1.159              ,1832000
2013-03-18,1.1320000000000001 ,2338000
2013-03-19,1.1296             ,671000
2013-03-20,1.133              ,395000
2013-03-21,1.13               ,343000
2013-03-22,1.115              ,874000
2013-03-25,1.0999             ,2015000
2013-03-26,1.053              ,4239000
2013-03-27,1.0745             ,3045000
2013-03-28,1.0782             ,933000
2013-03-29,1.075              ,408000
2013-04-01,1.0753             ,639000
2013-04-02,1.0752             ,275000
2013-04-03,1.0646             ,1940000
2013-04-04,1.0499             ,3385000
2013-04-05,1.0419             ,1683000
2013-04-08,1.0259             ,1438000
2013-04-09,1.0                ,3569000
2013-04-10,0.9887             ,2030000
2013-04-11,0.9739             ,1780000
2013-04-12,0.9063             ,6170000
2013-04-15,0.83               ,9782000
2013-04-16,0.8433             ,1668000
2013-04-17,0.8234             ,1076000
2013-04-18,0.82               ,1501000
2013-04-19,0.78               ,3745000
2013-04-22,0.775              ,2562000
2013-04-23,0.78               ,1760000
2013-04-24,0.8599             ,25925000
2013-04-25,0.909              ,19413000
2013-04-26,0.9372             ,5433000
2013-04-29,0.9599             ,2741000
2013-04-30,0.971              ,9863000
2013-05-02,1.0003             ,8307000
2013-05-03,1.0012             ,7367000
2013-05-06,0.9999             ,2312000
2013-05-07,1.0                ,1286000
2013-05-08,0.992              ,1397000
2013-05-10,0.993              ,2926000
2013-05-13,0.9944             ,1249000
2013-05-14,1.0                ,7966000
2013-05-15,1.0                ,9276000
2013-05-16,0.95               ,7319000
2013-05-17,0.9654             ,6743000
2013-05-20,0.9799             ,2694000
2013-05-21,1.005              ,7464000
2013-05-22,1.0239             ,8784000
2013-05-23,1.018              ,8060000
2013-05-24,0.9599             ,9443000
2013-05-27,0.9470000000000001 ,809000
2013-05-28,0.9449             ,2660000
2013-05-29,0.917              ,2840000
2013-05-30,0.9229999999999999 ,3599000
2013-05-31,0.9058             ,943000
2013-06-03,0.9                ,2283000
2013-06-04,0.899              ,1006000
2013-06-05,0.8743             ,1368000
2013-06-06,0.8288             ,3870000
2013-06-07,0.8354             ,1619000
2013-06-10,0.8361             ,5231000
2013-06-11,0.84               ,522000
2013-06-13,0.8349             ,536000
2013-06-14,0.8370000000000001 ,353000
2013-06-17,0.85               ,242000
2013-06-18,0.853              ,159000
2013-06-19,0.8479             ,399000
2013-06-20,0.8397             ,679000
2013-06-21,0.8319             ,3119000
2013-06-24,0.83               ,440000
2013-06-25,0.8494             ,409000
2013-06-26,0.8487             ,358000
2013-06-27,0.8612             ,339000
2013-06-28,0.856              ,1012000
2013-07-01,0.851              ,565000
2013-07-02,0.8536             ,246000
2013-07-03,0.8523             ,3185000
2013-07-04,0.8631             ,547000
2013-07-05,0.87               ,4115000
2013-07-08,0.87               ,1897000
2013-07-09,0.865              ,725000
2013-07-10,0.8690000000000001 ,120000
2013-07-11,0.8681             ,2014000
2013-07-12,0.873              ,424000
2013-07-15,0.8846             ,1136000
2013-07-16,0.8788             ,899000
2013-07-17,0.8985             ,12593000
2013-07-18,0.9                ,5203000
2013-07-19,0.9039             ,8342000
2013-07-22,0.9022             ,547000
2013-07-23,0.8991             ,2057000
2013-07-24,0.8802             ,362000
2013-07-25,0.8705             ,460000
2013-07-26,0.868              ,415000
2013-07-29,0.8702             ,5774000
2013-07-30,0.8859999999999999 ,660000
2013-07-31,0.888              ,1745000
2013-08-01,0.8836             ,5050000
2013-08-02,0.8812             ,690000
2013-08-05,0.8998             ,352000
2013-08-06,0.88               ,176000
2013-08-07,0.8752             ,523000
2013-08-08,0.88               ,299000
2013-08-09,0.8901             ,934000
2013-08-12,0.8965             ,51000
2013-08-13,0.8997             ,6457000
2013-08-14,0.9009999999999999 ,1501000
2013-08-15,0.885              ,3467000
2013-08-16,0.8909999999999999 ,662000
2013-08-19,0.8999             ,1056000
2013-08-20,0.89               ,2121000
2013-08-21,0.8972             ,1347000
2013-08-22,0.8996             ,1762000
2013-08-23,0.8952             ,38000
2013-08-26,0.892              ,968000
2013-08-27,0.8843             ,987000
2013-08-28,0.87               ,2353000
2013-08-29,0.8795             ,986000
2013-08-30,0.8625             ,1505000
2013-09-02,0.8727             ,1130000
2013-09-03,0.8761             ,1265000
2013-09-04,0.8679             ,769000
2013-09-05,0.8777             ,435000
2013-09-06,0.8693             ,315000
2013-09-09,0.8851             ,1499000
2013-09-10,0.8903             ,661000
2013-09-11,0.902              ,7783000
2013-09-12,0.8915             ,796000
2013-09-13,0.877              ,642000
2013-09-16,0.8675             ,3600000
2013-09-17,0.8604             ,1071000
2013-09-18,0.8642             ,766000
2013-09-19,0.87               ,1299000
2013-09-20,0.8662             ,1300000
2013-09-23,0.866              ,1136000
2013-09-24,0.8588             ,738000
2013-09-25,0.8712             ,2123000
2013-09-26,0.8795             ,731000
2013-09-27,0.8792             ,1466000
2013-09-30,0.8686             ,3599000
2013-10-01,0.8626             ,1760000
2013-10-02,0.861              ,1137000
2013-10-03,0.8590000000000001 ,1885000
2013-10-04,0.8529             ,2891000
2013-10-07,0.835              ,2712000
2013-10-08,0.84               ,3155000
2013-10-09,0.8257             ,6188000
2013-10-10,0.816              ,8353000
2013-10-11,0.8247             ,2947000
2013-10-14,0.818              ,1229000
2013-10-15,0.8149             ,2096000
2013-10-16,0.8167             ,1194000
2013-10-17,0.8151             ,1316000
2013-10-18,0.818              ,1642000
2013-10-21,0.8299             ,3816000
2013-10-22,0.8270000000000001 ,2260000
2013-10-23,0.815              ,1487000
2013-10-24,0.8114             ,2666000
2013-10-25,0.8094             ,1154000
2013-10-28,0.8081             ,442000
2013-10-29,0.8097             ,2206000
2013-10-30,0.8087             ,3615000
2013-10-31,0.8064             ,3804000
2013-11-01,0.8051             ,1147000
2013-11-05,0.8059999999999999 ,1016000
2013-11-06,0.807              ,835000
2013-11-07,0.8047             ,1789000
2013-11-08,0.7829999999999999 ,4963000
2013-11-11,0.77               ,2041000
2013-11-12,0.7545             ,4497000
2013-11-13,0.737              ,5585000
2013-11-14,0.7196             ,14166000
2013-11-15,0.7137             ,7565000
2013-11-18,0.7194             ,1441000
2013-11-19,0.7034             ,956000
2013-11-20,0.7246             ,3299000
2013-11-21,0.7167             ,2474000
2013-11-22,0.7151             ,2709000
2013-11-25,0.7072             ,1586000
2013-11-26,0.6951             ,3691000
2013-11-27,0.6972             ,6351000
2013-11-28,0.695              ,1951000
2013-11-29,0.6897             ,3129000
2013-12-02,0.6918             ,1221000
2013-12-03,0.679              ,3439000
2013-12-04,0.711              ,4747000
2013-12-05,0.7155             ,5424000
2013-12-06,0.7239             ,2898000
2013-12-09,0.7199             ,2257000
2013-12-10,0.7111             ,1492000
2013-12-11,0.7144             ,1680000
2013-12-12,0.7                ,3764000
2013-12-13,0.7132             ,1422000
2013-12-16,0.718              ,861000
2013-12-17,0.7088             ,3678000
2013-12-18,0.7128             ,1285000
2013-12-19,0.7149             ,950000
2013-12-20,0.7001             ,10497000
2013-12-23,0.7485             ,12055000
2013-12-24,0.7427             ,2120000
2013-12-25,0.7403             ,5931000
2013-12-26,0.74               ,2816000
2013-12-27,0.7367             ,1868000
2013-12-30,0.74               ,2274000
2014-01-06,0.7463             ,794000
2014-01-08,0.746              ,1494000
2014-01-09,0.7402             ,3926000
2014-01-10,0.7321             ,3170000
2014-01-13,0.7435             ,1281000
2014-01-14,0.7381             ,2834000
2014-01-15,0.7475             ,5722000
2014-01-16,0.74               ,2421000
2014-01-17,0.7447             ,3280000
2014-01-20,0.7608             ,10613000
2014-01-21,0.7599             ,3974000
2014-01-22,0.764              ,4893000
2014-01-23,0.7866             ,3893000
2014-01-24,0.7899             ,3083000
2014-01-27,0.7808             ,2928000
2014-01-28,0.7777             ,855000
2014-01-29,0.7724             ,711000
2014-01-30,0.7556             ,2862000
2014-01-31,0.7401             ,5345000
2014-02-03,0.7247             ,5958000
2014-02-04,0.7196             ,5484000
2014-02-05,0.7238             ,7040000
2014-02-06,0.7288             ,1713000
2014-02-07,0.7252             ,7008000
2014-02-10,0.7273             ,2071000
2014-02-11,0.7355             ,2595000
2014-02-12,0.7402             ,3043000
2014-02-13,0.7407             ,1604000
2014-02-14,0.7406             ,1553000
2014-02-17,0.7425             ,847000
2014-02-18,0.7458             ,2476000
2014-02-19,0.7381             ,1617000
2014-02-20,0.7368             ,1672000
2014-02-21,0.735              ,527000
2014-02-24,0.7418             ,1160000
2014-02-25,0.7362             ,343000
2014-02-26,0.7322             ,1516000
2014-02-27,0.7112             ,3334000
2014-02-28,0.7129             ,4082000
2014-03-03,0.63               ,12697000
2014-03-04,0.66               ,5925000
2014-03-05,0.6603             ,4227000
2014-03-06,0.65               ,3234000
2014-03-07,0.65               ,2366000
2014-03-11,0.6465             ,1765000
2014-03-12,0.6259             ,3406000
2014-03-13,0.6101             ,2701000
2014-03-14,0.6                ,7335000
2014-03-17,0.6317             ,1078000
2014-03-18,0.6729             ,1603000
2014-03-19,0.6738             ,1853000
2014-03-20,0.6754             ,1513000
2014-03-21,0.6897             ,1783000
2014-03-24,0.7059             ,1547000
2014-03-25,0.7218             ,1385000
2014-03-26,0.7115             ,1249000
2014-03-27,0.7102             ,1034000
2014-03-28,0.7045             ,2538000
2014-03-31,0.7105             ,1294000
2014-04-01,0.7066             ,1042000
2014-04-02,0.7095             ,1055000
2014-04-03,0.7                ,735000
2014-04-04,0.7004             ,479000
2014-04-07,0.687              ,2501000
2014-04-08,0.6877             ,614000
2014-04-09,0.688              ,528000
2014-04-10,0.6979             ,333000
2014-04-11,0.7031             ,996000
2014-04-14,0.6921             ,769000
2014-04-15,0.6881             ,3175000
2014-04-16,0.6965             ,1888000
2014-04-17,0.69               ,1135000
2014-04-18,0.695              ,1889000
2014-04-21,0.6928             ,671000
2014-04-22,0.69               ,1319000
2014-04-23,0.6901             ,563000
2014-04-24,0.665              ,2732000
2014-04-25,0.637              ,5646000
2014-04-28,0.6411             ,3753000
2014-04-29,0.6323             ,1070000
2014-04-30,0.6292             ,5061000
2014-05-02,0.6128             ,712000
2014-05-05,0.6085             ,2716000
2014-05-06,0.6157             ,1570000
2014-05-07,0.6289             ,3707000
2014-05-08,0.6197             ,8579000
2014-05-12,0.62               ,6935000
2014-05-13,0.6099             ,15600000
2014-05-14,0.6122             ,6255000
2014-05-15,0.6091             ,6019000
2014-05-16,0.6099             ,3374000
2014-05-19,0.6                ,29375000
2014-05-20,0.6                ,15875000
2014-05-21,0.5999             ,6107000
2014-05-22,0.6001             ,15951000
2014-05-23,0.6                ,10148000
2014-05-26,0.5996             ,10593000
2014-05-27,0.578              ,5307000
2014-05-28,0.5698             ,7859000
2014-05-29,0.5866             ,4519000
2014-05-30,0.5731             ,3180000
2014-06-02,0.57               ,11156000
2014-06-03,0.5670000000000001 ,16383000
2014-06-04,0.5501             ,9155000
2014-06-05,0.5451             ,3253000
2014-06-06,0.5379999999999999 ,13095000
2014-06-09,0.5295             ,23572000
2014-06-10,0.5201             ,18678000
2014-06-11,0.514              ,22804000
2014-06-16,0.5                ,18907000
2014-06-17,0.4938             ,44191000
2014-06-18,0.4883             ,32838000
2014-06-19,0.4779             ,16112000
2014-06-20,0.469              ,29719000
2014-06-23,0.4698             ,1902000
2014-06-24,0.4635             ,37242000
2014-06-25,0.46399999999999997,13053000
2014-06-26,0.4591             ,42165000
2014-06-27,0.451              ,22046000
2014-06-30,0.4303             ,59982000
2014-07-01,0.4598             ,28880000
2014-07-02,0.455              ,84632000
2014-07-03,0.4796             ,21500000
2014-07-04,0.4786             ,9425000
2014-07-07,0.479              ,1955000
2014-07-08,0.4798             ,5381000
2014-07-09,0.48               ,13735000
2014-07-10,0.4666             ,3679000
2014-07-11,0.4685             ,3292000
2014-07-14,0.4798             ,6663000
2014-07-15,0.486              ,13041000
2014-07-16,0.4888             ,2576000
2014-07-17,0.4756             ,8160000
2014-07-18,0.4725             ,5142000
2014-07-21,0.4608             ,4996000
2014-07-22,0.4728             ,2492000
2014-07-23,0.4669             ,2791000
2014-07-24,0.4683             ,2155000
2014-07-25,0.47               ,2581000
2014-07-28,0.466              ,14553000
2014-07-29,0.4709             ,1215000
2014-07-30,0.47200000000000003,609000
2014-07-31,0.4627             ,3852000
2014-08-01,0.4561             ,8380000
2014-08-04,0.4735             ,5006000
2014-08-05,0.4644             ,5923000
2014-08-06,0.45899999999999996,8077000
2014-08-07,0.4598             ,7335000
2014-08-08,0.46299999999999997,1160000
2014-08-11,0.469              ,4049000
2014-08-12,0.4629             ,3602000
2014-08-13,0.4699             ,6545000
2014-08-14,0.4715             ,3522000
2014-08-15,0.4703             ,2752000
2014-08-18,0.4679             ,1327000
2014-08-19,0.474              ,3355000
2014-08-20,0.475              ,1603000
2014-08-21,0.4774             ,4497000
2014-08-22,0.4704             ,3020000
2014-08-25,0.47100000000000003,1035000
2014-08-26,0.4697             ,2061000
2014-08-27,0.4719             ,2175000
2014-08-28,0.46399999999999997,3480000
2014-08-29,0.485              ,22081000
2014-09-01,0.4959             ,10571000
2014-09-02,0.4945             ,16555000
2014-09-03,0.5013             ,15261000
2014-09-04,0.5113             ,34239000
2014-09-05,0.526              ,58087000
2014-09-08,0.5194             ,1788000
2014-09-09,0.5155             ,2585000
2014-09-10,0.5184             ,13049000
2014-09-11,0.52               ,21427000
2014-09-12,0.5259             ,2286000
2014-09-15,0.5395             ,17309000
2014-09-16,0.5373             ,25919000
2014-09-17,0.5384             ,9893000
2014-09-18,0.5319             ,3406000
2014-09-19,0.5414             ,8409000
2014-09-22,0.5475             ,11109000
2014-09-23,0.5438             ,1620000
2014-09-24,0.55               ,6170000
2014-09-25,0.5374             ,2645000
2014-09-26,0.53               ,3707000
2014-09-29,0.5349             ,4695000
2014-09-30,0.535              ,7320000
2014-10-01,0.529              ,1624000
2014-10-02,0.516              ,1180000
2014-10-03,0.522              ,564000
2014-10-06,0.529              ,2576000
2014-10-07,0.527              ,2188000
2014-10-08,0.526              ,3743000
2014-10-09,0.52               ,3934000
2014-10-10,0.509              ,5402000
2014-10-13,0.517              ,3185000
2014-10-14,0.531              ,2137000
2014-10-15,0.52               ,914000
2014-10-16,0.519              ,1537000
2014-10-17,0.5329999999999999 ,1864000
2014-10-20,0.532              ,890000
2014-10-21,0.5329999999999999 ,485000
2014-10-22,0.537              ,3692000
2014-10-23,0.516              ,8165000
2014-10-24,0.516              ,1498000
2014-10-27,0.521              ,1030000
2014-10-28,0.522              ,1297000
2014-10-29,0.545              ,18407000
2014-10-30,0.547              ,4044000
2014-10-31,0.546              ,2617000
2014-11-03,0.5710000000000001 ,8631000
2014-11-05,0.57               ,4517000
2014-11-06,0.555              ,38065000
2014-11-07,0.568              ,6698000
2014-11-10,0.5710000000000001 ,139000
2014-11-11,0.569              ,7509000
2014-11-12,0.58               ,9257000
2014-11-13,0.5660000000000001 ,1122000
2014-11-14,0.562              ,3901000
2014-11-17,0.557              ,7954000
2014-11-18,0.573              ,3110000
2014-11-19,0.555              ,1549000
2014-11-20,0.5579999999999999 ,477000
2014-11-21,0.556              ,977000
2014-11-24,0.561              ,1233000
2014-11-25,0.574              ,10743000
2014-11-26,0.574              ,1004000
2014-11-27,0.5720000000000001 ,8000
2014-11-28,0.565              ,3157000
2014-12-01,0.55               ,8316000
2014-12-02,0.56               ,2755000
2014-12-03,0.5589999999999999 ,731000
2014-12-04,0.556              ,2133000
2014-12-05,0.54               ,2643000
2014-12-08,0.527              ,12073000
2014-12-09,0.523              ,3733000
2014-12-10,0.54               ,2290000
2014-12-11,0.537              ,9742000
2014-12-12,0.53               ,4415000
2014-12-15,0.519              ,17312000
2014-12-16,0.45399999999999996,17310000
2014-12-17,0.48100000000000004,2852000
2014-12-18,0.499              ,2827000
2014-12-19,0.519              ,4538000
2014-12-22,0.53               ,1656000
2014-12-23,0.539              ,1402000
2014-12-24,0.55               ,3349000
2014-12-25,0.539              ,1253000
2014-12-26,0.545              ,1650000
2014-12-29,0.57               ,7067000
2014-12-30,0.56               ,6460000
2015-01-05,0.575              ,975000
2015-01-06,0.5660000000000001 ,642000
2015-01-08,0.578              ,2299000
2015-01-09,0.57               ,178000
2015-01-12,0.581              ,3968000
2015-01-13,0.556              ,7552000
2015-01-14,0.56               ,1367000
2015-01-15,0.5489999999999999 ,3050000
2015-01-16,0.54               ,3580000
2015-01-19,0.5429999999999999 ,1425000
2015-01-20,0.5489999999999999 ,2101000
2015-01-21,0.546              ,6173000
2015-01-22,0.564              ,6562000
2015-01-23,0.5539999999999999 ,3317000
2015-01-26,0.54               ,2621000
2015-01-27,0.537              ,2590000
2015-01-28,0.534              ,7313000
2015-01-29,0.535              ,7217000
2015-01-30,0.525              ,1463000
2015-02-02,0.529              ,5234000
2015-02-03,0.535              ,2703000
2015-02-04,0.551              ,3930000
2015-02-05,0.55               ,638000
2015-02-06,0.551              ,10378000
2015-02-09,0.5539999999999999 ,2322000
2015-02-10,0.551              ,434000
2015-02-11,0.562              ,1534000
2015-02-12,0.581              ,5403000
2015-02-13,0.596              ,11929000
2015-02-16,0.598              ,10575000
2015-02-17,0.5820000000000001 ,11271000
2015-02-18,0.5870000000000001 ,2958000
2015-02-19,0.59               ,3322000
2015-02-20,0.599              ,13779000
2015-02-24,0.585              ,4660000
2015-02-25,0.6                ,21462000
2015-02-26,0.605              ,46024000
2015-02-27,0.614              ,37199000
2015-03-02,0.613              ,6852000
2015-03-03,0.62               ,13672000
2015-03-04,0.624              ,5432000
2015-03-05,0.62               ,2386000
2015-03-06,0.6                ,4787000
2015-03-10,0.5760000000000001 ,7719000
2015-03-11,0.59               ,3686000
2015-03-12,0.593              ,3653000
2015-03-13,0.578              ,4162000
2015-03-16,0.5660000000000001 ,3376000
2015-03-17,0.5820000000000001 ,2752000
2015-03-18,0.569              ,8306000
2015-03-19,0.56               ,16771000
2015-03-20,0.551              ,8732000
2015-03-23,0.5429999999999999 ,5954000
2015-03-24,0.5429999999999999 ,1650000
2015-03-25,0.529              ,8791000
2015-03-26,0.515              ,9509000
2015-03-27,0.51               ,14251000
2015-03-30,0.518              ,4603000
2015-03-31,0.513              ,8110000
2015-04-01,0.53               ,22277000
2015-04-02,0.536              ,13525000
2015-04-03,0.5379999999999999 ,2811000
2015-04-06,0.541              ,8794000
2015-04-07,0.534              ,20932000
2015-04-08,0.521              ,9080000
2015-04-09,0.521              ,17252000
2015-04-10,0.52               ,10485000
2015-04-13,0.529              ,13873000
2015-04-14,0.519              ,11576000
2015-04-15,0.522              ,13124000
2015-04-16,0.521              ,9206000
2015-04-17,0.522              ,3108000
2015-04-20,0.517              ,2313000
2015-04-21,0.519              ,8640000
2015-04-22,0.519              ,31870000
2015-04-23,0.524              ,10186000
2015-04-24,0.518              ,11812000
2015-04-27,0.52               ,2891000
2015-04-28,0.52               ,8721000
2015-04-29,0.519              ,7993000
2015-04-30,0.522              ,3582000
2015-05-05,0.535              ,12422000
2015-05-06,0.527              ,9912000
2015-05-07,0.521              ,12249000
2015-05-08,0.528              ,940000
2015-05-12,0.526              ,7991000
2015-05-13,0.523              ,760000
2015-05-14,0.526              ,1561000
2015-05-15,0.519              ,5413000
2015-05-18,0.523              ,6958000
2015-05-19,0.523              ,1542000
2015-05-20,0.522              ,5211000
2015-05-21,0.525              ,1728000
2015-05-22,0.524              ,2535000
2015-05-25,0.523              ,3561000
2015-05-26,0.521              ,897000
2015-05-27,0.522              ,1479000
2015-05-28,0.516              ,2663000
2015-05-29,0.514              ,3466000
2015-06-01,0.507              ,1536000
2015-06-02,0.51               ,1636000
2015-06-03,0.507              ,3619000
2015-06-04,0.503              ,3765000
2015-06-05,0.498              ,3974000
2015-06-08,0.504              ,3242000
2015-06-09,0.499              ,1862000
2015-06-10,0.496              ,1947000
2015-06-11,0.493              ,1873000
2015-06-15,0.496              ,3826000
2015-06-16,0.502              ,4967000
2015-06-17,0.499              ,656000
2015-06-18,0.518              ,11093000
2015-06-19,0.501              ,3141000
2015-06-22,0.495              ,3623000
2015-06-23,0.495              ,4015000
2015-06-24,0.486              ,4208000
2015-06-25,0.48200000000000004,7116000
2015-06-26,0.48100000000000004,3869000
2015-06-29,0.478              ,4377000
2015-06-30,0.475              ,1752000
2015-07-01,0.47600000000000003,1556000
2015-07-02,0.478              ,384000
2015-07-03,0.479              ,1147000
2015-07-06,0.47               ,3178000
2015-07-07,0.469              ,5131000
2015-07-08,0.46299999999999997,5754000
2015-07-09,0.47100000000000003,1357000
2015-07-10,0.474              ,1451000
2015-07-13,0.473              ,603000
2015-07-14,0.47700000000000004,1238000
2015-07-15,0.479              ,1341000
2015-07-16,0.48700000000000004,2001000
2015-07-17,0.48200000000000004,1952000
2015-07-20,0.474              ,3074000
2015-07-21,0.484              ,1057000
2015-07-22,0.473              ,953000
2015-07-23,0.47100000000000003,1111000
2015-07-24,0.469              ,1333000
2015-07-27,0.461              ,2243000
2015-07-28,0.466              ,844000
2015-07-29,0.467              ,994000
2015-07-30,0.46799999999999997,2841000
2015-07-31,0.469              ,3709000
2015-08-03,0.47200000000000003,3354000
2015-08-04,0.47600000000000003,3036000
2015-08-05,0.475              ,723000
2015-08-06,0.473              ,1182000
2015-08-07,0.475              ,1224000
2015-08-10,0.475              ,2491000
2015-08-11,0.478              ,4122000
2015-08-12,0.473              ,4508000
2015-08-13,0.47600000000000003,814000
2015-08-14,0.484              ,17905000
2015-08-17,0.488              ,1706000
2015-08-18,0.486              ,939000
2015-08-19,0.49               ,5353000
2015-08-20,0.495              ,5769000
2015-08-21,0.495              ,5436000
2015-08-24,0.47700000000000004,4138000
2015-08-25,0.48700000000000004,2865000
2015-08-26,0.485              ,647000
2015-08-27,0.506              ,3439000
2015-08-28,0.502              ,2250000
2015-08-31,0.498              ,1337000
2015-09-01,0.496              ,401000
2015-09-02,0.496              ,677000
2015-09-03,0.509              ,2562000
2015-09-04,0.508              ,4595000
2015-09-07,0.515              ,3547000
2015-09-08,0.525              ,5024000
2015-09-09,0.521              ,1604000
2015-09-10,0.519              ,484000
2015-09-11,0.517              ,1336000
2015-09-14,0.515              ,822000
2015-09-15,0.522              ,1477000
2015-09-16,0.516              ,1798000
2015-09-17,0.515              ,1115000
2015-09-18,0.515              ,1223000
2015-09-21,0.511              ,2247000
2015-09-22,0.5                ,1917000
2015-09-23,0.501              ,1173000
2015-09-24,0.501              ,2671000
2015-09-25,0.503              ,103000
2015-09-28,0.505              ,1298000
2015-09-29,0.501              ,8620000
2015-09-30,0.506              ,520000
2015-10-01,0.506              ,155000
2015-10-02,0.506              ,4706000
2015-10-05,0.509              ,3226000
2015-10-06,0.513              ,4340000
2015-10-07,0.514              ,2758000
2015-10-08,0.51               ,2740000
2015-10-09,0.507              ,1024000
2015-10-12,0.505              ,1569000
2015-10-13,0.506              ,2115000
2015-10-14,0.509              ,1071000
2015-10-15,0.511              ,3529000
2015-10-16,0.51               ,3138000
2015-10-19,0.507              ,2183000
2015-10-20,0.508              ,5462000
2015-10-21,0.527              ,2438000
2015-10-22,0.522              ,5213000
2015-10-23,0.5379999999999999 ,6464000
2015-10-26,0.534              ,2088000
2015-10-27,0.53               ,4794000
2015-10-28,0.523              ,2746000
2015-10-29,0.535              ,2204000
2015-10-30,0.531              ,51000
2015-11-02,0.5539999999999999 ,6701000
2015-11-03,0.562              ,8634000
2015-11-05,0.541              ,3435000
2015-11-06,0.545              ,560000
2015-11-09,0.565              ,1980000
2015-11-10,0.5720000000000001 ,2936000
2015-11-11,0.586              ,6483000
2015-11-12,0.569              ,4361000
2015-11-13,0.568              ,2701000
2015-11-16,0.545              ,8206000
2015-11-17,0.5479999999999999 ,4816000
2015-11-18,0.563              ,4660000
2015-11-19,0.606              ,25931000
2015-11-20,0.6                ,2108000
2015-11-23,0.606              ,1975000
2015-11-24,0.594              ,3965000
2015-11-25,0.6                ,2511000
2015-11-26,0.59               ,21406000
2015-11-27,0.59               ,1060000
2015-11-30,0.595              ,754000
2015-12-01,0.59               ,9011000
2015-12-02,0.59               ,7722000
2015-12-03,0.589              ,405000
2015-12-04,0.589              ,9292000
2015-12-07,0.5770000000000001 ,17741000
2015-12-08,0.575              ,12826000
2015-12-09,0.584              ,607000
2015-12-10,0.579              ,542000
2015-12-11,0.58               ,18590000
2015-12-14,0.58               ,8873000
2015-12-15,0.586              ,7461000
2015-12-16,0.585              ,6913000
2015-12-17,0.583              ,11252000
2015-12-18,0.586              ,2878000
2015-12-21,0.593              ,485000
2015-12-22,0.589              ,841000
2015-12-23,0.586              ,1569000
2015-12-24,0.5820000000000001 ,3282000
2015-12-25,0.58               ,6311000
2015-12-28,0.584              ,3688000
2015-12-29,0.593              ,2239000
2015-12-30,0.593              ,886000
2016-01-04,0.599              ,761000
2016-01-05,0.625              ,2831000
2016-01-06,0.639              ,2349000
2016-01-11,0.611              ,1414000
2016-01-12,0.614              ,1352000
2016-01-13,0.606              ,1941000
2016-01-14,0.599              ,6958000
2016-01-15,0.5870000000000001 ,7950000
2016-01-18,0.58               ,5611000
2016-01-19,0.59               ,5297000
2016-01-20,0.6                ,5511000
2016-01-21,0.598              ,957000
2016-01-22,0.61               ,879000
2016-01-25,0.602              ,1913000
2016-01-26,0.599              ,467000
2016-01-27,0.606              ,988000
2016-01-28,0.61               ,1148000
2016-01-29,0.61               ,1549000
2016-02-01,0.612              ,620000
2016-02-02,0.611              ,1556000
2016-02-03,0.619              ,2217000
2016-02-04,0.619              ,68000
2016-02-05,0.626              ,2300000
2016-02-08,0.625              ,1179000
2016-02-09,0.624              ,602000
2016-02-10,0.62               ,2333000
2016-02-11,0.614              ,1135000
2016-02-12,0.612              ,424000
2016-02-15,0.618              ,42000
2016-02-16,0.612              ,784000
2016-02-17,0.609              ,590000
2016-02-18,0.639              ,3701000
2016-02-19,0.645              ,1483000
2016-02-20,0.649              ,2220000
2016-02-22,0.657              ,1411000
2016-02-24,0.645              ,1311000
2016-02-25,0.652              ,3859000
2016-02-26,0.665              ,2764000
2016-02-29,0.7                ,14180000
2016-03-01,0.6970000000000001 ,7197000
2016-03-02,0.6920000000000001 ,6590000
2016-03-03,0.677              ,4925000
2016-03-04,0.6970000000000001 ,7932000
2016-03-07,0.71               ,5214000
2016-03-09,0.7090000000000001 ,2213000
2016-03-10,0.701              ,5533000
2016-03-11,0.7                ,4772000
2016-03-14,0.695              ,2029000
2016-03-15,0.7                ,830000
2016-03-16,0.72               ,5163000
2016-03-17,0.7170000000000001 ,858000
2016-03-18,0.7090000000000001 ,1658000
2016-03-21,0.705              ,947000
2016-03-22,0.708              ,2327000
2016-03-23,0.7                ,2227000
2016-03-24,0.7                ,585000
2016-03-25,0.696              ,3515000
2016-03-28,0.7                ,977000
2016-03-29,0.6920000000000001 ,1102000
2016-03-30,0.6890000000000001 ,1182000
2016-03-31,0.6859999999999999 ,915000
2016-04-01,0.6970000000000001 ,2990000
2016-04-04,0.7                ,963000
2016-04-05,0.7070000000000001 ,1324000
2016-04-06,0.731              ,4644000
2016-04-07,0.81               ,13952000
2016-04-08,0.7659999999999999 ,7401000
2016-04-11,0.746              ,8212000
2016-04-12,0.768              ,5294000
2016-04-13,0.79               ,2583000
2016-04-14,0.762              ,1323000
2016-04-15,0.75               ,2131000
2016-04-18,0.772              ,2183000
2016-04-19,0.7979999999999999 ,2866000
2016-04-20,0.812              ,2684000
2016-04-21,0.809              ,1609000
2016-04-22,0.85               ,37720000
2016-04-25,0.81               ,6232000
2016-04-26,0.805              ,3264000
2016-04-27,0.807              ,1185000
2016-04-28,0.852              ,4612000
2016-04-29,0.8490000000000001 ,7884000
2016-05-04,0.838              ,4031000
2016-05-05,0.858              ,759000
2016-05-06,0.887              ,6011000
2016-05-10,0.8740000000000001 ,1592000
2016-05-11,0.867              ,1688000
2016-05-12,0.856              ,3483000
2016-05-13,0.845              ,6354000
2016-05-16,0.845              ,2142000
2016-05-17,0.8370000000000001 ,4811000
2016-05-18,0.841              ,2263000
2016-05-19,0.82               ,4484000
2016-05-20,0.8029999999999999 ,4453000
2016-05-23,0.789              ,2770000
2016-05-24,0.8420000000000001 ,10898000
2016-05-25,0.877              ,15817000
2016-05-26,0.872              ,12876000
2016-05-27,0.868              ,5420000
2016-05-30,0.799              ,39201000
2016-05-31,0.765              ,32234000
2016-06-01,0.85               ,29007000
2016-06-02,0.87               ,31511000
2016-06-03,0.877              ,18159000
2016-06-06,0.889              ,16760000
2016-06-07,0.884              ,5605000
2016-06-08,0.887              ,2005000
2016-06-09,0.8740000000000001 ,3454000
2016-06-10,0.88               ,6829000
2016-06-14,0.87               ,5728000
2016-06-15,0.878              ,5438000
2016-06-16,0.907              ,7969000
2016-06-17,1.072              ,45669000
2016-06-20,1.16               ,24663000
2016-06-21,1.19               ,17827000
2016-06-22,1.189              ,3779000
2016-06-23,1.186              ,5641000
2016-06-24,1.197              ,5897000
2016-06-27,1.195              ,1692000
2016-06-28,1.189              ,3538000
2016-06-29,1.14               ,4589000
2016-06-30,1.249              ,8649000
2016-07-01,1.275              ,7349000
2016-07-04,1.249              ,7651000
2016-07-05,1.268              ,4243000
2016-07-06,1.2819999999999998 ,7861000
2016-07-07,1.273              ,2399000
2016-07-08,1.27               ,1870000
2016-07-11,1.285              ,4686000
2016-07-12,1.2770000000000001 ,3358000
2016-07-13,1.274              ,2422000
2016-07-14,1.265              ,2826000
2016-07-15,1.3090000000000002 ,7804000
2016-07-18,1.294              ,5982000
2016-07-19,1.29               ,2036000
2016-07-20,1.2790000000000001 ,694000
2016-07-21,1.2930000000000001 ,2196000
2016-07-22,1.29               ,2046000
2016-07-25,1.55               ,33747000
2016-07-26,1.67               ,39185000
2016-07-27,1.5859999999999999 ,12205000
2016-07-28,1.6269999999999998 ,4422000
2016-07-29,1.6869999999999998 ,8164000
2016-08-01,1.69               ,1963000
2016-08-02,1.6340000000000001 ,4057000
2016-08-03,1.6269999999999998 ,5397000
2016-08-04,1.6380000000000001 ,3294000
2016-08-05,1.6269999999999998 ,2671000
2016-08-08,1.617              ,1867000
2016-08-09,1.6280000000000001 ,1970000
2016-08-10,1.6669999999999998 ,4246000
2016-08-11,1.847              ,7783000
2016-08-12,1.8630000000000002 ,8260000
2016-08-15,1.85               ,3747000
2016-08-16,1.798              ,3632000
2016-08-17,1.815              ,3392000
2016-08-18,1.797              ,1171000
2016-08-19,1.814              ,1239000
2016-08-22,1.88               ,5590000
2016-08-23,1.95               ,8994000
2016-08-24,2.01               ,10809000
2016-08-25,2.05               ,5744000
2016-08-26,2.0780000000000003 ,19471000
2016-08-29,2.082              ,6214000
2016-08-30,2.032              ,5959000
2016-08-31,2.019              ,4756000
2016-09-01,2.011              ,3182000
2016-09-02,2.016              ,4024000
2016-09-05,2.02               ,4007000
2016-09-06,2.0                ,4237000
2016-09-07,2.0                ,3611000
2016-09-08,2.0069999999999997 ,2759000
2016-09-09,2.009              ,1637000
2016-09-12,2.005              ,2162000
2016-09-13,1.9509999999999998 ,5136000
2016-09-14,1.953              ,6167000
2016-09-15,1.984              ,3147000
2016-09-16,1.9780000000000002 ,2451000
2016-09-19,1.9280000000000002 ,6967000
2016-09-20,1.949              ,2939000
2016-09-21,1.962              ,1075000
2016-09-22,1.9340000000000002 ,1809000
2016-09-23,1.9380000000000002 ,995000
2016-09-26,1.9340000000000002 ,4971000
2016-09-27,1.902              ,1144000
2016-09-28,1.901              ,3974000
2016-09-29,1.8980000000000001 ,2397000
2016-09-30,1.969              ,13428000
2016-10-03,1.94               ,3426000
2016-10-04,1.9069999999999998 ,3038000
2016-10-05,1.8769999999999998 ,1109000
2016-10-06,1.8719999999999999 ,2378000
2016-10-07,1.886              ,2835000
2016-10-10,1.9240000000000002 ,1564000
2016-10-11,1.893              ,3045000
2016-10-12,1.869              ,1564000
2016-10-13,1.864              ,4018000
2016-10-14,1.869              ,8736000
2016-10-17,1.86               ,2767000
2016-10-18,1.87               ,1196000
2016-10-19,1.868              ,1367000
2016-10-20,1.92               ,4923000
2016-10-21,1.8719999999999999 ,2941000
2016-10-24,1.868              ,1529000
2016-10-25,1.8780000000000001 ,2987000
2016-10-26,1.879              ,2418000
2016-10-27,2.314              ,22562000
2016-10-28,2.274              ,26356000
2016-10-31,2.242              ,5582000
2016-11-01,2.2840000000000003 ,7910000
2016-11-02,2.239              ,5130000
2016-11-03,2.266              ,5156000
2016-11-07,2.178              ,4684000
2016-11-08,2.199              ,5404000
2016-11-09,2.218              ,1485000
2016-11-10,2.22               ,4779000
2016-11-11,2.244              ,1718000
2016-11-14,2.273              ,3659000
2016-11-15,2.224              ,1749000
2016-11-16,2.242              ,2601000
2016-11-17,2.26               ,5371000
2016-11-18,2.265              ,2623000
2016-11-21,2.235              ,4102000
2016-11-22,2.224              ,3404000
2016-11-23,2.228              ,1071000
2016-11-24,2.22               ,3305000
2016-11-25,2.237              ,1223000
2016-11-28,2.2640000000000002 ,4403000
2016-11-29,2.278              ,5470000
2016-11-30,2.27               ,3047000
2016-12-01,2.244              ,3085000
2016-12-02,2.225              ,1901000
2016-12-05,2.228              ,2001000
2016-12-06,2.222              ,1375000
2016-12-07,2.2                ,2252000
2016-12-08,2.215              ,5015000
2016-12-09,2.214              ,2618000
2016-12-12,2.2159999999999997 ,4115000
2016-12-13,2.208              ,3959000
2016-12-14,2.21               ,4203000
2016-12-15,2.208              ,2818000
2016-12-16,2.202              ,1318000
2016-12-19,2.0380000000000003 ,11493000
2016-12-20,2.145              ,9813000
2016-12-21,2.11               ,2148000
2016-12-22,2.095              ,3512000
2016-12-23,2.069              ,3331000
2016-12-26,2.108              ,1504000
2016-12-27,2.135              ,2751000
2016-12-28,2.165              ,2903000
2016-12-29,2.2                ,4144000
2016-12-30,2.209              ,1836000
2017-01-03,2.218              ,2051000
2017-01-04,2.1959999999999997 ,3068000
2017-01-05,2.188              ,650000
2017-01-06,2.205              ,541000
2017-01-09,2.1959999999999997 ,2118000
2017-01-10,2.1959999999999997 ,3916000
2017-01-11,2.191              ,2178000
2017-01-12,2.18               ,5008000
2017-01-13,2.1919999999999997 ,1851000
2017-01-16,2.182              ,1754000
2017-01-17,2.184              ,1024000
2017-01-18,2.23               ,4818000
2017-01-19,2.22               ,2808000
2017-01-20,2.22               ,2576000
2017-01-23,2.1959999999999997 ,1087000
2017-01-24,2.19               ,2374000
2017-01-25,2.177              ,2871000
2017-01-26,2.245              ,6194000
2017-01-27,2.214              ,1535000
2017-01-30,2.214              ,2114000
2017-01-31,2.206              ,2621000
2017-02-01,2.219              ,3502000
2017-02-02,2.239              ,3025000
2017-02-03,2.271              ,4720000
2017-02-06,2.375              ,8001000
2017-02-07,2.449              ,5127000
2017-02-08,2.394              ,4254000
2017-02-09,2.374              ,1721000
2017-02-10,2.385              ,1124000
2017-02-13,2.391              ,2374000
2017-02-14,2.377              ,1432000
2017-02-15,2.375              ,5294000
2017-02-16,2.372              ,804000
2017-02-17,2.3819999999999997 ,2354000
2017-02-20,2.296              ,3657000
2017-02-21,2.326              ,4175000
2017-02-22,2.283              ,2158000
2017-02-24,2.266              ,3975000
2017-02-27,2.1390000000000002 ,9228000
2017-02-28,2.086              ,19905000
2017-03-01,2.116              ,5003000
2017-03-02,2.0780000000000003 ,4287000
2017-03-03,2.225              ,19627000
2017-03-06,2.218              ,7060000
2017-03-07,2.104              ,8504000
2017-03-09,1.919              ,27338000
2017-03-10,1.995              ,8350000
2017-03-13,2.0069999999999997 ,5467000
2017-03-14,1.9680000000000002 ,4944000
2017-03-15,1.984              ,815000
2017-03-16,2.02               ,2305000
2017-03-17,2.06               ,1970000
2017-03-20,2.057              ,2630000
2017-03-21,2.053              ,4627000
2017-03-22,1.9909999999999999 ,11434000
2017-03-23,1.996              ,2851000
2017-03-24,1.996              ,1146000
2017-03-27,1.9780000000000002 ,2777000
2017-03-28,1.98               ,2169000
2017-03-29,1.966              ,676000
2017-03-30,1.9969999999999999 ,2553000
2017-03-31,1.9909999999999999 ,1951000
2017-04-03,1.995              ,637000
2017-04-04,2.0                ,1604000
2017-04-05,2.028              ,1396000
2017-04-06,2.123              ,6276000
2017-04-07,2.15               ,20363000
2017-04-10,2.062              ,4730000
2017-04-11,2.099              ,3520000
2017-04-12,2.069              ,3164000
2017-04-13,2.0780000000000003 ,4156000
2017-04-14,2.073              ,4288000
2017-04-17,2.1180000000000003 ,2503000
2017-04-18,2.099              ,3656000
2017-04-19,2.11               ,3080000
2017-04-20,2.13               ,3481000
2017-04-21,2.119              ,2456000
2017-04-24,2.138              ,7547000
2017-04-25,2.175              ,5053000
2017-04-26,2.18               ,5551000
2017-04-27,2.173              ,1641000
2017-04-28,2.239              ,4291000
2017-05-02,2.242              ,8329000
2017-05-03,2.238              ,1940000
2017-05-04,2.214              ,2106000
2017-05-05,2.207              ,1541000
2017-05-10,2.21               ,1905000
2017-05-11,2.207              ,2528000
2017-05-12,2.2                ,2029000
2017-05-15,2.165              ,3818000
2017-05-16,2.1719999999999997 ,2069000
2017-05-17,2.1719999999999997 ,979000
2017-05-18,2.141              ,4718000
2017-05-19,2.1319999999999997 ,4470000
2017-05-22,2.105              ,5768000
2017-05-23,2.119              ,3041000
2017-05-24,2.127              ,4744000
2017-05-25,2.166              ,11676000
2017-05-26,2.1430000000000002 ,14333000
2017-05-29,2.131              ,13964000
2017-05-30,2.1319999999999997 ,27072000
2017-05-31,2.188              ,101164000
2017-06-01,2.063              ,56712000
2017-06-02,2.0669999999999997 ,28503000
2017-06-05,2.0669999999999997 ,10166000
2017-06-06,2.029              ,6737000
2017-06-07,2.031              ,12870000
2017-06-08,2.01               ,14286000
2017-06-09,2.019              ,5496000
2017-06-13,2.0269999999999997 ,4365000
2017-06-14,2.01               ,10834000
2017-06-15,1.9709999999999999 ,15896000
2017-06-16,1.984              ,8884000
2017-06-19,1.994              ,3650000
2017-06-20,2.0340000000000003 ,10054000
2017-06-21,2.075              ,10353000
2017-06-22,2.082              ,4962000
2017-06-23,2.094              ,6363000
2017-06-26,2.156              ,13181000
2017-06-27,2.164              ,4349000
2017-06-28,2.198              ,4741000
2017-06-29,2.2                ,13105000
2017-06-30,2.2                ,8986000
2017-07-03,2.191              ,5029000
2017-07-04,2.201              ,7792000
2017-07-05,2.204              ,8284000
2017-07-06,2.202              ,8057000
2017-07-07,2.2                ,6221000
2017-07-10,2.27               ,23109000
2017-07-11,2.319              ,19952000
2017-07-12,2.34               ,31630000
2017-07-13,2.335              ,28160000
2017-07-14,2.298              ,29495000
2017-07-17,2.34               ,52536000
2017-07-18,1.955              ,52385000
2017-07-19,1.92               ,20248000
2017-07-20,1.8159999999999998 ,25432000
2017-07-21,1.745              ,18250000
2017-07-24,1.673              ,18341000
2017-07-25,1.7369999999999999 ,18191000
2017-07-26,1.8230000000000002 ,18230000
2017-07-27,1.848              ,17072000
2017-07-28,1.81               ,15571000
2017-07-31,1.764              ,6893000
2017-08-01,1.7690000000000001 ,3941000
2017-08-02,1.7690000000000001 ,5060000
2017-08-03,1.745              ,7388000
2017-08-04,1.75               ,5701000
2017-08-07,1.77               ,6057000
2017-08-08,1.771              ,3551000
2017-08-09,1.7690000000000001 ,5161000
2017-08-10,1.7619999999999998 ,3428000
2017-08-11,1.777              ,5967000
2017-08-14,1.7830000000000001 ,2176000
2017-08-15,1.786              ,5731000
2017-08-16,1.756              ,4349000
2017-08-17,1.7590000000000001 ,3031000
2017-08-18,1.775              ,3226000
2017-08-21,1.8159999999999998 ,4223000
2017-08-22,1.876              ,10031000
2017-08-23,1.949              ,37751000
2017-08-24,1.95               ,4744000
2017-08-25,1.964              ,3931000
2017-08-28,1.964              ,4051000
2017-08-29,1.9240000000000002 ,2877000
2017-08-30,1.9180000000000001 ,3328000
2017-08-31,1.92               ,2308000
2017-09-01,1.9                ,3101000
2017-09-04,1.9269999999999998 ,2913000
2017-09-05,1.921              ,5754000
2017-09-06,1.9180000000000001 ,1128000
2017-09-07,1.936              ,5843000
2017-09-08,1.93               ,1271000
2017-09-11,1.93               ,5664000
2017-09-12,1.925              ,1993000
2017-09-13,1.926              ,2655000
2017-09-14,1.906              ,2368000
2017-09-15,1.925              ,934000
2017-09-18,1.936              ,2647000
2017-09-19,1.895              ,6353000
2017-09-20,1.8880000000000001 ,6384000
2017-09-21,1.864              ,4084000
2017-09-22,1.84               ,7316000
2017-09-25,1.8319999999999999 ,2839000
2017-09-26,1.838              ,2625000
2017-09-27,1.831              ,3110000
2017-09-28,1.82               ,2453000
2017-09-29,1.81               ,3427000
2017-10-02,1.8090000000000002 ,7857000
2017-10-03,1.815              ,8644000
2017-10-04,1.817              ,2077000
2017-10-05,1.8230000000000002 ,5256000
2017-10-06,1.829              ,3817000
2017-10-09,1.835              ,1990000
2017-10-10,1.829              ,1913000
2017-10-11,1.8359999999999999 ,2468000
2017-10-12,1.8230000000000002 ,1530000
2017-10-13,1.811              ,4175000
2017-10-16,1.81               ,2349000
2017-10-17,1.7719999999999998 ,4460000
2017-10-18,1.742              ,9046000
2017-10-19,1.724              ,3066000
2017-10-20,1.74               ,2812000
2017-10-23,1.757              ,4283000
2017-10-24,1.77               ,4121000
2017-10-25,1.7069999999999999 ,3301000
2017-10-26,1.649              ,9776000
2017-10-27,1.629              ,5477000
2017-10-30,1.706              ,6431000
2017-10-31,1.683              ,2814000
2017-11-01,1.661              ,2766000
2017-11-02,1.6130000000000002 ,5292000
2017-11-03,1.614              ,5230000
2017-11-07,1.61               ,2581000
2017-11-08,1.68               ,3835000
2017-11-09,1.6569999999999998 ,3571000
2017-11-10,1.642              ,2513000
2017-11-13,1.63               ,2310000
2017-11-14,1.617              ,4718000
2017-11-15,1.548              ,8755000
2017-11-16,1.52               ,13503000
2017-11-17,1.5319999999999998 ,3059000
2017-11-20,1.5719999999999998 ,3760000
2017-11-21,1.5619999999999998 ,2443000
2017-11-22,1.5659999999999998 ,1455000
2017-11-23,1.547              ,3627000
2017-11-24,1.547              ,2222000
2017-11-27,1.518              ,3123000
2017-11-28,1.508              ,2124000
2017-11-29,1.5190000000000001 ,2965000
2017-11-30,1.504              ,2216000
2017-12-01,1.51               ,1600000
2017-12-04,1.479              ,3224000
2017-12-05,1.494              ,7185000
2017-12-06,1.5190000000000001 ,5730000
2017-12-07,1.5019999999999998 ,1921000
2017-12-08,1.506              ,1331000
2017-12-11,1.567              ,7175000
2017-12-12,1.561              ,2107000
2017-12-13,1.5930000000000002 ,4894000
2017-12-14,1.666              ,5864000
2017-12-15,1.6469999999999998 ,3181000
2017-12-18,1.6540000000000001 ,6890000
2017-12-19,1.608              ,3461000
2017-12-20,1.5490000000000002 ,5512000
2017-12-21,1.5219999999999998 ,2804000
2017-12-22,1.541              ,8598000
2017-12-25,1.534              ,4420000
2017-12-26,1.507              ,4814000
2017-12-27,1.49               ,17133000
2017-12-28,1.5619999999999998 ,10750000
2017-12-29,1.626              ,6855000
2018-01-03,1.607              ,3823000
2018-01-04,1.611              ,1852000
2018-01-05,1.6                ,2850000
2018-01-09,1.61               ,2463000
2018-01-10,1.615              ,4391000
2018-01-11,1.65               ,8079000
2018-01-12,1.655              ,2710000
2018-01-15,1.651              ,1586000
2018-01-16,1.651              ,2781000
2018-01-17,1.646              ,1149000
2018-01-18,1.67               ,3423000
2018-01-19,1.817              ,19629000
2018-01-22,1.811              ,18292000
2018-01-23,1.771              ,7392000
2018-01-24,1.7619999999999998 ,4371000
2018-01-25,1.7480000000000002 ,3628000
2018-01-26,1.709              ,4593000
2018-01-29,1.7                ,3586000
2018-01-30,1.72               ,2568000
2018-01-31,1.709              ,1609000
2018-02-01,1.729              ,1622000
2018-02-02,1.7180000000000002 ,2051000
2018-02-05,1.71               ,2503000
2018-02-06,1.6380000000000001 ,11134000
2018-02-07,1.651              ,4195000
2018-02-08,1.66               ,2419000
2018-02-09,1.655              ,1876000
2018-02-12,1.669              ,4837000
2018-02-13,1.651              ,2504000
2018-02-14,1.67               ,2054000
2018-02-15,1.649              ,3264000
2018-02-16,1.643              ,1805000
2018-02-19,1.661              ,3306000
2018-02-20,1.662              ,1356000
2018-02-21,1.681              ,2439000
2018-02-22,1.6740000000000002 ,2449000
2018-02-26,1.649              ,8223000
2018-02-27,1.643              ,2628000
2018-02-28,1.611              ,3951000
2018-03-01,1.59               ,3786000
2018-03-02,1.565              ,6563000
2018-03-05,1.5390000000000001 ,17180000
2018-03-06,1.534              ,3892000
2018-03-07,1.537              ,6610000
2018-03-09,1.551              ,3256000
2018-03-12,1.569              ,4736000
2018-03-13,1.5719999999999998 ,2987000
2018-03-14,1.546              ,4827000
2018-03-15,1.548              ,2043000
2018-03-16,1.555              ,4341000
2018-03-19,1.554              ,3122000
2018-03-20,1.5530000000000002 ,1750000
2018-03-21,1.574              ,4233000
2018-03-22,1.5490000000000002 ,2143000
2018-03-23,1.538              ,2352000
2018-03-26,1.5190000000000001 ,4128000
2018-03-27,1.544              ,2607000
2018-03-28,1.546              ,2565000
2018-03-29,1.5430000000000001 ,2523000
2018-03-30,1.564              ,3531000
2018-04-02,1.5590000000000002 ,4363000
2018-04-03,1.564              ,1066000
2018-04-04,1.569              ,2845000
2018-04-05,1.569              ,3139000
