TRADEDATE ,CLOSE ,VOLUME
2003-10-01,36.99 ,346303
2003-10-02,37.78 ,1078042
2003-10-03,36.65 ,454271
2003-10-06,36.57 ,219649
2003-10-07,36.6  ,235169
2003-10-08,38.5  ,838857
2003-10-09,40.01 ,799463
2003-10-10,39.39 ,318973
2003-10-13,39.7  ,478311
2003-10-14,39.94 ,728983
2003-10-15,40.1  ,756692
2003-10-16,41.9  ,1427331
2003-10-17,43.95 ,1531584
2003-10-20,43.94 ,1583623
2003-10-21,41.31 ,999340
2003-10-22,40.35 ,223271
2003-10-23,40.9  ,220276
2003-10-24,41.79 ,219658
2003-10-27,37.4  ,1217732
2003-10-28,37.83 ,741604
2003-10-29,38.06 ,651901
2003-10-30,35.0  ,1049221
2003-10-31,36.35 ,656923
2003-11-03,39.0  ,1019782
2003-11-04,38.29 ,575860
2003-11-05,37.72 ,169248
2003-11-06,37.47 ,282630
2003-11-10,38.0  ,981471
2003-11-11,36.7  ,1002216
2003-11-12,35.51 ,573340
2003-11-13,35.9  ,314947
2003-11-14,35.97 ,361075
2003-11-17,34.82 ,419560
2003-11-18,33.85 ,528315
2003-11-19,33.93 ,689777
2003-11-20,35.4  ,660609
2003-11-21,35.41 ,412019
2003-11-24,35.76 ,452253
2003-11-25,37.24 ,745302
2003-11-26,37.17 ,371798
2003-11-27,36.96 ,301473
2003-11-28,37.05 ,793474
2003-12-01,37.45 ,270739
2003-12-02,38.85 ,424458
2003-12-03,39.05 ,605315
2003-12-04,38.81 ,341761
2003-12-05,39.2  ,580044
2003-12-08,40.11 ,469094
2003-12-09,39.9  ,543068
2003-12-10,39.95 ,599228
2003-12-11,39.9  ,490273
2003-12-15,40.45 ,475641
2003-12-16,39.85 ,448639
2003-12-17,39.23 ,593166
2003-12-18,39.88 ,381280
2003-12-19,40.29 ,716744
2003-12-22,40.04 ,137666
2003-12-23,40.04 ,821269
2003-12-24,40.0  ,363100
2003-12-25,39.9  ,521780
2003-12-26,40.29 ,552116
2003-12-29,40.65 ,506605
2003-12-30,41.59 ,767668
2004-01-05,42.35 ,398411
2004-01-06,42.62 ,333633
2004-01-08,41.76 ,561974
2004-01-09,42.84 ,268261
2004-01-12,41.95 ,152287
2004-01-13,41.36 ,265274
2004-01-14,42.17 ,273734
2004-01-15,41.52 ,162275
2004-01-16,42.1  ,179084
2004-01-19,42.63 ,194927
2004-01-20,43.5  ,1834463
2004-01-21,43.4  ,241116
2004-01-22,44.14 ,1556822
2004-01-23,44.08 ,730230
2004-01-26,43.44 ,1161493
2004-01-27,43.65 ,491748
2004-01-28,43.0  ,213397
2004-01-29,43.15 ,146226
2004-01-30,42.25 ,869101
2004-02-02,41.18 ,709115
2004-02-03,41.89 ,396632
2004-02-04,42.25 ,350864
2004-02-05,41.5  ,478844
2004-02-06,41.45 ,549621
2004-02-09,42.65 ,854190
2004-02-10,42.35 ,813857
2004-02-11,42.5  ,753552
2004-02-12,43.27 ,1435594
2004-02-13,43.11 ,1256631
2004-02-16,43.55 ,244263
2004-02-17,43.0  ,922824
2004-02-18,42.91 ,557664
2004-02-19,43.08 ,605393
2004-02-20,44.15 ,1323477
2004-02-24,48.6  ,4146881
2004-02-25,48.15 ,1129226
2004-02-26,47.83 ,1014438
2004-02-27,48.15 ,495714
2004-03-01,47.9  ,952811
2004-03-02,46.95 ,1567345
2004-03-03,46.58 ,1158649
2004-03-04,46.8  ,796350
2004-03-05,47.57 ,1363802
2004-03-09,48.0  ,1329673
2004-03-10,46.75 ,652613
2004-03-11,46.5  ,783386
2004-03-12,46.6  ,275054
2004-03-15,45.0  ,2012251
2004-03-16,46.08 ,560598
2004-03-17,47.35 ,1195399
2004-03-18,48.52 ,1532251
2004-03-19,48.28 ,1970894
2004-03-22,47.4  ,705987
2004-03-23,48.0  ,357935
2004-03-24,47.55 ,541557
2004-03-25,47.2  ,685297
2004-03-26,47.43 ,618588
2004-03-29,47.67 ,657967
2004-03-30,47.94 ,1080270
2004-03-31,47.79 ,552502
2004-04-01,48.68 ,1217449
2004-04-02,50.0  ,1982360
2004-04-05,51.0  ,1959946
2004-04-06,49.72 ,1402150
2004-04-07,50.31 ,749430
2004-04-08,50.6  ,980617
2004-04-09,50.97 ,645788
2004-04-12,50.99 ,1155775
2004-04-13,51.09 ,2329222
2004-04-14,51.65 ,1797458
2004-04-15,49.39 ,3648632
2004-04-16,49.19 ,1118102
2004-04-19,49.95 ,696569
2004-04-20,50.12 ,767366
2004-04-21,46.99 ,1282167
2004-04-22,47.3  ,825229
2004-04-23,47.0  ,694332
2004-04-26,47.19 ,907469
2004-04-27,48.43 ,495413
2004-04-28,47.51 ,926688
2004-04-29,45.9  ,1512533
2004-04-30,47.0  ,802536
2004-05-05,48.4  ,673145
2004-05-06,48.06 ,558699
2004-05-07,47.27 ,1320562
2004-05-11,46.25 ,1267205
2004-05-12,42.92 ,979542
2004-05-13,42.3  ,842114
2004-05-14,42.1  ,261209
2004-05-17,45.0  ,953341
2004-05-18,44.13 ,359141
2004-05-19,44.57 ,272621
2004-05-20,43.9  ,183009
2004-05-21,43.99 ,230312
2004-05-24,44.39 ,394231
2004-05-25,43.55 ,607898
2004-05-26,44.05 ,387941
2004-05-27,43.41 ,167239
2004-05-28,42.3  ,194695
2004-05-31,42.2  ,117636
2004-06-01,41.19 ,176776
2004-06-02,41.54 ,1013516
2004-06-03,41.87 ,244613
2004-06-04,41.1  ,188806
2004-06-07,41.8  ,186094
2004-06-08,43.7  ,1044073
2004-06-09,43.55 ,537310
2004-06-10,42.65 ,331393
2004-06-11,42.31 ,358885
2004-06-15,40.75 ,600268
2004-06-16,40.3  ,424579
2004-06-17,42.0  ,503621
2004-06-18,42.29 ,381334
2004-06-21,42.5  ,364274
2004-06-22,42.38 ,174585
2004-06-23,42.87 ,221065
2004-06-24,43.17 ,655072
2004-06-25,42.35 ,244599
2004-06-28,41.57 ,293758
2004-06-29,41.35 ,155200
2004-06-30,41.74 ,60034
2004-07-01,41.3  ,641757
2004-07-02,41.14 ,222764
2004-07-05,41.3  ,158499
2004-07-06,40.99 ,746475
2004-07-07,40.3  ,619168
2004-07-08,39.95 ,113503
2004-07-09,39.87 ,234005
2004-07-12,40.55 ,201688
2004-07-13,41.5  ,285351
2004-07-14,40.79 ,258740
2004-07-15,41.15 ,102357
2004-07-16,40.9  ,168436
2004-07-19,41.32 ,503217
2004-07-20,40.0  ,297517
2004-07-21,40.19 ,252666
2004-07-22,39.7  ,235954
2004-07-23,39.6  ,207960
2004-07-26,39.1  ,131679
2004-07-27,38.14 ,437293
2004-07-28,35.5  ,391360
2004-07-29,36.17 ,361820
2004-07-30,36.7  ,176477
2004-08-02,37.19 ,109483
2004-08-03,38.12 ,202545
2004-08-04,37.99 ,94947
2004-08-05,37.81 ,251422
2004-08-06,37.7  ,85536
2004-08-09,38.3  ,170878
2004-08-10,38.29 ,104189
2004-08-11,37.77 ,97112
2004-08-12,37.89 ,81349
2004-08-13,38.5  ,185583
2004-08-16,39.09 ,288991
2004-08-17,39.4  ,315150
2004-08-18,39.1  ,142385
2004-08-19,40.0  ,469761
2004-08-20,40.02 ,267013
2004-08-23,39.86 ,269517
2004-08-24,40.3  ,499474
2004-08-25,40.65 ,631342
2004-08-26,40.5  ,327046
2004-08-27,41.15 ,327277
2004-08-30,41.27 ,140954
2004-08-31,42.01 ,478632
2004-09-01,41.9  ,115867
2004-09-02,42.2  ,446817
2004-09-03,42.93 ,219771
2004-09-06,43.0  ,460488
2004-09-07,42.8  ,493325
2004-09-08,42.69 ,91577
2004-09-09,42.8  ,195296
2004-09-10,43.0  ,503826
2004-09-13,43.25 ,191341
2004-09-14,44.67 ,586136
2004-09-15,45.0  ,306882
2004-09-16,44.73 ,970291
2004-09-17,45.0  ,442726
2004-09-20,45.3  ,235976
2004-09-21,45.24 ,340923
2004-09-22,44.4  ,553812
2004-09-23,44.3  ,610785
2004-09-24,44.39 ,537623
2004-09-27,44.0  ,975872
2004-09-28,44.6  ,539111
2004-09-29,44.72 ,476021
2004-09-30,45.58 ,894388
2004-10-01,45.9  ,783786
2004-10-04,46.15 ,844530
2004-10-05,46.64 ,1298696
2004-10-06,47.5  ,655403
2004-10-07,48.19 ,1472633
2004-10-08,48.0  ,696663
2004-10-11,48.1  ,353072
2004-10-12,45.4  ,1274427
2004-10-13,45.57 ,633001
2004-10-14,45.96 ,603934
2004-10-15,45.85 ,483690
2004-10-18,46.75 ,216608
2004-10-19,46.65 ,204335
2004-10-20,44.86 ,397086
2004-10-21,45.7  ,173363
2004-10-22,46.0  ,235119
2004-10-25,45.66 ,609613
2004-10-26,46.14 ,668239
2004-10-27,47.34 ,1120606
2004-10-28,46.15 ,754265
2004-10-29,47.15 ,513209
2004-11-01,47.09 ,241035
2004-11-02,47.2  ,592501
2004-11-03,46.5  ,612318
2004-11-04,47.3  ,408305
2004-11-05,47.13 ,1557914
2004-11-09,47.64 ,1395341
2004-11-10,47.24 ,1428639
2004-11-11,46.82 ,664451
2004-11-12,46.83 ,197798
2004-11-15,46.87 ,238675
2004-11-16,47.0  ,180049
2004-11-17,47.1  ,441849
2004-11-18,47.83 ,1120471
2004-11-19,46.75 ,875607
2004-11-22,46.7  ,216292
2004-11-23,46.03 ,457341
2004-11-24,45.2  ,704687
2004-11-25,44.0  ,556899
2004-11-26,43.36 ,387058
2004-11-29,42.5  ,648482
2004-11-30,42.29 ,738120
2004-12-01,40.1  ,1090348
2004-12-02,40.23 ,824567
2004-12-03,38.15 ,1657727
2004-12-06,37.45 ,672401
2004-12-07,39.1  ,556457
2004-12-08,37.0  ,932809
2004-12-09,35.5  ,254663
2004-12-10,35.8  ,516901
2004-12-14,36.94 ,262602
2004-12-15,36.5  ,158622
2004-12-16,36.5  ,190840
2004-12-17,35.62 ,442860
2004-12-20,35.65 ,603585
2004-12-21,37.09 ,1132409
2004-12-22,37.0  ,1324163
2004-12-23,38.6  ,1180185
2004-12-24,38.55 ,622999
2004-12-27,39.2  ,387177
2004-12-28,39.7  ,689235
2004-12-29,39.24 ,1250462
2004-12-30,40.0  ,752651
2005-01-11,39.7  ,610613
2005-01-12,39.23 ,257930
2005-01-13,39.17 ,228389
2005-01-14,39.28 ,405625
2005-01-17,38.75 ,612170
2005-01-18,37.92 ,276774
2005-01-19,38.24 ,204098
2005-01-20,37.61 ,482508
2005-01-21,38.05 ,324331
2005-01-24,38.36 ,360000
2005-01-25,38.55 ,735747
2005-01-26,38.29 ,487411
2005-01-27,38.96 ,714776
2005-01-28,39.73 ,464406
2005-01-31,38.7  ,1607406
2005-02-01,39.18 ,507665
2005-02-02,40.85 ,1850499
2005-02-03,41.85 ,2849869
2005-02-04,43.05 ,1197673
2005-02-07,43.03 ,1677921
2005-02-08,43.54 ,917258
2005-02-09,43.44 ,1044461
2005-02-10,43.5  ,903441
2005-02-11,43.03 ,292578
2005-02-14,43.0  ,384547
2005-02-15,43.89 ,341811
2005-02-16,43.94 ,743241
2005-02-17,43.99 ,516238
2005-02-18,43.88 ,1011547
2005-02-21,44.93 ,2251543
2005-02-22,45.05 ,3112864
2005-02-24,45.44 ,1265652
2005-02-25,45.4  ,1000158
2005-02-28,45.67 ,1174129
2005-03-01,44.81 ,550828
2005-03-02,44.45 ,1213838
2005-03-03,44.44 ,878962
2005-03-04,45.68 ,1366294
2005-03-05,46.08 ,1275615
2005-03-09,46.45 ,2508293
2005-03-10,45.3  ,1727410
2005-03-11,45.66 ,1079761
2005-03-14,44.69 ,770558
2005-03-15,44.98 ,485952
2005-03-16,43.84 ,1544940
2005-03-17,44.14 ,610307
2005-03-18,44.2  ,862138
2005-03-21,43.13 ,1034384
2005-03-22,44.09 ,476111
2005-03-23,43.3  ,1058486
2005-03-24,44.0  ,2775595
2005-03-25,44.43 ,1641762
2005-03-28,44.21 ,628927
2005-03-29,44.15 ,1082813
2005-03-30,43.94 ,699677
2005-03-31,44.0  ,440202
2005-04-01,44.2  ,798927
2005-04-04,44.26 ,1506054
2005-04-05,44.59 ,2484448
2005-04-06,45.52 ,2376081
2005-04-07,45.95 ,5076816
2005-04-08,47.68 ,7787307
2005-04-11,46.18 ,2639973
2005-04-12,46.4  ,799992
2005-04-13,46.08 ,1139769
2005-04-14,45.0  ,1649177
2005-04-15,44.96 ,1073888
2005-04-18,44.37 ,656065
2005-04-19,44.7  ,546583
2005-04-20,46.0  ,2997900
2005-04-21,47.06 ,2646971
2005-04-22,47.05 ,1005544
2005-04-25,46.96 ,1394629
2005-04-26,46.73 ,1103927
2005-04-27,46.31 ,875692
2005-04-28,46.5  ,481318
2005-04-29,46.4  ,850600
2005-05-03,46.13 ,976893
2005-05-04,46.28 ,1239028
2005-05-05,46.2  ,1670030
2005-05-06,45.9  ,2395885
2005-05-11,41.94 ,1600943
2005-05-12,41.58 ,1962516
2005-05-13,42.14 ,1326312
2005-05-14,41.9  ,54548
2005-05-16,40.4  ,555571
2005-05-17,41.38 ,584171
2005-05-18,41.28 ,381975
2005-05-19,40.65 ,392339
2005-05-20,40.59 ,316899
2005-05-23,40.57 ,241442
2005-05-24,41.26 ,451773
2005-05-25,41.3  ,723300
2005-05-26,41.53 ,232522
2005-05-27,41.24 ,210202
2005-05-30,41.15 ,386181
2005-05-31,41.22 ,728886
2005-06-01,41.09 ,502606
2005-06-02,41.19 ,224504
2005-06-03,41.32 ,470964
2005-06-06,41.34 ,172255
2005-06-07,41.28 ,132241
2005-06-08,41.2  ,109883
2005-06-09,40.92 ,192844
2005-06-10,40.94 ,211473
2005-06-14,42.15 ,830391
2005-06-15,42.1  ,231981
2005-06-16,42.3  ,638298
2005-06-17,42.43 ,182182
2005-06-20,42.52 ,266733
2005-06-21,42.85 ,542362
2005-06-22,43.54 ,2368598
2005-06-23,44.78 ,1717494
2005-06-24,44.8  ,408569
2005-06-27,43.55 ,434748
2005-06-28,42.82 ,671762
2005-06-29,42.65 ,402346
2005-06-30,42.89 ,592312
2005-07-01,44.13 ,1577785
2005-07-04,44.1  ,1101649
2005-07-05,43.7  ,450204
2005-07-06,44.47 ,1738906
2005-07-07,44.1  ,2964299
2005-07-08,44.4  ,1767450
2005-07-11,44.5  ,320655
2005-07-12,43.98 ,358583
2005-07-13,44.11 ,254652
2005-07-14,43.89 ,571130
2005-07-15,43.35 ,178881
2005-07-18,42.74 ,488361
2005-07-19,43.37 ,437941
2005-07-20,43.66 ,562125
2005-07-21,43.15 ,710938
2005-07-22,43.44 ,422004
2005-07-25,43.43 ,1618754
2005-07-26,43.2  ,293261
2005-07-27,43.67 ,564979
2005-07-28,44.0  ,856178
2005-07-29,43.89 ,198564
2005-08-01,43.38 ,483186
2005-08-02,45.9  ,5390831
2005-08-03,44.97 ,3352684
2005-08-04,47.38 ,3655352
2005-08-05,47.0  ,1034509
2005-08-08,46.0  ,2084707
2005-08-09,46.05 ,480825
2005-08-10,46.0  ,2492460
2005-08-11,45.34 ,524266
2005-08-12,44.96 ,587562
2005-08-15,45.15 ,405384
2005-08-16,46.13 ,3514816
2005-08-17,45.7  ,1959492
2005-08-18,45.68 ,739173
2005-08-19,47.19 ,3053257
2005-08-22,46.95 ,1692082
2005-08-23,46.86 ,487527
2005-08-24,47.55 ,2418522
2005-08-25,47.75 ,394448
2005-08-26,48.2  ,2020964
2005-08-29,47.8  ,355663
2005-08-30,49.2  ,2440386
2005-08-31,50.77 ,8281372
2005-09-01,49.95 ,909071
2005-09-02,50.73 ,1092752
2005-09-05,50.89 ,1089601
2005-09-06,48.8  ,1433208
2005-09-07,48.05 ,1125385
2005-09-08,49.57 ,938196
2005-09-09,52.0  ,1976142
2005-09-12,53.39 ,6366887
2005-09-13,52.27 ,4034456
2005-09-14,52.11 ,890323
2005-09-15,52.7  ,2016723
2005-09-16,52.04 ,1310495
2005-09-19,51.94 ,832288
2005-09-20,51.11 ,1191093
2005-09-21,52.2  ,1973411
2005-09-22,51.95 ,1849239
2005-09-23,52.06 ,691013
2005-09-26,52.0  ,381378
2005-09-27,52.17 ,1272392
2005-09-28,53.28 ,3747465
2005-09-29,52.4  ,364901
2005-09-30,52.02 ,1003223
2005-10-03,53.5  ,1000333
2005-10-04,53.39 ,2074633
2005-10-05,51.35 ,2192003
2005-10-06,47.55 ,2080927
2005-10-07,46.55 ,1716969
2005-10-10,47.97 ,1828863
2005-10-11,49.6  ,1628017
2005-10-12,47.2  ,1131802
2005-10-13,46.75 ,550224
2005-10-14,45.45 ,2299808
2005-10-17,45.63 ,664194
2005-10-18,45.69 ,318464
2005-10-19,44.35 ,1318930
2005-10-20,44.9  ,1688384
2005-10-21,45.51 ,583763
2005-10-24,46.26 ,828158
2005-10-25,45.34 ,471591
2005-10-26,44.72 ,204722
2005-10-27,43.13 ,866947
2005-10-28,43.7  ,352831
2005-10-31,44.41 ,578888
2005-11-01,44.67 ,678576
2005-11-02,46.6  ,1072842
2005-11-03,46.29 ,342041
2005-11-07,46.26 ,573201
2005-11-08,46.18 ,235672
2005-11-09,46.57 ,756043
2005-11-10,46.5  ,410193
2005-11-11,46.92 ,338742
2005-11-14,47.91 ,453402
2005-11-15,48.9  ,1022680
2005-11-16,48.35 ,419533
2005-11-17,49.5  ,1625049
2005-11-18,49.99 ,726966
2005-11-21,50.2  ,781993
2005-11-22,49.06 ,990144
2005-11-23,49.09 ,356624
2005-11-24,49.73 ,206116
2005-11-25,50.3  ,529140
2005-11-28,50.4  ,551380
2005-11-29,49.5  ,482048
2005-11-30,49.41 ,593618
2005-12-01,51.42 ,1366740
2005-12-02,50.95 ,880236
2005-12-05,50.49 ,508572
2005-12-06,50.35 ,255418
2005-12-07,49.48 ,1065421
2005-12-08,48.82 ,682403
2005-12-09,49.35 ,452059
2005-12-12,50.12 ,272590
2005-12-13,49.7  ,144797
2005-12-14,49.59 ,351537
2005-12-15,48.5  ,1363559
2005-12-16,48.85 ,297349
2005-12-19,48.93 ,212981
2005-12-20,48.7  ,543841
2005-12-21,48.8  ,253354
2005-12-22,49.3  ,557196
2005-12-23,48.95 ,665690
2005-12-26,48.88 ,189669
2005-12-27,49.96 ,2157501
2005-12-28,49.6  ,444025
2005-12-29,50.6  ,545286
2005-12-30,50.3  ,129863
2006-01-10,52.19 ,993957
2006-01-11,52.05 ,2427256
2006-01-12,52.1  ,2636733
2006-01-13,52.35 ,1279232
2006-01-16,53.19 ,609560
2006-01-17,51.71 ,2246410
2006-01-18,51.22 ,938989
2006-01-19,51.85 ,1031321
2006-01-20,52.03 ,418662
2006-01-23,51.0  ,409005
2006-01-24,52.79 ,1061266
2006-01-25,52.27 ,671676
2006-01-26,52.0  ,652122
2006-01-27,52.3  ,416575
2006-01-30,50.94 ,1028992
2006-01-31,49.44 ,2122619
2006-02-01,50.61 ,3964112
2006-02-02,50.19 ,465017
2006-02-03,49.35 ,1029221
2006-02-06,50.0  ,672858
2006-02-07,50.79 ,1428782
2006-02-08,49.95 ,1905322
2006-02-09,50.14 ,4288302
2006-02-10,50.0  ,801543
2006-02-13,50.94 ,2916378
2006-02-14,50.56 ,1891790
2006-02-15,55.79 ,7032273
2006-02-16,56.1  ,6787020
2006-02-17,56.6  ,1618150
2006-02-20,57.0  ,2066038
2006-02-21,57.0  ,2238985
2006-02-22,62.45 ,5738843
2006-02-26,64.5  ,3964906
2006-02-27,70.69 ,6915173
2006-02-28,65.68 ,7355951
2006-03-01,67.0  ,4148779
2006-03-02,64.31 ,2996505
2006-03-03,64.3  ,1130022
2006-03-06,63.9  ,2009898
2006-03-07,59.92 ,3285138
2006-03-09,57.56 ,2386981
2006-03-10,60.14 ,2329225
2006-03-13,64.48 ,4993690
2006-03-14,62.29 ,2085992
2006-03-15,63.99 ,1366272
2006-03-16,62.87 ,1612133
2006-03-17,63.43 ,943107
2006-03-20,63.45 ,311864
2006-03-21,61.6  ,1633029
2006-03-22,62.15 ,705173
2006-03-23,62.0  ,2490584
2006-03-24,62.2  ,652702
2006-03-27,61.86 ,350955
2006-03-28,62.2  ,841059
2006-03-29,59.44 ,854140
2006-03-30,61.5  ,1620976
2006-03-31,61.0  ,950341
2006-04-03,62.71 ,1146949
2006-04-04,62.67 ,858436
2006-04-05,63.17 ,1348858
2006-04-06,63.74 ,1858730
2006-04-07,65.55 ,1838464
2006-04-10,65.87 ,2205027
2006-04-11,63.84 ,1147516
2006-04-12,64.21 ,1631556
2006-04-13,64.0  ,2207005
2006-04-14,64.8  ,569601
2006-04-17,64.9  ,878692
2006-04-18,64.75 ,343386
2006-04-19,65.84 ,3379662
2006-04-20,65.09 ,1138306
2006-04-21,66.0  ,1447130
2006-04-24,66.8  ,1310004
2006-04-25,66.42 ,1063225
2006-04-26,67.12 ,857466
2006-04-27,66.39 ,1543952
2006-04-28,67.15 ,624153
2006-05-02,70.5  ,3795886
2006-05-03,70.14 ,1481112
2006-05-04,71.19 ,1740306
2006-05-05,70.43 ,3127581
2006-05-06,67.19 ,1580415
2006-05-10,64.15 ,1358298
2006-05-11,62.67 ,1416260
2006-05-12,59.0  ,2387708
2006-05-15,57.22 ,2218070
2006-05-16,58.88 ,2584591
2006-05-17,57.0  ,3878913
2006-05-18,55.12 ,1351222
2006-05-19,53.7  ,1575925
2006-05-22,50.88 ,1683994
2006-05-23,55.33 ,2064364
2006-05-24,53.5  ,1698142
2006-05-25,56.0  ,1160163
2006-05-26,58.16 ,2776375
2006-05-29,59.16 ,1535192
2006-05-30,60.6  ,2373475
2006-05-31,65.3  ,6756888
2006-06-01,64.0  ,7836652
2006-06-02,67.39 ,3506992
2006-06-05,69.0  ,2769887
2006-06-06,63.5  ,5765488
2006-06-07,64.61 ,3321981
2006-06-08,60.0  ,643295
2006-06-09,61.2  ,2977022
2006-06-13,56.1  ,1143494
2006-06-14,55.11 ,3633523
2006-06-15,54.78 ,4468997
2006-06-16,55.0  ,1755711
2006-06-19,57.98 ,1234147
2006-06-20,57.6  ,1274424
2006-06-21,56.5  ,513072
2006-06-22,54.53 ,278171
2006-06-23,55.29 ,408948
2006-06-26,56.0  ,196533
2006-06-27,56.73 ,1275022
2006-06-28,57.68 ,642968
2006-06-29,57.6  ,867541
2006-06-30,59.7  ,1358849
2006-07-03,58.87 ,719405
2006-07-04,57.7  ,1134451
2006-07-05,55.85 ,1755770
2006-07-06,60.4  ,3286984
2006-07-07,60.0  ,4355392
2006-07-10,59.1  ,1851558
2006-07-11,58.75 ,2616079
2006-07-12,59.5  ,1857487
2006-07-13,57.19 ,795764
2006-07-14,57.0  ,897494
2006-07-17,55.95 ,1239516
2006-07-18,57.09 ,294507
2006-07-19,59.8  ,1690409
2006-07-20,59.0  ,2642124
2006-07-21,58.41 ,1030319
2006-07-24,59.53 ,850902
2006-07-25,58.65 ,1418168
2006-07-26,59.0  ,1142172
2006-07-27,59.83 ,2835852
2006-07-28,58.46 ,2955242
2006-07-31,58.61 ,1516675
2006-08-01,59.0  ,3990163
2006-08-02,59.1  ,3824057
2006-08-03,57.9  ,2033543
2006-08-04,58.19 ,1269626
2006-08-07,58.25 ,1147749
2006-08-08,57.84 ,1293298
2006-08-09,57.88 ,3925875
2006-08-10,57.51 ,1585040
2006-08-11,57.65 ,4486956
2006-08-14,57.7  ,1558280
2006-08-15,56.6  ,5330706
2006-08-16,57.2  ,1413157
2006-08-17,56.48 ,2844247
2006-08-18,55.51 ,2518366
2006-08-21,55.79 ,906694
2006-08-22,56.0  ,1822416
2006-08-23,56.38 ,1223898
2006-08-24,56.15 ,758778
2006-08-25,56.49 ,634018
2006-08-28,56.7  ,632971
2006-08-29,55.9  ,811836
2006-08-30,55.85 ,5119299
2006-08-31,55.6  ,1161916
2006-09-01,55.66 ,910390
2006-09-04,56.21 ,515899
2006-09-05,56.74 ,745058
2006-09-06,56.14 ,511079
2006-09-07,55.6  ,665786
2006-09-08,55.74 ,148562
2006-09-11,55.28 ,2224133
2006-09-12,55.24 ,2141000
2006-09-13,55.63 ,1001718
2006-09-14,55.22 ,142915
2006-09-15,55.21 ,146776
2006-09-18,55.77 ,559185
2006-09-19,55.19 ,1493791
2006-09-20,55.15 ,1589214
2006-09-21,55.2  ,596830
2006-09-22,55.01 ,760642
2006-09-25,54.6  ,873525
2006-09-26,55.3  ,590795
2006-09-27,56.0  ,679620
2006-09-28,56.08 ,454842
2006-09-29,55.8  ,1258904
2006-10-02,56.6  ,840193
2006-10-03,56.1  ,427693
2006-10-04,55.99 ,1012471
2006-10-05,56.25 ,644367
2006-10-06,56.2  ,933563
2006-10-09,56.4  ,491728
2006-10-10,56.08 ,641818
2006-10-11,55.97 ,776632
2006-10-12,55.74 ,455980
2006-10-13,55.77 ,1017997
2006-10-16,55.77 ,400327
2006-10-17,55.34 ,613128
2006-10-18,55.21 ,1915726
2006-10-19,55.0  ,598250
2006-10-20,54.92 ,914390
2006-10-23,55.29 ,546559
2006-10-24,55.08 ,907956
2006-10-25,55.05 ,833356
2006-10-26,55.08 ,884839
2006-10-27,54.7  ,1792091
2006-10-30,54.5  ,757418
2006-10-31,54.72 ,559972
2006-11-01,54.8  ,3100421
2006-11-02,55.14 ,1237156
2006-11-03,55.88 ,1046568
2006-11-07,56.65 ,1005882
2006-11-08,58.64 ,7336972
2006-11-09,59.68 ,3139662
2006-11-10,59.34 ,1544982
2006-11-13,59.55 ,1256985
2006-11-14,59.52 ,1754172
2006-11-15,61.85 ,5602964
2006-11-16,61.31 ,1650960
2006-11-17,60.4  ,2275956
2006-11-20,59.8  ,1312068
2006-11-21,60.47 ,815543
2006-11-22,60.3  ,1669652
2006-11-23,63.6  ,10340592
2006-11-24,65.4  ,9971223
2006-11-27,65.78 ,7073966
2006-11-28,65.38 ,2506459
2006-11-29,65.87 ,2366105
2006-11-30,65.7  ,2245054
2006-12-01,65.5  ,3673974
2006-12-04,67.2  ,5123838
2006-12-05,68.09 ,6112632
2006-12-06,68.2  ,3573585
2006-12-07,68.07 ,3445367
2006-12-08,68.2  ,2289461
2006-12-11,67.97 ,2358222
2006-12-12,68.29 ,5916498
2006-12-13,67.97 ,3612023
2006-12-14,69.6  ,3914976
2006-12-15,81.7  ,27400324
2006-12-18,96.52 ,72889520
2006-12-19,93.25 ,32899410
2006-12-20,94.12 ,24559835
2006-12-21,96.3  ,30263668
2006-12-22,92.4  ,8489172
2006-12-25,92.9  ,17858263
2006-12-26,90.56 ,12684974
2006-12-27,91.0  ,7756144
2006-12-28,93.0  ,9997203
2006-12-29,90.86 ,5633675
2007-01-09,88.7  ,7174155
2007-01-10,85.0  ,9229815
2007-01-11,86.22 ,4777306
2007-01-12,86.3  ,4006734
2007-01-15,91.0  ,9755818
2007-01-16,88.7  ,9469806
2007-01-17,86.98 ,4419142
2007-01-18,86.63 ,3029209
2007-01-19,87.7  ,2671668
2007-01-22,88.32 ,3541080
2007-01-23,89.8  ,5147040
2007-01-24,88.88 ,3547207
2007-01-25,90.25 ,4275395
2007-01-26,88.95 ,3260070
2007-01-29,90.93 ,10358174
2007-01-30,91.7  ,7775423
2007-01-31,92.43 ,5870899
2007-02-01,93.5  ,11483378
2007-02-02,92.57 ,6232175
2007-02-05,91.4  ,3666355
2007-02-06,89.7  ,5222734
2007-02-07,87.99 ,3401214
2007-02-08,86.52 ,5487367
2007-02-09,87.3  ,1385653
2007-02-12,82.4  ,4874417
2007-02-13,86.32 ,3195191
2007-02-14,85.62 ,2166350
2007-02-15,88.39 ,6185736
2007-02-16,88.85 ,3791363
2007-02-19,88.6  ,3238971
2007-02-20,86.45 ,7280514
2007-02-21,87.5  ,1899169
2007-02-22,85.64 ,6901975
2007-02-26,85.9  ,9460267
2007-02-27,80.98 ,8976832
2007-02-28,77.5  ,10003644
2007-03-01,74.67 ,10540014
2007-03-02,74.38 ,4001546
2007-03-05,67.82 ,9655249
2007-03-06,69.7  ,7991144
2007-03-07,68.89 ,6324496
2007-03-09,71.0  ,9996521
2007-03-12,74.2  ,14121519
2007-03-13,85.25 ,29285989
2007-03-14,79.35 ,19089495
2007-03-15,79.55 ,12162212
2007-03-16,79.04 ,5151720
2007-03-19,83.62 ,11468451
2007-03-20,82.0  ,11792621
2007-03-21,84.61 ,12604885
2007-03-22,87.36 ,24215169
2007-03-23,88.6  ,12807786
2007-03-26,88.36 ,4225194
2007-03-27,88.85 ,11665003
2007-03-28,87.71 ,5775680
2007-03-29,88.01 ,4033010
2007-03-30,84.0  ,6033644
2007-04-02,85.45 ,6468806
2007-04-03,88.62 ,11566956
2007-04-04,88.5  ,9622522
2007-04-05,89.4  ,7930544
2007-04-06,89.01 ,4278037
2007-04-09,91.5  ,19020595
2007-04-10,89.86 ,6461138
2007-04-11,89.0  ,6014447
2007-04-12,88.4  ,3416208
2007-04-13,88.97 ,3110429
2007-04-16,87.9  ,4597562
2007-04-17,89.0  ,6112274
2007-04-18,87.0  ,7252445
2007-04-19,86.38 ,9107483
2007-04-20,92.14 ,13198481
2007-04-23,92.63 ,11071432
2007-04-24,91.81 ,6207562
2007-04-25,92.18 ,6529615
2007-04-26,91.69 ,8108858
2007-04-27,84.23 ,13506396
2007-04-28,81.17 ,9533971
2007-05-02,80.79 ,2719348
2007-05-03,83.98 ,4800356
2007-05-04,84.95 ,6249048
2007-05-07,84.01 ,3310697
2007-05-08,83.34 ,2268745
2007-05-10,81.35 ,2502388
2007-05-11,78.92 ,4554234
2007-05-14,78.9  ,3550020
2007-05-15,77.9  ,2367567
2007-05-16,80.76 ,4692254
2007-05-17,78.43 ,4536978
2007-05-18,79.3  ,2261512
2007-05-21,79.24 ,1513708
2007-05-22,78.79 ,833142
2007-05-23,75.6  ,2851017
2007-05-24,73.39 ,2423072
2007-05-25,73.75 ,1545087
2007-05-28,70.87 ,2454151
2007-05-29,68.46 ,2940720
2007-05-30,70.11 ,7080557
2007-05-31,70.5  ,2974827
2007-06-01,73.7  ,6378947
2007-06-04,72.24 ,1389751
2007-06-05,72.93 ,2480634
2007-06-06,73.1  ,1295171
2007-06-07,71.45 ,1632993
2007-06-08,70.3  ,3264685
2007-06-09,71.4  ,2219859
2007-06-13,76.4  ,14360234
2007-06-14,76.2  ,6032842
2007-06-15,76.34 ,3536610
2007-06-18,76.97 ,2797051
2007-06-19,77.14 ,12896744
2007-06-20,78.44 ,3210448
2007-06-21,76.03 ,4506288
2007-06-22,76.47 ,3068307
2007-06-25,75.48 ,2090757
2007-06-26,76.48 ,1749317
2007-06-27,75.36 ,1455623
2007-06-28,75.51 ,764174
2007-06-29,74.8  ,1850712
2007-07-02,76.89 ,4880207
2007-07-03,77.02 ,4809149
2007-07-04,77.2  ,2253653
2007-07-05,77.07 ,2948505
2007-07-06,76.48 ,2123647
2007-07-09,76.72 ,2061516
2007-07-10,75.5  ,3796794
2007-07-11,75.38 ,1758912
2007-07-12,76.67 ,3906517
2007-07-13,77.05 ,4549368
2007-07-16,74.98 ,5235552
2007-07-17,75.97 ,5000343
2007-07-18,75.05 ,2923395
2007-07-19,76.57 ,5674450
2007-07-20,74.88 ,2999452
2007-07-23,75.19 ,2295304
2007-07-24,73.1  ,3005600
2007-07-25,73.89 ,4136531
2007-07-26,71.49 ,1575740
2007-07-27,69.56 ,3545710
2007-07-30,68.99 ,2161509
2007-07-31,69.65 ,2179495
2007-08-01,68.31 ,3874993
2007-08-02,69.49 ,2360435
2007-08-03,68.76 ,2175396
2007-08-06,67.9  ,2032462
2007-08-07,68.65 ,1685448
2007-08-08,72.0  ,5319815
2007-08-09,69.65 ,7688145
2007-08-10,69.89 ,3144507
2007-08-13,71.7  ,2001348
2007-08-14,70.89 ,2225958
2007-08-15,70.05 ,1416149
2007-08-16,68.4  ,3049968
2007-08-17,70.02 ,2914748
2007-08-20,69.85 ,1439313
2007-08-21,68.99 ,2449972
2007-08-22,69.0  ,1617432
2007-08-23,67.95 ,2916391
2007-08-24,68.15 ,1002596
2007-08-27,67.3  ,3698897
2007-08-28,66.85 ,1921545
2007-08-29,66.0  ,3805485
2007-08-30,64.4  ,4588042
2007-08-31,64.79 ,6772089
2007-09-03,64.79 ,1232715
2007-09-04,64.3  ,1273146
2007-09-05,63.7  ,4494521
2007-09-06,64.15 ,1454388
2007-09-07,62.08 ,2554902
2007-09-10,60.1  ,5253620
2007-09-11,60.3  ,3680725
2007-09-12,59.08 ,5390626
2007-09-13,61.41 ,12802834
2007-09-14,60.2  ,5039767
2007-09-17,59.47 ,3453685
2007-09-18,60.72 ,12444805
2007-09-19,60.92 ,7526393
2007-09-20,62.81 ,18038982
2007-09-21,62.6  ,5827150
2007-09-24,62.5  ,5867120
2007-09-25,62.9  ,13144192
2007-09-26,64.52 ,9274610
2007-09-27,65.97 ,12116779
2007-09-28,65.4  ,3950246
2007-10-01,64.76 ,6286858
2007-10-02,65.5  ,7717590
2007-10-03,65.74 ,9003786
2007-10-04,65.48 ,4708299
2007-10-05,65.02 ,5762495
2007-10-08,64.97 ,2975225
2007-10-09,64.99 ,6370924
2007-10-10,63.7  ,7087309
2007-10-11,63.98 ,5689319
2007-10-12,62.98 ,2857244
2007-10-15,63.08 ,2892408
2007-10-16,62.56 ,2179245
2007-10-17,63.94 ,3385136
2007-10-18,62.11 ,7124202
2007-10-19,62.01 ,1486781
2007-10-22,62.23 ,4448061
2007-10-23,62.75 ,6041510
2007-10-24,61.9  ,2054102
2007-10-25,62.14 ,2938297
2007-10-26,63.99 ,12578720
2007-10-29,64.85 ,7040740
2007-10-30,63.99 ,3718625
2007-10-31,64.48 ,2062676
2007-11-01,64.24 ,6040012
2007-11-02,64.08 ,2757722
2007-11-06,64.11 ,2692435
2007-11-07,63.79 ,2039834
2007-11-08,63.72 ,1791293
2007-11-09,65.69 ,25423326
2007-11-12,66.85 ,6475229
2007-11-13,66.51 ,9404738
2007-11-14,66.64 ,6244323
2007-11-15,66.2  ,3217966
2007-11-16,65.0  ,5323041
2007-11-19,63.6  ,3031148
2007-11-20,64.03 ,1645520
2007-11-21,63.07 ,1599947
2007-11-22,63.0  ,1107650
2007-11-23,63.68 ,2391839
2007-11-26,63.92 ,3808035
2007-11-27,63.08 ,1251290
2007-11-28,65.09 ,7441547
2007-11-29,65.15 ,3898986
2007-11-30,65.34 ,3863725
2007-12-03,64.6  ,1769677
2007-12-04,65.0  ,1816574
2007-12-05,66.3  ,4046771
2007-12-06,66.84 ,4455278
2007-12-07,67.44 ,4437489
2007-12-10,71.5  ,18689407
2007-12-11,74.4  ,24840101
2007-12-12,77.0  ,26555320
2007-12-13,76.81 ,25216720
2007-12-14,74.54 ,13049523
2007-12-17,73.21 ,15100991
2007-12-18,75.1  ,12803697
2007-12-19,73.6  ,8166411
2007-12-20,74.25 ,5777802
2007-12-21,74.38 ,5947349
2007-12-24,74.72 ,5039178
2007-12-25,73.49 ,3900890
2007-12-26,71.84 ,5188632
2007-12-27,71.95 ,10270230
2007-12-28,69.52 ,8998225
2008-01-09,69.13 ,6459506
2008-01-10,70.1  ,5437498
2008-01-11,72.3  ,10321590
2008-01-14,74.38 ,10643645
2008-01-15,72.45 ,12178064
2008-01-16,69.55 ,9762378
2008-01-17,67.0  ,7934987
2008-01-18,66.59 ,6339768
2008-01-21,58.65 ,12393488
2008-01-22,55.85 ,27914136
2008-01-23,51.34 ,12676607
2008-01-24,56.19 ,12437326
2008-01-25,57.0  ,13009148
2008-01-28,54.39 ,5400255
2008-01-29,57.0  ,6463728
2008-01-30,56.5  ,11078152
2008-01-31,53.33 ,9088674
2008-02-01,54.89 ,6266244
2008-02-04,55.54 ,4234338
2008-02-05,52.78 ,6864131
2008-02-06,51.9  ,6262486
2008-02-07,49.68 ,8625514
2008-02-08,50.69 ,8310245
2008-02-11,51.4  ,5577499
2008-02-12,52.1  ,5574973
2008-02-13,55.25 ,8779445
2008-02-14,54.49 ,5239133
2008-02-15,53.87 ,3428643
2008-02-18,56.94 ,6901394
2008-02-19,56.2  ,10311631
2008-02-20,55.06 ,7116935
2008-02-21,56.0  ,5575867
2008-02-22,55.37 ,5655152
2008-02-26,57.4  ,8279430
2008-02-27,56.8  ,6441050
2008-02-28,56.27 ,2230089
2008-02-29,55.9  ,8349454
2008-03-03,55.56 ,3196940
2008-03-04,54.65 ,3538661
2008-03-05,55.33 ,1530844
2008-03-06,55.61 ,1877729
2008-03-07,54.5  ,1937367
2008-03-11,56.41 ,5377055
2008-03-12,56.83 ,6876136
2008-03-13,56.98 ,7444357
2008-03-14,59.7  ,16755596
2008-03-17,56.39 ,10017185
2008-03-18,57.96 ,4865711
2008-03-19,57.75 ,4860445
2008-03-20,57.69 ,5493872
2008-03-21,58.2  ,7559108
2008-03-24,58.89 ,2163307
2008-03-25,57.62 ,2860447
2008-03-26,56.99 ,2630261
2008-03-27,57.02 ,2531262
2008-03-28,57.0  ,2088026
2008-03-31,57.25 ,2639344
2008-04-01,57.5  ,2282089
2008-04-02,57.46 ,2719335
2008-04-03,57.77 ,12945120
2008-04-04,58.19 ,4713517
2008-04-07,58.54 ,2928616
2008-04-08,58.31 ,2055642
2008-04-09,58.37 ,2941219
2008-04-10,57.84 ,3280849
2008-04-11,56.6  ,3457681
2008-04-14,55.72 ,2479337
2008-04-15,56.46 ,2610849
2008-04-16,56.55 ,1864133
2008-04-17,56.1  ,1451216
2008-04-18,56.5  ,1610058
2008-04-21,57.11 ,3773067
2008-04-22,56.26 ,8267908
2008-04-23,53.15 ,5935399
2008-04-24,51.39 ,5253419
2008-04-25,51.7  ,2848369
2008-04-28,51.57 ,958489
2008-04-29,51.48 ,975592
2008-04-30,51.07 ,1110715
2008-05-04,52.15 ,2802182
2008-05-05,51.7  ,1668040
2008-05-06,51.02 ,1617385
2008-05-07,50.93 ,2746634
2008-05-12,53.75 ,11169094
2008-05-13,53.26 ,7330600
2008-05-14,54.84 ,6711184
2008-05-15,53.45 ,5557010
2008-05-16,54.0  ,3242879
2008-05-19,55.85 ,7821641
2008-05-20,54.4  ,4569144
2008-05-21,54.77 ,2712941
2008-05-22,54.48 ,2714826
2008-05-23,54.5  ,1171045
2008-05-26,54.01 ,1409961
2008-05-27,52.81 ,2048296
2008-05-28,53.2  ,2351346
2008-05-29,53.26 ,1581065
2008-05-30,53.5  ,1211996
2008-06-02,53.0  ,783866
2008-06-03,54.15 ,3515492
2008-06-04,53.0  ,1945721
2008-06-05,53.15 ,943292
2008-06-06,53.5  ,3449059
2008-06-07,54.31 ,5400732
2008-06-09,55.7  ,5888844
2008-06-10,54.3  ,3007767
2008-06-11,53.65 ,1304974
2008-06-16,54.09 ,1131994
2008-06-17,53.94 ,1500456
2008-06-18,53.38 ,2034991
2008-06-19,53.37 ,1114443
2008-06-20,52.55 ,1161648
2008-06-23,52.37 ,948124
2008-06-24,51.16 ,1561427
2008-06-25,51.54 ,2077381
2008-06-26,51.28 ,1231356
2008-06-27,50.5  ,2095554
2008-06-30,50.5  ,1486907
2008-07-01,49.13 ,1792845
2008-07-02,49.17 ,1271960
2008-07-03,49.07 ,2271286
2008-07-04,48.75 ,1134456
2008-07-07,49.45 ,1250173
2008-07-08,48.74 ,1635577
2008-07-09,48.85 ,1427527
2008-07-10,48.1  ,2657727
2008-07-11,45.67 ,2143090
2008-07-14,46.75 ,1315253
2008-07-15,46.1  ,1691712
2008-07-16,46.23 ,834891
2008-07-17,47.04 ,1408897
2008-07-18,46.34 ,980841
2008-07-21,46.2  ,869950
2008-07-22,45.25 ,939037
2008-07-23,45.36 ,1148934
2008-07-24,45.1  ,1233400
2008-07-25,41.7  ,4975179
2008-07-28,40.46 ,1279807
2008-07-29,38.15 ,4862442
2008-07-30,38.96 ,3659357
2008-07-31,38.14 ,3981071
2008-08-01,38.6  ,1584349
2008-08-04,38.36 ,1137891
2008-08-05,37.2  ,2965343
2008-08-06,36.01 ,4883878
2008-08-07,35.84 ,2799531
2008-08-08,34.0  ,5021876
2008-08-11,33.19 ,9787527
2008-08-12,33.66 ,5984499
2008-08-13,33.53 ,1834636
2008-08-14,34.77 ,3136383
2008-08-15,35.59 ,2780240
2008-08-18,36.15 ,1497163
2008-08-19,33.52 ,2681051
2008-08-20,33.47 ,1457553
2008-08-21,32.79 ,2147434
2008-08-22,32.7  ,759830
2008-08-25,29.84 ,2537896
2008-08-26,28.24 ,6588789
2008-08-27,27.98 ,5659211
2008-08-28,28.84 ,3596708
2008-08-29,28.63 ,1665141
2008-09-01,29.5  ,2051639
2008-09-02,30.5  ,2129439
2008-09-03,29.6  ,4191701
2008-09-04,29.08 ,2978876
2008-09-05,27.2  ,3923013
2008-09-08,27.0  ,2313463
2008-09-09,23.6  ,5322122
2008-09-10,21.12 ,8010799
2008-09-11,21.0  ,5195160
2008-09-12,23.15 ,4007748
2008-09-15,22.25 ,2133025
2008-09-16,16.88 ,5837212
2008-09-17,      ,0
2008-09-18,      ,0
2008-09-19,20.87 ,4080194
2008-09-22,20.21 ,1818979
2008-09-23,20.02 ,1874826
2008-09-24,20.55 ,1335312
2008-09-25,20.75 ,1444097
2008-09-26,20.51 ,2155344
2008-09-29,19.55 ,2689472
2008-09-30,19.86 ,4913911
2008-10-01,20.0  ,1970320
2008-10-02,20.25 ,5329908
2008-10-03,19.9  ,3232731
2008-10-06,17.1  ,2127611
2008-10-07,17.02 ,1492854
2008-10-08,14.45 ,744344
2008-10-09,15.43 ,1165598
2008-10-10,      ,0
2008-10-13,14.73 ,2850262
2008-10-14,16.0  ,1685684
2008-10-15,15.51 ,2184476
2008-10-16,14.75 ,1611673
2008-10-17,15.03 ,1808472
2008-10-20,15.41 ,1548872
2008-10-21,15.81 ,945560
2008-10-22,16.2  ,2276268
2008-10-23,16.0  ,1031727
2008-10-24,14.28 ,1237859
2008-10-27,      ,0
2008-10-28,13.65 ,2145525
2008-10-29,14.35 ,2540341
2008-10-30,16.1  ,3144994
2008-10-31,15.99 ,3008782
2008-11-01,17.0  ,1967550
2008-11-05,16.75 ,2617206
2008-11-06,15.88 ,2437128
2008-11-07,16.35 ,1582157
2008-11-10,16.5  ,2125217
2008-11-11,15.4  ,949912
2008-11-12,      ,0
2008-11-13,14.94 ,2198811
2008-11-14,15.33 ,1749444
2008-11-17,15.69 ,1938667
2008-11-18,15.62 ,1470149
2008-11-19,15.3  ,527179
2008-11-20,14.7  ,497560
2008-11-21,14.66 ,304030
2008-11-24,15.6  ,625469
2008-11-25,15.3  ,506293
2008-11-26,15.12 ,390820
2008-11-27,15.59 ,1047884
2008-11-28,15.02 ,2429063
2008-12-01,14.34 ,1155970
2008-12-02,14.17 ,3260359
2008-12-03,13.69 ,1718279
2008-12-04,14.4  ,1312187
2008-12-05,13.98 ,499194
2008-12-08,15.17 ,2646929
2008-12-09,15.34 ,4046728
2008-12-10,15.47 ,1625062
2008-12-11,15.75 ,2385917
2008-12-12,15.05 ,2639018
2008-12-15,14.93 ,3434709
2008-12-16,15.84 ,7634613
2008-12-17,15.56 ,5584595
2008-12-18,15.1  ,1481570
2008-12-19,15.12 ,1914363
2008-12-22,15.45 ,3103893
2008-12-23,15.46 ,2116995
2008-12-24,14.98 ,3495188
2008-12-25,14.61 ,3019122
2008-12-26,14.4  ,1957647
2008-12-29,14.28 ,1615234
2008-12-30,14.55 ,1016435
2008-12-31,14.78 ,939483
2009-01-11,14.87 ,1164456
2009-01-12,15.81 ,4876587
2009-01-13,15.49 ,2334187
2009-01-14,15.15 ,3580599
2009-01-15,15.02 ,2480441
2009-01-16,15.16 ,1271852
2009-01-19,14.4  ,1845579
2009-01-20,14.14 ,1239222
2009-01-21,14.06 ,2309346
2009-01-22,13.45 ,2305052
2009-01-23,13.14 ,2444449
2009-01-26,13.81 ,2258277
2009-01-27,13.39 ,2749109
2009-01-28,13.97 ,2554881
2009-01-29,13.74 ,1407669
2009-01-30,13.94 ,2075083
2009-02-02,14.17 ,1250473
2009-02-03,14.62 ,2244817
2009-02-04,16.65 ,11169750
2009-02-05,17.7  ,12054345
2009-02-06,18.14 ,6269831
2009-02-09,17.96 ,3622210
2009-02-10,17.79 ,3392026
2009-02-11,20.77 ,14062594
2009-02-12,20.98 ,14244898
2009-02-13,21.86 ,4147352
2009-02-16,22.52 ,6131543
2009-02-17,19.31 ,12539594
2009-02-18,17.68 ,14910599
2009-02-19,18.5  ,8075583
2009-02-20,17.75 ,3394945
2009-02-24,17.71 ,2763984
2009-02-25,17.8  ,1878627
2009-02-26,18.59 ,2198318
2009-02-27,18.35 ,2131400
2009-03-02,19.49 ,8145883
2009-03-03,19.64 ,10821612
2009-03-04,20.0  ,3884816
2009-03-05,19.84 ,2851724
2009-03-06,19.88 ,3601794
2009-03-10,20.6  ,5947239
2009-03-11,20.54 ,4867629
2009-03-12,20.41 ,2898083
2009-03-13,20.37 ,2077349
2009-03-16,20.7  ,4738351
2009-03-17,21.37 ,7413895
2009-03-18,21.17 ,5810105
2009-03-19,21.27 ,3834531
2009-03-20,21.97 ,4233441
2009-03-23,22.82 ,4456482
2009-03-24,29.71 ,32303832
2009-03-25,36.15 ,53639656
2009-03-26,30.55 ,17388736
2009-03-27,30.44 ,22679229
2009-03-30,31.24 ,8549631
2009-03-31,30.71 ,3670780
2009-04-01,31.4  ,10987301
2009-04-02,31.86 ,4805533
2009-04-03,32.6  ,10799553
2009-04-06,35.99 ,14626741
2009-04-07,38.79 ,34769250
2009-04-08,37.8  ,16725283
2009-04-09,38.14 ,8750995
2009-04-10,38.34 ,8427570
2009-04-13,37.0  ,7733709
2009-04-14,36.1  ,9272679
2009-04-15,33.05 ,10263783
2009-04-16,32.17 ,5067714
2009-04-17,33.7  ,18959117
2009-04-20,32.79 ,12622688
2009-04-21,32.44 ,5652900
2009-04-22,35.03 ,15724563
2009-04-23,35.61 ,10103888
2009-04-24,35.4  ,7161053
2009-04-27,34.4  ,3210156
2009-04-28,35.3  ,6150429
2009-04-29,37.8  ,11769886
2009-04-30,37.05 ,4104395
2009-05-04,37.85 ,3151871
2009-05-05,36.81 ,1804400
2009-05-06,37.6  ,5332469
2009-05-07,37.95 ,5515119
2009-05-08,37.98 ,8458345
2009-05-12,37.98 ,2242536
2009-05-13,45.04 ,31340087
2009-05-14,42.18 ,21818377
2009-05-15,43.79 ,21588157
2009-05-18,44.23 ,9213428
2009-05-19,45.29 ,8586126
2009-05-20,51.39 ,40383527
2009-05-21,46.78 ,14216314
2009-05-22,48.88 ,7672411
2009-05-25,50.94 ,10337578
2009-05-26,49.1  ,9533171
2009-05-27,48.0  ,5270245
2009-05-28,48.6  ,3060608
2009-05-29,48.11 ,4704281
2009-06-01,49.05 ,11513738
2009-06-02,49.19 ,14418614
2009-06-03,46.0  ,4887544
2009-06-04,43.6  ,6571256
2009-06-05,43.19 ,4777262
2009-06-08,42.66 ,2561078
2009-06-09,47.36 ,11291076
2009-06-10,46.31 ,6863225
2009-06-11,45.49 ,3118381
2009-06-15,45.3  ,4768350
2009-06-16,45.15 ,2288487
2009-06-17,44.91 ,4440735
2009-06-18,45.0  ,3678113
2009-06-19,44.68 ,2023198
2009-06-22,41.0  ,5351772
2009-06-23,38.0  ,4370034
2009-06-24,38.86 ,3321574
2009-06-25,39.99 ,4975274
2009-06-26,39.98 ,3437329
2009-06-29,42.82 ,3988400
2009-06-30,38.99 ,3297429
2009-07-01,41.2  ,4315485
2009-07-02,39.5  ,1251199
2009-07-03,39.05 ,1817673
2009-07-06,37.99 ,1340040
2009-07-07,38.54 ,2112985
2009-07-08,37.27 ,1338355
2009-07-09,36.8  ,1618180
2009-07-10,33.8  ,5326468
2009-07-13,33.2  ,4212359
2009-07-14,33.6  ,1512301
2009-07-15,34.59 ,2110222
2009-07-16,33.96 ,1513889
2009-07-17,37.1  ,4271277
2009-07-20,38.53 ,5647501
2009-07-21,38.6  ,4145547
2009-07-22,40.0  ,10938064
2009-07-23,40.6  ,5115927
2009-07-24,39.8  ,3670142
2009-07-27,40.0  ,3329286
2009-07-28,40.9  ,5462041
2009-07-29,40.6  ,4690120
2009-07-30,41.49 ,4601770
2009-07-31,40.25 ,3773383
2009-08-03,42.25 ,4979647
2009-08-04,42.86 ,3878077
2009-08-05,44.35 ,7810696
2009-08-06,47.7  ,11241908
2009-08-07,48.3  ,5171561
2009-08-10,47.75 ,3097882
2009-08-11,45.39 ,3208371
2009-08-12,45.61 ,4738970
2009-08-13,45.7  ,4610974
2009-08-14,45.18 ,1193564
2009-08-17,43.85 ,3416585
2009-08-18,43.49 ,3040123
2009-08-19,43.24 ,1089723
2009-08-20,45.01 ,3233099
2009-08-21,46.3  ,5753724
2009-08-24,45.75 ,3457393
2009-08-25,45.46 ,3171143
2009-08-26,45.29 ,4569929
2009-08-27,45.6  ,4157224
2009-08-28,46.09 ,2034660
2009-08-31,45.86 ,2954652
2009-09-01,48.1  ,4647655
2009-09-02,48.9  ,8381338
2009-09-03,47.49 ,3946732
2009-09-04,46.44 ,2089763
2009-09-07,49.89 ,8813478
2009-09-08,50.18 ,7342127
2009-09-09,50.95 ,5430695
2009-09-10,50.8  ,3383813
2009-09-11,50.18 ,2971393
2009-09-14,49.04 ,3474184
2009-09-15,49.44 ,2741509
2009-09-16,49.11 ,13150507
2009-09-17,48.25 ,4589523
2009-09-18,48.99 ,2832788
2009-09-21,47.15 ,2787969
2009-09-22,49.3  ,4788254
2009-09-23,48.0  ,2908157
2009-09-24,47.03 ,6801478
2009-09-25,46.7  ,4361804
2009-09-28,47.77 ,5539190
2009-09-29,46.64 ,3191105
2009-09-30,45.81 ,2488599
2009-10-01,45.87 ,3744259
2009-10-02,44.45 ,4092094
2009-10-05,49.1  ,13313884
2009-10-06,51.88 ,15257571
2009-10-07,52.9  ,9910262
2009-10-08,53.2  ,6815279
2009-10-09,53.22 ,4846309
2009-10-12,53.26 ,2588423
2009-10-13,54.79 ,8240070
2009-10-14,54.65 ,7784286
2009-10-15,53.0  ,4556399
2009-10-16,58.49 ,19151808
2009-10-19,65.94 ,23527702
2009-10-20,61.21 ,23243583
2009-10-21,62.18 ,10719447
2009-10-22,59.69 ,5571404
2009-10-23,60.23 ,6464598
2009-10-26,60.91 ,4456357
2009-10-27,60.15 ,3732230
2009-10-28,57.0  ,7610453
2009-10-29,63.33 ,13081806
2009-10-30,64.47 ,25154260
2009-11-02,67.9  ,18848243
2009-11-03,66.0  ,12451273
2009-11-05,66.61 ,6663800
2009-11-06,64.0  ,6172095
2009-11-09,65.0  ,3857792
2009-11-10,64.5  ,3964713
2009-11-11,67.3  ,10620930
2009-11-12,66.98 ,4013036
2009-11-13,67.95 ,4379302
2009-11-16,68.63 ,4227627
2009-11-17,67.89 ,3480073
2009-11-18,68.11 ,4021152
2009-11-19,66.5  ,4409988
2009-11-20,66.79 ,2159743
2009-11-23,67.7  ,1929665
2009-11-24,67.4  ,1254303
2009-11-25,65.99 ,1665558
2009-11-26,60.92 ,4259079
2009-11-27,60.61 ,4848320
2009-11-30,60.7  ,2404344
2009-12-01,65.72 ,8073576
2009-12-02,65.35 ,4412845
2009-12-03,65.1  ,2103612
2009-12-04,67.11 ,5277300
2009-12-07,66.9  ,2893749
2009-12-08,65.0  ,2672272
2009-12-09,64.93 ,1632163
2009-12-10,65.18 ,1025894
2009-12-11,65.52 ,2833184
2009-12-14,65.3  ,1146928
2009-12-15,65.78 ,2247585
2009-12-16,67.83 ,4274209
2009-12-17,65.41 ,4296412
2009-12-18,65.2  ,3633851
2009-12-21,65.45 ,2948505
2009-12-22,64.57 ,1615077
2009-12-23,67.19 ,9643734
2009-12-24,66.43 ,4592662
2009-12-25,65.9  ,1142127
2009-12-28,66.06 ,2150942
2009-12-29,64.66 ,2898982
2009-12-30,64.65 ,4197405
2009-12-31,63.85 ,720901
2010-01-11,65.96 ,2403069
2010-01-12,65.76 ,2091453
2010-01-13,66.3  ,1943110
2010-01-14,67.99 ,5163119
2010-01-15,74.11 ,20133586
2010-01-18,74.31 ,17561030
2010-01-19,76.6  ,12723322
2010-01-20,74.22 ,7208389
2010-01-21,73.1  ,6537785
2010-01-22,73.9  ,8124795
2010-01-25,73.96 ,4921380
2010-01-26,73.02 ,4373654
2010-01-27,72.65 ,3374892
2010-01-28,72.27 ,4529747
2010-01-29,71.87 ,3753815
2010-02-01,73.0  ,3887492
2010-02-02,75.28 ,10691581
2010-02-03,73.18 ,13683683
2010-02-04,71.45 ,7267093
2010-02-05,67.93 ,11244833
2010-02-08,66.14 ,6787351
2010-02-09,66.5  ,4635912
2010-02-10,66.15 ,4387666
2010-02-11,65.32 ,3193504
2010-02-12,64.7  ,2328342
2010-02-15,65.71 ,1932620
2010-02-16,67.47 ,2385160
2010-02-17,68.4  ,3976508
2010-02-18,67.49 ,2034850
2010-02-19,67.4  ,1971183
2010-02-24,67.98 ,3869485
2010-02-25,66.67 ,2474281
2010-02-26,68.99 ,4702399
2010-02-27,72.1  ,5152775
2010-03-01,71.71 ,6602468
2010-03-02,71.99 ,3369699
2010-03-03,72.63 ,3341269
2010-03-04,71.99 ,2148408
2010-03-05,72.14 ,1561132
2010-03-09,74.25 ,4941397
2010-03-10,73.72 ,4072639
2010-03-11,73.23 ,4246793
2010-03-12,74.57 ,4278508
2010-03-15,74.27 ,2801355
2010-03-16,74.69 ,2110729
2010-03-17,75.68 ,4103522
2010-03-18,75.7  ,3353365
2010-03-19,74.77 ,2477700
2010-03-22,75.0  ,2719359
2010-03-23,80.29 ,11500949
2010-03-24,81.3  ,10298140
2010-03-25,79.8  ,5592298
2010-03-26,79.2  ,3902524
2010-03-29,83.15 ,13828839
2010-03-30,82.47 ,6586654
2010-03-31,81.0  ,4581613
2010-04-01,80.77 ,3271309
2010-04-02,80.5  ,3724791
2010-04-05,82.8  ,6409227
2010-04-06,82.2  ,6226341
2010-04-07,79.88 ,3670713
2010-04-08,78.99 ,5959129
2010-04-09,79.92 ,2844087
2010-04-12,79.77 ,2636888
2010-04-13,79.21 ,4113014
2010-04-14,79.62 ,4588731
2010-04-15,77.6  ,4226472
2010-04-16,76.73 ,2710006
2010-04-19,75.97 ,7782563
2010-04-20,77.35 ,2369776
2010-04-21,76.86 ,1559639
2010-04-22,74.67 ,2458644
2010-04-23,76.2  ,3752704
2010-04-26,76.95 ,2126520
2010-04-27,75.57 ,1690257
2010-04-28,75.92 ,4103647
2010-04-29,76.36 ,1350397
2010-04-30,76.75 ,2890312
2010-05-04,78.3  ,5973036
2010-05-05,76.9  ,4037458
2010-05-06,75.09 ,1974184
2010-05-07,68.5  ,7672036
2010-05-11,64.0  ,6772069
2010-05-12,66.6  ,4705855
2010-05-13,72.0  ,13517825
2010-05-14,70.0  ,8844901
2010-05-17,71.45 ,3847937
2010-05-18,70.4  ,1792177
2010-05-19,69.41 ,2089329
2010-05-20,65.0  ,2655611
2010-05-21,65.99 ,6246331
2010-05-24,66.62 ,4700350
2010-05-25,64.09 ,1990897
2010-05-26,68.55 ,4727181
2010-05-27,72.0  ,5962120
2010-05-28,72.0  ,4132106
2010-05-31,73.71 ,2979512
2010-06-01,71.99 ,6380005
2010-06-02,72.0  ,1685817
2010-06-03,71.95 ,1758590
2010-06-04,70.92 ,3130378
2010-06-07,71.76 ,2587057
2010-06-08,70.56 ,1098164
2010-06-09,71.49 ,1168639
2010-06-10,73.38 ,2588664
2010-06-11,73.0  ,1420723
2010-06-15,75.67 ,2888733
2010-06-16,74.85 ,1562801
2010-06-17,74.75 ,1450451
2010-06-18,76.0  ,1247126
2010-06-21,77.63 ,1667936
2010-06-22,75.84 ,5741046
2010-06-23,74.06 ,4988290
2010-06-24,73.82 ,1862549
2010-06-25,71.57 ,2033013
2010-06-28,69.5  ,5413620
2010-06-29,67.27 ,2919716
2010-06-30,67.56 ,1902667
2010-07-01,66.15 ,2059959
2010-07-02,68.3  ,1428197
2010-07-05,68.5  ,426121
2010-07-06,69.8  ,1108025
2010-07-07,68.9  ,1067688
2010-07-08,68.89 ,1706667
2010-07-09,69.19 ,959123
2010-07-12,70.82 ,1398135
2010-07-13,70.7  ,963163
2010-07-14,71.19 ,1907093
2010-07-15,71.82 ,2160747
2010-07-16,71.8  ,1337031
2010-07-19,72.17 ,1121564
2010-07-20,70.58 ,1717065
2010-07-21,71.06 ,760622
2010-07-22,71.99 ,789802
2010-07-23,71.76 ,1618602
2010-07-26,71.37 ,1575273
2010-07-27,71.82 ,1784215
2010-07-28,70.95 ,680574
2010-07-29,71.73 ,735182
2010-07-30,70.9  ,864963
2010-08-02,71.8  ,1271104
2010-08-03,70.85 ,1255460
2010-08-04,70.94 ,1636853
2010-08-05,71.5  ,1192655
2010-08-06,71.79 ,863802
2010-08-09,75.14 ,3845901
2010-08-10,74.1  ,2717814
2010-08-11,72.7  ,856287
2010-08-12,71.94 ,1242512
2010-08-13,71.72 ,2427761
2010-08-16,72.0  ,692713
2010-08-17,75.02 ,2428060
2010-08-18,79.1  ,5991847
2010-08-19,77.99 ,3394425
2010-08-20,77.78 ,1624486
2010-08-23,79.61 ,2305889
2010-08-24,81.0  ,4048256
2010-08-25,79.01 ,4236442
2010-08-26,82.28 ,4770490
2010-08-27,92.49 ,17672578
2010-08-30,101.59,23774389
2010-08-31,102.86,23132825
2010-09-01,100.2 ,10429242
2010-09-02,105.68,10300898
2010-09-03,102.36,5543529
2010-09-06,100.94,2344322
2010-09-07,98.56 ,3164466
2010-09-08,99.11 ,2725183
2010-09-09,102.7 ,4877215
2010-09-10,98.45 ,12434041
2010-09-13,95.2  ,4301561
2010-09-14,95.39 ,7020912
2010-09-15,93.25 ,7866823
2010-09-16,92.84 ,2341043
2010-09-17,93.08 ,3770341
2010-09-20,95.79 ,6186484
2010-09-21,94.68 ,5062515
2010-09-22,91.7  ,4133110
2010-09-23,87.7  ,7035780
2010-09-24,88.59 ,5138583
2010-09-27,89.4  ,5185721
2010-09-28,87.9  ,3059475
2010-09-29,87.7  ,2060324
2010-09-30,87.3  ,2321473
2010-10-01,89.01 ,4801519
2010-10-04,88.25 ,2192512
2010-10-05,88.68 ,1901206
2010-10-06,88.35 ,3689867
2010-10-07,87.3  ,2214009
2010-10-08,85.77 ,3648165
2010-10-11,85.89 ,2615890
2010-10-12,83.44 ,5434346
2010-10-13,85.92 ,6968641
2010-10-14,91.2  ,30714519
2010-10-15,88.77 ,14663345
2010-10-18,86.99 ,12606248
2010-10-19,87.08 ,4530807
2010-10-20,86.98 ,3654638
2010-10-21,87.14 ,4485362
2010-10-22,86.6  ,3787945
2010-10-25,86.87 ,3535007
2010-10-26,87.9  ,8959400
2010-10-27,87.25 ,3011178
2010-10-28,87.01 ,2395350
2010-10-29,86.96 ,2179530
2010-11-01,88.65 ,12135092
2010-11-02,88.6  ,5923013
2010-11-03,88.9  ,8060839
2010-11-08,89.97 ,4685096
2010-11-09,90.5  ,6557621
2010-11-10,84.45 ,16444756
2010-11-11,78.3  ,29973867
2010-11-12,78.14 ,5948567
2010-11-13,79.0  ,2650033
2010-11-15,79.94 ,4408896
2010-11-16,77.9  ,3458191
2010-11-17,77.99 ,2341803
2010-11-18,78.15 ,3989904
2010-11-19,77.48 ,1741011
2010-11-22,77.93 ,1743322
2010-11-23,77.7  ,1506056
2010-11-24,78.56 ,1630006
2010-11-25,78.1  ,1888903
2010-11-26,77.76 ,2087899
2010-11-29,77.36 ,1893641
2010-11-30,77.3  ,1366789
2010-12-01,78.38 ,2472093
2010-12-02,78.0  ,2476463
2010-12-03,77.63 ,2464097
2010-12-06,78.13 ,1302367
2010-12-07,81.39 ,16323499
2010-12-08,80.99 ,5132168
2010-12-09,79.8  ,2082218
2010-12-10,80.8  ,3320577
2010-12-13,81.32 ,2297348
2010-12-14,81.28 ,1307445
2010-12-15,81.38 ,1923358
2010-12-16,81.48 ,1496307
2010-12-17,82.05 ,5879705
2010-12-20,82.2  ,1977063
2010-12-21,82.34 ,1190270
2010-12-22,82.13 ,2430363
2010-12-23,81.37 ,1788617
2010-12-24,81.3  ,2460245
2010-12-27,79.6  ,2666277
2010-12-28,79.89 ,2186472
2010-12-29,80.0  ,1540181
2010-12-30,80.0  ,3111803
2011-01-11,81.99 ,4511408
2011-01-12,85.8  ,15069605
2011-01-13,83.97 ,5708259
2011-01-14,85.58 ,5567582
2011-01-17,85.31 ,3150312
2011-01-18,85.17 ,4593197
2011-01-19,84.8  ,2222179
2011-01-20,85.3  ,4899636
2011-01-21,85.82 ,2998621
2011-01-24,85.55 ,3097316
2011-01-25,89.27 ,13521861
2011-01-26,88.65 ,5104394
2011-01-27,87.35 ,2484266
2011-01-28,87.49 ,1769702
2011-01-31,88.67 ,3286733
2011-02-01,88.65 ,2634881
2011-02-02,88.51 ,1745148
2011-02-03,88.27 ,1678536
2011-02-04,87.7  ,1100639
2011-02-07,88.39 ,2426943
2011-02-08,87.3  ,1456336
2011-02-09,88.0  ,1403074
2011-02-10,87.09 ,2442732
2011-02-11,88.4  ,1541076
2011-02-14,87.76 ,644271
2011-02-15,87.26 ,734679
2011-02-16,87.5  ,833429
2011-02-17,88.8  ,2353463
2011-02-18,88.4  ,1585039
2011-02-21,88.7  ,1224371
2011-02-22,87.1  ,1102169
2011-02-24,86.0  ,1949306
2011-02-25,89.14 ,3016671
2011-02-28,89.0  ,987084
2011-03-01,88.3  ,873000
2011-03-02,88.4  ,773000
2011-03-03,88.62 ,919400
2011-03-04,87.5  ,3519300
2011-03-05,87.53 ,1495700
2011-03-09,87.8  ,1692800
2011-03-10,86.73 ,2264100
2011-03-11,85.98 ,1338200
2011-03-14,85.55 ,727900
2011-03-15,83.88 ,3617200
2011-03-16,83.13 ,1035200
2011-03-17,84.29 ,1195500
2011-03-18,84.05 ,946100
2011-03-21,86.15 ,1151900
2011-03-22,86.95 ,1483000
2011-03-23,87.69 ,2861700
2011-03-24,88.83 ,3274800
2011-03-25,89.91 ,7644800
2011-03-28,90.33 ,2955200
2011-03-29,88.52 ,1817900
2011-03-30,88.79 ,1183500
2011-03-31,89.08 ,1522700
2011-04-01,88.6  ,1141900
2011-04-04,89.7  ,1557800
2011-04-05,88.41 ,2447000
2011-04-06,89.5  ,2954700
2011-04-07,88.1  ,1090700
2011-04-08,87.99 ,1343100
2011-04-11,87.5  ,1726000
2011-04-12,84.85 ,3803200
2011-04-13,85.4  ,1902500
2011-04-14,84.5  ,2457700
2011-04-15,85.25 ,569900
2011-04-18,82.0  ,1644300
2011-04-19,84.28 ,1049500
2011-04-20,85.6  ,799700
2011-04-21,85.72 ,515400
2011-04-22,85.89 ,1339200
2011-04-25,85.0  ,519500
2011-04-26,84.97 ,525900
2011-04-27,83.73 ,1069300
2011-04-28,85.3  ,787400
2011-04-29,85.97 ,614800
2011-05-03,83.46 ,1135600
2011-05-04,81.7  ,2222100
2011-05-05,83.37 ,1286200
2011-05-06,84.0  ,1119800
2011-05-10,84.02 ,374700
2011-05-11,83.33 ,645600
2011-05-12,83.83 ,1150700
2011-05-13,84.24 ,297000
2011-05-16,84.15 ,1449300
2011-05-17,83.89 ,1227100
2011-05-18,82.8  ,519800
2011-05-19,83.91 ,559500
2011-05-20,83.04 ,508100
2011-05-23,82.3  ,1223200
2011-05-24,82.76 ,628100
2011-05-25,82.98 ,385400
2011-05-26,82.79 ,765300
2011-05-27,83.73 ,1776200
2011-05-30,85.14 ,2786700
2011-05-31,84.8  ,932300
2011-06-01,84.71 ,1311400
2011-06-02,84.83 ,447700
2011-06-03,83.71 ,1559500
2011-06-06,84.5  ,665400
2011-06-07,84.64 ,393500
2011-06-08,83.93 ,325800
2011-06-09,83.28 ,549000
2011-06-10,82.8  ,1255000
2011-06-14,83.5  ,626300
2011-06-15,83.7  ,767000
2011-06-16,85.5  ,2501000
2011-06-17,88.88 ,12504700
2011-06-20,89.35 ,12651000
2011-06-21,89.08 ,3206700
2011-06-22,88.15 ,920000
2011-06-23,86.04 ,1498200
2011-06-24,87.1  ,479600
2011-06-27,87.78 ,1601500
2011-06-28,86.6  ,566900
2011-06-29,86.3  ,597100
2011-06-30,86.77 ,498400
2011-07-01,86.5  ,727200
2011-07-04,87.0  ,475900
2011-07-05,89.75 ,3237600
2011-07-06,89.78 ,2184600
2011-07-07,90.7  ,1098400
2011-07-08,89.98 ,1000300
2011-07-11,90.92 ,1850000
2011-07-12,90.02 ,811700
2011-07-13,90.42 ,1048800
2011-07-14,90.25 ,860300
2011-07-15,90.4  ,634200
2011-07-18,89.0  ,624400
2011-07-19,87.9  ,1415900
2011-07-20,90.05 ,1109000
2011-07-21,92.84 ,10040100
2011-07-22,98.0  ,7323300
2011-07-25,98.4  ,7311700
2011-07-26,99.32 ,4333000
2011-07-27,100.05,3453500
2011-07-28,99.6  ,4887700
2011-07-29,98.69 ,3520900
2011-08-01,98.16 ,1872200
2011-08-02,98.13 ,2590500
2011-08-03,93.2  ,3905200
2011-08-04,92.53 ,3397000
2011-08-05,87.01 ,10973600
2011-08-08,80.85 ,8011000
2011-08-09,82.51 ,13959800
2011-08-10,78.2  ,4084800
2011-08-11,76.15 ,3832400
2011-08-12,80.7  ,1983000
2011-08-15,84.78 ,4252300
2011-08-16,85.5  ,2546100
2011-08-17,86.3  ,1331300
2011-08-18,82.49 ,1915000
2011-08-19,83.48 ,2249000
2011-08-22,85.57 ,1658700
2011-08-23,85.5  ,1972900
2011-08-24,86.4  ,501500
2011-08-25,85.29 ,619800
2011-08-26,85.48 ,480700
2011-08-29,90.8  ,2085100
2011-08-30,89.95 ,2393400
2011-08-31,91.69 ,6308500
2011-09-01,91.34 ,4730000
2011-09-02,89.78 ,1401900
2011-09-05,89.21 ,1210000
2011-09-06,89.29 ,562300
2011-09-07,90.19 ,1333800
2011-09-08,89.57 ,646400
2011-09-09,87.0  ,867600
2011-09-12,85.42 ,1576600
2011-09-13,83.99 ,864100
2011-09-14,84.33 ,1054500
2011-09-15,85.99 ,955800
2011-09-16,86.79 ,4295800
2011-09-19,86.02 ,1187400
2011-09-20,87.14 ,462000
2011-09-21,87.6  ,575800
2011-09-22,84.0  ,2561700
2011-09-23,76.61 ,3117100
2011-09-26,76.2  ,2048100
2011-09-27,80.49 ,2715900
2011-09-28,79.43 ,1470900
2011-09-29,81.29 ,1195700
2011-09-30,77.74 ,1390100
2011-10-03,74.56 ,1851700
2011-10-04,71.98 ,2102000
2011-10-05,71.09 ,2340900
2011-10-06,73.64 ,829900
2011-10-07,78.03 ,2482800
2011-10-10,81.9  ,3295200
2011-10-11,80.7  ,930200
2011-10-12,83.0  ,2012300
2011-10-13,83.5  ,1604800
2011-10-14,85.38 ,2110900
2011-10-17,85.36 ,1268000
2011-10-18,85.36 ,592200
2011-10-19,85.73 ,1173100
2011-10-20,86.27 ,501600
2011-10-21,89.08 ,2103100
2011-10-24,92.18 ,2162800
2011-10-25,91.9  ,2043200
2011-10-26,92.0  ,1222200
2011-10-27,91.47 ,1573700
2011-10-28,91.4  ,1196000
2011-10-31,91.5  ,457700
2011-11-01,91.59 ,739800
2011-11-02,96.63 ,4239900
2011-11-03,98.02 ,4350600
2011-11-07,97.93 ,1119100
2011-11-08,97.79 ,938400
2011-11-09,97.37 ,2718100
2011-11-10,97.5  ,5540800
2011-11-11,97.6  ,1032600
2011-11-14,97.0  ,2633400
2011-11-15,98.3  ,1384500
2011-11-16,97.62 ,2409700
2011-11-17,97.18 ,571500
2011-11-18,96.0  ,2103300
2011-11-21,96.92 ,1152300
2011-11-22,97.71 ,2860100
2011-11-23,98.65 ,1004500
2011-11-24,98.7  ,497600
2011-11-25,100.2 ,1952600
2011-11-28,100.1 ,2538000
2011-11-29,100.1 ,380800
2011-11-30,100.1 ,506200
2011-12-01,99.0  ,639900
2011-12-02,99.8  ,3082000
2011-12-05,100.57,926700
2011-12-06,99.9  ,2093300
2011-12-07,101.25,2474000
2011-12-08,98.5  ,2811500
2011-12-09,99.49 ,1825200
2011-12-12,99.85 ,892200
2011-12-13,101.96,2599900
2011-12-14,99.81 ,796900
2011-12-15,100.19,1283500
2011-12-16,101.5 ,1023700
2011-12-19,100.65,416700
2011-12-20,99.89 ,2174500
2011-12-21,99.69 ,1287600
2011-12-22,98.31 ,3547800
2011-12-23,99.5  ,4917200
2011-12-26,98.99 ,977200
2011-12-27,97.99 ,3502400
2011-12-28,97.8  ,741200
2011-12-29,96.4  ,7182500
2011-12-30,95.25 ,202600
2012-01-03,96.7  ,214000
2012-01-04,97.1  ,294100
2012-01-05,98.0  ,288600
2012-01-06,98.65 ,170100
2012-01-09,98.0  ,927300
2012-01-10,97.81 ,160500
2012-01-11,97.5  ,829500
2012-01-12,99.0  ,298900
2012-01-13,99.0  ,2794900
2012-01-16,95.44 ,2506800
2012-01-17,95.68 ,1391600
2012-01-18,95.9  ,1411900
2012-01-19,95.45 ,992300
2012-01-20,94.95 ,2911600
2012-01-23,95.0  ,169400
2012-01-24,93.0  ,1231600
2012-01-25,93.0  ,2729900
2012-01-26,93.39 ,1355800
2012-01-27,90.0  ,2682200
2012-01-30,89.47 ,887700
2012-01-31,89.26 ,528700
2012-02-01,89.4  ,791100
2012-02-02,89.59 ,475100
2012-02-03,89.4  ,450100
2012-02-06,89.45 ,317900
2012-02-07,89.01 ,568000
2012-02-08,89.05 ,1411700
2012-02-09,87.8  ,1226300
2012-02-10,87.8  ,1319500
2012-02-13,88.81 ,283600
2012-02-14,87.92 ,459500
2012-02-15,87.92 ,601700
2012-02-16,87.85 ,400500
2012-02-17,88.28 ,255400
2012-02-20,88.26 ,182900
2012-02-21,88.38 ,399000
2012-02-22,87.0  ,498700
2012-02-24,87.73 ,483400
2012-02-27,87.74 ,354100
2012-02-28,86.9  ,497200
2012-02-29,86.8  ,244500
2012-03-01,86.25 ,396300
2012-03-02,87.37 ,986100
2012-03-05,87.68 ,915500
2012-03-06,85.24 ,530700
2012-03-07,85.0  ,886900
2012-03-11,85.7  ,139700
2012-03-12,85.97 ,850700
2012-03-13,85.0  ,615200
2012-03-14,84.98 ,1104000
2012-03-15,85.0  ,1079800
2012-03-16,84.96 ,421900
2012-03-19,84.99 ,756800
2012-03-20,84.63 ,201100
2012-03-21,84.83 ,246400
2012-03-22,84.81 ,303400
2012-03-23,84.84 ,293400
2012-03-26,86.0  ,350900
2012-03-27,89.0  ,4556300
2012-03-28,87.57 ,1735100
2012-03-29,87.6  ,892700
2012-03-30,88.67 ,839000
2012-04-02,93.51 ,5171200
2012-04-03,96.76 ,4285300
2012-04-04,95.0  ,4867900
2012-04-05,95.7  ,2596800
2012-04-06,96.0  ,1901000
2012-04-09,95.69 ,426600
2012-04-10,95.84 ,395500
2012-04-11,95.84 ,618500
2012-04-12,95.68 ,327600
2012-04-13,95.98 ,571500
2012-04-16,94.09 ,3723300
2012-04-17,93.2  ,1995300
2012-04-18,92.92 ,2428000
2012-04-19,93.16 ,514400
2012-04-20,93.34 ,787600
2012-04-23,92.01 ,96600
2012-04-24,92.8  ,1091000
2012-04-25,94.5  ,1922700
2012-04-26,94.0  ,693800
2012-04-27,95.21 ,1520600
2012-04-28,94.41 ,442900
2012-05-02,89.56 ,550100
2012-05-03,88.85 ,275700
2012-05-04,87.9  ,607200
2012-05-05,86.25 ,585500
2012-05-07,86.5  ,594700
2012-05-08,86.5  ,28500
2012-05-10,87.5  ,241300
2012-05-11,88.39 ,2910000
2012-05-12,87.65 ,56100
2012-05-14,85.01 ,558900
2012-05-15,85.95 ,630400
2012-05-16,84.8  ,799700
2012-05-17,83.68 ,570700
2012-05-18,81.0  ,1579800
2012-05-21,81.5  ,573900
2012-05-22,81.97 ,193800
2012-05-23,78.48 ,870700
2012-05-24,79.0  ,1298800
2012-05-25,78.48 ,475100
2012-05-28,77.77 ,2196600
2012-05-29,78.0  ,261500
2012-05-30,77.7  ,1617300
2012-05-31,74.5  ,162500
2012-06-01,71.49 ,2262400
2012-06-04,72.19 ,179000
2012-06-05,75.32 ,370800
2012-06-06,76.0  ,227900
2012-06-07,75.86 ,71100
2012-06-08,75.0  ,205200
2012-06-09,78.07 ,131400
2012-06-13,78.7  ,306700
2012-06-14,78.33 ,78400
2012-06-15,78.0  ,271000
2012-06-18,81.0  ,374200
2012-06-19,80.52 ,325500
2012-06-20,79.57 ,254700
2012-06-21,78.17 ,183100
2012-06-22,76.17 ,98900
2012-06-25,76.0  ,226200
2012-06-26,77.68 ,209700
2012-06-27,79.25 ,258000
2012-06-28,79.22 ,552100
2012-06-29,81.9  ,141900
2012-07-02,82.76 ,220700
2012-07-03,83.97 ,269400
2012-07-04,84.24 ,99000
2012-07-05,82.26 ,240200
2012-07-06,82.5  ,162100
2012-07-09,82.2  ,70600
2012-07-10,82.17 ,118300
2012-07-11,81.33 ,147800
2012-07-12,80.97 ,67000
2012-07-13,81.86 ,188400
2012-07-16,81.91 ,52500
2012-07-17,82.1  ,327200
2012-07-18,81.31 ,431400
2012-07-19,81.29 ,446000
2012-07-20,80.67 ,130700
2012-07-23,77.56 ,185800
2012-07-24,77.48 ,148700
2012-07-25,77.81 ,185100
2012-07-26,79.13 ,1463400
2012-07-27,78.92 ,517200
2012-07-30,79.4  ,398600
2012-07-31,78.5  ,343200
2012-08-01,78.0  ,118400
2012-08-02,77.81 ,363200
2012-08-03,79.0  ,699600
2012-08-06,79.7  ,1334300
2012-08-07,79.42 ,529700
2012-08-08,79.48 ,200200
2012-08-09,80.1  ,987900
2012-08-10,80.5  ,471100
2012-08-13,81.8  ,791600
2012-08-14,82.84 ,752200
2012-08-15,82.29 ,355200
2012-08-16,82.7  ,168200
2012-08-17,82.06 ,616100
2012-08-20,81.45 ,498600
2012-08-21,82.69 ,370800
2012-08-22,82.06 ,168000
2012-08-23,82.38 ,365200
2012-08-24,82.5  ,214200
2012-08-27,83.9  ,458900
2012-08-28,85.74 ,2065300
2012-08-29,87.3  ,1270700
2012-08-30,84.77 ,1448200
2012-08-31,84.8  ,374200
2012-09-03,86.26 ,286900
2012-09-04,88.68 ,1928000
2012-09-05,87.63 ,772600
2012-09-06,88.96 ,1710900
2012-09-07,89.99 ,934100
2012-09-10,90.32 ,365700
2012-09-11,92.96 ,1106800
2012-09-12,94.9  ,1532100
2012-09-13,92.96 ,1057000
2012-09-14,95.5  ,1629400
2012-09-17,94.5  ,310800
2012-09-18,94.9  ,1524400
2012-09-19,96.49 ,1210700
2012-09-20,98.2  ,1409800
2012-09-21,99.23 ,1185700
2012-09-24,99.2  ,464000
2012-09-25,97.17 ,3077800
2012-09-26,94.95 ,2415100
2012-09-27,95.88 ,842100
2012-09-28,95.87 ,1125100
2012-10-01,96.95 ,742800
2012-10-02,98.19 ,922100
2012-10-03,97.13 ,603400
2012-10-04,96.95 ,1291500
2012-10-05,98.5  ,1608600
2012-10-08,97.48 ,483800
2012-10-09,97.8  ,1065800
2012-10-10,97.18 ,363000
2012-10-11,96.4  ,1098800
2012-10-12,95.31 ,266300
2012-10-15,95.89 ,169200
2012-10-16,95.7  ,349900
2012-10-17,96.73 ,387300
2012-10-18,96.43 ,1294900
2012-10-19,94.98 ,717300
2012-10-22,96.18 ,479900
2012-10-23,95.5  ,978200
2012-10-24,94.81 ,199000
2012-10-25,94.9  ,263300
2012-10-26,92.5  ,190300
2012-10-29,91.99 ,117200
2012-10-30,91.13 ,280400
2012-10-31,92.0  ,191900
2012-11-01,92.0  ,113300
2012-11-02,91.38 ,367500
2012-11-06,90.5  ,179700
2012-11-07,90.0  ,229000
2012-11-08,90.55 ,346600
2012-11-09,90.0  ,165600
2012-11-12,90.5  ,84200
2012-11-13,90.2  ,336300
2012-11-14,89.0  ,250200
2012-11-15,90.0  ,214300
2012-11-16,90.0  ,75300
2012-11-19,90.15 ,272600
2012-11-20,87.25 ,2357400
2012-11-21,86.83 ,565500
2012-11-22,86.62 ,230200
2012-11-23,86.25 ,323900
2012-11-26,85.27 ,175200
2012-11-27,84.07 ,1025600
2012-11-28,80.91 ,1472500
2012-11-29,83.47 ,963700
2012-11-30,84.5  ,399300
2012-12-03,84.0  ,118100
2012-12-04,82.67 ,245900
2012-12-05,83.45 ,740800
2012-12-06,85.88 ,987700
2012-12-07,85.51 ,193000
2012-12-10,86.0  ,558600
2012-12-11,86.96 ,598600
2012-12-12,88.45 ,405200
2012-12-13,90.3  ,861400
2012-12-14,90.4  ,703300
2012-12-17,90.02 ,185500
2012-12-18,90.98 ,588600
2012-12-19,90.15 ,317700
2012-12-20,91.38 ,715700
2012-12-21,91.17 ,230800
2012-12-24,91.35 ,477000
2012-12-25,90.38 ,483000
2012-12-26,91.0  ,563000
2012-12-27,90.15 ,836600
2012-12-28,90.49 ,301300
2013-01-08,92.5  ,421200
2013-01-09,92.03 ,267400
2013-01-10,91.0  ,222900
2013-01-11,90.01 ,286200
2013-01-14,90.56 ,136300
2013-01-15,90.3  ,451400
2013-01-16,90.51 ,144200
2013-01-17,89.99 ,493100
2013-01-18,90.85 ,570600
2013-01-21,90.71 ,155900
2013-01-22,90.81 ,359600
2013-01-23,90.43 ,344700
2013-01-24,90.05 ,152600
2013-01-25,90.0  ,466500
2013-01-28,90.15 ,512700
2013-01-29,89.9  ,1891900
2013-01-30,89.24 ,327000
2013-01-31,88.59 ,787300
2013-02-01,88.9  ,349000
2013-02-04,88.05 ,311300
2013-02-05,87.25 ,953400
2013-02-06,87.97 ,289600
2013-02-07,88.0  ,213700
2013-02-08,88.49 ,223900
2013-02-11,89.76 ,1010100
2013-02-12,90.3  ,2777500
2013-02-13,91.09 ,1221900
2013-02-14,90.47 ,667100
2013-02-15,90.55 ,189100
2013-02-18,90.74 ,141800
2013-02-19,91.7  ,533100
2013-02-20,92.25 ,1319100
2013-02-21,91.02 ,801400
2013-02-22,90.31 ,1841900
2013-02-25,90.14 ,139400
2013-02-26,89.2  ,210700
2013-02-27,88.78 ,163500
2013-02-28,91.49 ,1879500
2013-03-01,91.01 ,1284100
2013-03-04,94.29 ,3091700
2013-03-05,94.37 ,621800
2013-03-06,94.79 ,406100
2013-03-07,94.87 ,540500
2013-03-11,94.39 ,333500
2013-03-12,92.91 ,1105400
2013-03-13,93.43 ,551100
2013-03-14,93.5  ,229000
2013-03-15,93.25 ,254500
2013-03-18,91.11 ,616400
2013-03-19,91.15 ,562200
2013-03-20,94.4  ,1599800
2013-03-21,90.87 ,3627900
2013-03-22,90.36 ,966500
2013-03-25,90.6  ,456000
2013-03-26,89.33 ,824500
2013-03-27,89.53 ,2325600
2013-03-28,89.24 ,1136200
2013-03-29,87.89 ,822400
2013-04-01,87.8  ,513900
2013-04-02,87.75 ,704800
2013-04-03,86.48 ,915700
2013-04-04,85.11 ,632500
2013-04-05,82.9  ,3836700
2013-04-08,82.6  ,696500
2013-04-09,81.98 ,1314500
2013-04-10,81.99 ,561600
2013-04-11,81.57 ,410700
2013-04-12,80.8  ,967600
2013-04-15,78.22 ,1495700
2013-04-16,77.31 ,519200
2013-04-17,74.5  ,763900
2013-04-18,74.0  ,384400
2013-04-19,75.98 ,764300
2013-04-22,80.53 ,769300
2013-04-23,79.01 ,631100
2013-04-24,79.0  ,292800
2013-04-25,80.02 ,724500
2013-04-26,82.48 ,1022900
2013-04-29,82.3  ,648100
2013-04-30,82.58 ,1141500
2013-05-02,80.0  ,106500
2013-05-03,81.7  ,171300
2013-05-06,80.0  ,303400
2013-05-07,81.68 ,261700
2013-05-08,80.74 ,122000
2013-05-10,80.44 ,223300
2013-05-13,81.0  ,92800
2013-05-14,81.19 ,174900
2013-05-15,81.09 ,235900
2013-05-16,79.33 ,295300
2013-05-17,79.73 ,154600
2013-05-20,79.11 ,64800
2013-05-21,79.71 ,137000
2013-05-22,80.89 ,219100
2013-05-23,77.04 ,264700
2013-05-24,75.4  ,166500
2013-05-27,75.98 ,83600
2013-05-28,77.09 ,91800
2013-05-29,74.82 ,103400
2013-05-30,73.3  ,410400
2013-05-31,72.62 ,194500
2013-06-03,73.33 ,131100
2013-06-04,73.2  ,260500
2013-06-05,72.0  ,118900
2013-06-06,70.0  ,888400
2013-06-07,70.79 ,75900
2013-06-10,72.29 ,195600
2013-06-11,70.01 ,223900
2013-06-13,68.89 ,336100
2013-06-14,69.0  ,42500
2013-06-17,71.19 ,838900
2013-06-18,73.3  ,700000
2013-06-19,71.53 ,719200
2013-06-20,70.01 ,103600
2013-06-21,69.68 ,62700
2013-06-24,69.71 ,77100
2013-06-25,71.86 ,131100
2013-06-26,70.8  ,76600
2013-06-27,69.82 ,119600
2013-06-28,71.0  ,214300
2013-07-01,73.34 ,100700
2013-07-02,75.47 ,763500
2013-07-03,75.03 ,1339400
2013-07-04,75.88 ,564300
2013-07-05,75.0  ,195200
2013-07-08,73.24 ,156100
2013-07-09,75.75 ,315400
2013-07-10,74.39 ,37300
2013-07-11,75.22 ,75300
2013-07-12,77.3  ,776500
2013-07-15,76.7  ,178300
2013-07-16,78.0  ,629000
2013-07-17,79.64 ,545500
2013-07-18,78.18 ,283300
2013-07-19,77.44 ,535700
2013-07-22,77.36 ,160000
2013-07-23,78.37 ,136200
2013-07-24,78.6  ,165800
2013-07-25,79.08 ,115800
2013-07-26,78.93 ,138100
2013-07-29,80.96 ,449000
2013-07-30,79.73 ,275800
2013-07-31,77.99 ,600000
2013-08-01,77.49 ,676700
2013-08-02,77.96 ,466800
2013-08-05,78.2  ,87500
2013-08-06,78.89 ,113300
2013-08-07,78.86 ,104400
2013-08-08,77.69 ,85200
2013-08-09,77.79 ,61400
2013-08-12,77.13 ,444100
2013-08-13,76.96 ,242000
2013-08-14,77.95 ,69100
2013-08-15,77.6  ,83500
2013-08-16,77.84 ,248300
2013-08-19,76.46 ,151200
2013-08-20,76.48 ,105800
2013-08-21,76.0  ,100300
2013-08-22,77.4  ,162900
2013-08-23,77.22 ,64700
2013-08-26,76.79 ,78900
2013-08-27,75.49 ,150300
2013-08-28,74.2  ,506400
2013-08-29,73.64 ,205900
2013-08-30,72.21 ,378200
2013-09-02,71.97 ,198400
2013-09-03,72.51 ,220000
2013-09-04,73.25 ,340400
2013-09-05,72.85 ,586300
2013-09-06,72.99 ,653700
2013-09-09,73.04 ,656100
2013-09-10,73.39 ,635000
2013-09-11,73.4  ,680300
2013-09-12,72.49 ,671100
2013-09-13,72.03 ,368200
2013-09-16,71.97 ,565800
2013-09-17,72.05 ,503000
2013-09-18,71.67 ,328700
2013-09-19,71.95 ,791300
2013-09-20,71.47 ,472100
2013-09-23,70.49 ,392500
2013-09-24,70.35 ,583000
2013-09-25,71.16 ,438900
2013-09-26,71.5  ,481800
2013-09-27,71.31 ,262100
2013-09-30,70.98 ,104700
2013-10-01,71.1  ,111300
2013-10-02,70.66 ,844800
2013-10-03,70.58 ,343400
2013-10-04,71.0  ,440000
2013-10-07,71.1  ,608800
2013-10-08,71.84 ,4595800
2013-10-09,71.85 ,888900
2013-10-10,72.33 ,2327200
2013-10-11,72.14 ,638800
2013-10-14,72.0  ,395800
2013-10-15,71.99 ,664500
2013-10-16,72.08 ,1006500
2013-10-17,71.91 ,173500
2013-10-18,71.9  ,485500
2013-10-21,72.06 ,746200
2013-10-22,71.94 ,233500
2013-10-23,71.94 ,463600
2013-10-24,72.15 ,2785800
2013-10-25,73.04 ,3750700
2013-10-28,72.51 ,658100
2013-10-29,72.42 ,1246200
2013-10-30,72.6  ,3163600
2013-10-31,73.16 ,4149500
2013-11-01,75.6  ,3983600
2013-11-05,76.99 ,2198700
2013-11-06,77.7  ,2461000
2013-11-07,77.29 ,620400
2013-11-08,76.49 ,762300
2013-11-11,75.4  ,1503900
2013-11-12,77.01 ,2174300
2013-11-13,78.99 ,3804500
2013-11-14,78.9  ,2332400
2013-11-15,78.5  ,6659500
2013-11-18,78.29 ,490900
2013-11-19,77.58 ,475800
2013-11-20,76.94 ,469000
2013-11-21,74.31 ,1381800
2013-11-22,74.48 ,349300
2013-11-25,72.89 ,955600
2013-11-26,72.45 ,615800
2013-11-27,71.91 ,552600
2013-11-28,71.9  ,243500
2013-11-29,71.25 ,270200
2013-12-02,70.93 ,264800
2013-12-03,71.0  ,349600
2013-12-04,71.0  ,164300
2013-12-05,72.53 ,1146500
2013-12-06,73.5  ,626400
2013-12-09,72.89 ,1302500
2013-12-10,73.82 ,262900
2013-12-11,74.43 ,255100
2013-12-12,73.5  ,191400
2013-12-13,73.69 ,93200
2013-12-16,74.3  ,312000
2013-12-17,73.86 ,133000
2013-12-18,73.85 ,138700
2013-12-19,74.1  ,210500
2013-12-20,73.2  ,222800
2013-12-23,72.79 ,444400
2013-12-24,72.56 ,282700
2013-12-25,72.91 ,180500
2013-12-26,73.0  ,1187800
2013-12-27,73.46 ,344500
2013-12-30,74.83 ,259200
2014-01-06,73.14 ,104100
2014-01-08,75.01 ,186500
2014-01-09,73.44 ,157300
2014-01-10,73.22 ,163000
2014-01-13,73.35 ,197000
2014-01-14,73.83 ,128100
2014-01-15,74.59 ,106800
2014-01-16,73.7  ,202700
2014-01-17,74.47 ,180000
2014-01-20,74.81 ,95100
2014-01-21,76.1  ,472300
2014-01-22,76.0  ,640100
2014-01-23,74.15 ,385700
2014-01-24,74.37 ,157400
2014-01-27,74.15 ,270200
2014-01-28,74.16 ,240300
2014-01-29,73.65 ,291600
2014-01-30,72.52 ,981800
2014-01-31,71.9  ,578200
2014-02-03,71.58 ,177500
2014-02-04,72.81 ,590800
2014-02-05,73.97 ,314100
2014-02-06,73.9  ,127200
2014-02-07,74.14 ,277600
2014-02-10,73.96 ,21800
2014-02-11,74.23 ,197100
2014-02-12,73.79 ,60600
2014-02-13,73.4  ,395500
2014-02-14,72.96 ,103700
2014-02-17,74.2  ,356500
2014-02-18,73.33 ,293300
2014-02-19,72.68 ,133500
2014-02-20,72.92 ,101900
2014-02-21,72.91 ,77700
2014-02-24,72.55 ,81100
2014-02-25,71.5  ,1554700
2014-02-26,71.63 ,184000
2014-02-27,70.1  ,441100
2014-02-28,69.7  ,1402700
2014-03-03,61.95 ,2121000
2014-03-04,65.5  ,501600
2014-03-05,62.65 ,914800
2014-03-06,61.45 ,523600
2014-03-07,62.01 ,308800
2014-03-11,60.3  ,496900
2014-03-12,56.79 ,1017700
2014-03-13,54.09 ,1508300
2014-03-14,51.18 ,1244400
2014-03-17,53.31 ,797900
2014-03-18,55.5  ,985100
2014-03-19,54.17 ,494600
2014-03-20,      ,0
2014-03-21,      ,0
2014-03-24,      ,0
2014-03-25,      ,0
2014-03-26,      ,0
2014-03-27,      ,0
2014-03-28,      ,0
2014-03-31,      ,0
2014-04-01,      ,0
2014-04-02,58.0  ,733100
2014-04-03,56.85 ,487100
2014-04-04,56.9  ,204100
2014-04-07,53.75 ,665100
2014-04-08,51.61 ,1353300
2014-04-09,53.0  ,1383500
2014-04-10,54.56 ,1887800
2014-04-11,54.19 ,297900
2014-04-14,52.22 ,2238200
2014-04-15,51.15 ,410000
2014-04-16,51.97 ,253700
2014-04-17,52.0  ,976700
2014-04-18,52.64 ,646000
2014-04-21,51.51 ,575300
2014-04-22,50.0  ,1902900
2014-04-23,50.0  ,549200
2014-04-24,49.98 ,703000
2014-04-25,49.8  ,473200
2014-04-28,50.56 ,585600
2014-04-29,49.85 ,602000
2014-04-30,49.7  ,182300
2014-05-02,49.25 ,229900
2014-05-05,48.69 ,1517600
2014-05-06,50.04 ,372700
2014-05-07,50.95 ,2395100
2014-05-08,50.97 ,926400
2014-05-12,50.5  ,258700
2014-05-13,52.1  ,2287400
2014-05-14,51.69 ,737700
2014-05-15,51.35 ,751900
2014-05-16,51.2  ,889100
2014-05-19,51.8  ,2019700
2014-05-20,54.26 ,5072200
2014-05-21,54.99 ,1759000
2014-05-22,54.9  ,781100
2014-05-23,55.27 ,600100
2014-05-26,56.23 ,897400
2014-05-27,54.98 ,660100
2014-05-28,54.59 ,1239300
2014-05-29,54.91 ,1133500
2014-05-30,54.6  ,710700
2014-06-02,55.7  ,784200
2014-06-03,56.17 ,985100
2014-06-04,56.64 ,293300
2014-06-05,56.91 ,956000
2014-06-06,57.4  ,895500
2014-06-09,57.71 ,2693600
2014-06-10,58.2  ,1083600
2014-06-11,58.85 ,628700
2014-06-16,58.65 ,959200
2014-06-17,59.0  ,769500
2014-06-18,59.69 ,879500
2014-06-19,59.89 ,1244900
2014-06-20,59.1  ,1252000
2014-06-23,59.47 ,344700
2014-06-24,61.01 ,1052200
2014-06-25,61.0  ,925800
2014-06-26,60.8  ,289500
2014-06-27,60.63 ,406100
2014-06-30,61.15 ,657500
2014-07-01,61.15 ,289900
2014-07-02,62.12 ,683700
2014-07-03,62.53 ,491100
2014-07-04,62.49 ,652700
2014-07-07,64.4  ,1093400
2014-07-08,65.23 ,2789300
2014-07-09,66.1  ,1554000
2014-07-10,67.5  ,3952400
2014-07-11,62.93 ,1925900
2014-07-14,62.1  ,887200
2014-07-15,61.6  ,594200
2014-07-16,62.85 ,516200
2014-07-17,61.8  ,509200
2014-07-18,60.1  ,530700
2014-07-21,58.49 ,678100
2014-07-22,59.65 ,473200
2014-07-23,59.59 ,299900
2014-07-24,60.1  ,213500
2014-07-25,59.02 ,89800
2014-07-28,57.81 ,226100
2014-07-29,58.08 ,155400
2014-07-30,59.0  ,179600
2014-07-31,59.3  ,202000
2014-08-01,59.26 ,218300
2014-08-04,58.79 ,2064900
2014-08-05,58.0  ,225200
2014-08-06,57.75 ,747900
2014-08-07,57.51 ,584700
2014-08-08,57.67 ,316800
2014-08-11,58.5  ,349400
2014-08-12,60.5  ,1986000
2014-08-13,63.5  ,1396700
2014-08-14,62.93 ,300500
2014-08-15,63.34 ,235100
2014-08-18,63.9  ,331800
2014-08-19,65.12 ,366000
2014-08-20,65.8  ,631200
2014-08-21,65.82 ,481500
2014-08-22,65.98 ,256500
2014-08-25,65.87 ,257600
2014-08-26,65.9  ,220400
2014-08-27,66.1  ,62500
2014-08-28,65.04 ,559900
2014-08-29,65.52 ,412700
2014-09-01,64.9  ,119900
2014-09-02,64.54 ,136400
2014-09-03,66.0  ,516400
2014-09-04,66.6  ,429700
2014-09-05,66.95 ,385700
2014-09-08,66.49 ,71100
2014-09-09,66.81 ,1401500
2014-09-10,66.5  ,170200
2014-09-11,66.0  ,329900
2014-09-12,67.96 ,481400
2014-09-15,67.08 ,258400
2014-09-16,68.45 ,717600
2014-09-17,68.99 ,565900
2014-09-18,69.83 ,379400
2014-09-19,70.64 ,1398300
2014-09-22,70.1  ,241700
2014-09-23,71.6  ,307400
2014-09-24,72.0  ,376400
2014-09-25,72.98 ,255300
2014-09-26,72.99 ,785300
2014-09-29,71.97 ,350100
2014-09-30,72.2  ,182900
2014-10-01,71.81 ,3189800
2014-10-02,69.49 ,3543600
2014-10-03,68.46 ,646800
2014-10-06,68.87 ,210300
2014-10-07,68.3  ,423900
2014-10-08,67.4  ,92300
2014-10-09,67.5  ,48500
2014-10-10,66.49 ,255100
2014-10-13,67.25 ,379700
2014-10-14,66.89 ,186900
2014-10-15,66.08 ,133600
2014-10-16,65.75 ,112000
2014-10-17,66.2  ,174400
2014-10-20,66.07 ,54900
2014-10-21,66.69 ,66400
2014-10-22,66.0  ,80300
2014-10-23,66.09 ,170000
2014-10-24,66.19 ,319900
2014-10-27,66.52 ,107900
2014-10-28,67.11 ,91200
2014-10-29,67.38 ,79500
2014-10-30,69.2  ,626300
2014-10-31,69.01 ,473800
2014-11-03,70.07 ,59300
2014-11-05,70.87 ,220400
2014-11-06,70.55 ,544800
2014-11-07,70.51 ,497900
2014-11-10,71.0  ,105600
2014-11-11,71.1  ,126300
2014-11-12,71.4  ,206200
2014-11-13,71.0  ,330200
2014-11-14,71.23 ,142900
2014-11-17,71.1  ,285400
2014-11-18,71.15 ,422400
2014-11-19,70.59 ,133600
2014-11-20,69.49 ,494300
2014-11-21,69.0  ,896500
2014-11-24,68.9  ,49000
2014-11-25,70.8  ,1540500
2014-11-26,70.0  ,91800
2014-11-27,70.0  ,200300
2014-11-28,69.9  ,402100
2014-12-01,72.0  ,934000
2014-12-02,70.1  ,107000
2014-12-03,70.28 ,123300
2014-12-04,69.01 ,164800
2014-12-05,66.86 ,236800
2014-12-08,67.7  ,264200
2014-12-09,65.5  ,125600
2014-12-10,64.72 ,204600
2014-12-11,63.26 ,219600
2014-12-12,63.7  ,299400
2014-12-15,61.64 ,157500
2014-12-16,60.58 ,733900
2014-12-17,58.99 ,356000
2014-12-18,58.32 ,329100
2014-12-19,59.5  ,1480100
2014-12-22,59.45 ,387600
2014-12-23,58.37 ,140300
2014-12-24,56.97 ,260600
2014-12-25,57.12 ,43700
2014-12-26,56.51 ,69800
2014-12-29,57.56 ,302900
2014-12-30,57.1  ,156800
2015-01-05,57.95 ,94100
2015-01-06,58.11 ,87500
2015-01-08,57.3  ,285200
2015-01-09,57.3  ,71700
2015-01-12,56.5  ,77100
2015-01-13,56.21 ,189200
2015-01-14,55.99 ,371900
2015-01-15,55.5  ,913500
2015-01-16,55.3  ,156200
2015-01-19,55.16 ,385700
2015-01-20,54.95 ,420000
2015-01-21,54.99 ,559200
2015-01-22,56.4  ,1084800
2015-01-23,57.0  ,679300
2015-01-26,55.2  ,196500
2015-01-27,55.89 ,305300
2015-01-28,56.05 ,207700
2015-01-29,56.06 ,155200
2015-01-30,55.99 ,668800
2015-02-02,55.21 ,440500
2015-02-03,56.0  ,180400
2015-02-04,56.75 ,659800
2015-02-05,57.51 ,347500
2015-02-06,58.15 ,262200
2015-02-09,58.13 ,951800
2015-02-10,58.97 ,305500
2015-02-11,60.04 ,299400
2015-02-12,61.0  ,316000
2015-02-13,61.95 ,484500
2015-02-16,61.64 ,211500
2015-02-17,61.52 ,83600
2015-02-18,61.5  ,411000
2015-02-19,61.35 ,225800
2015-02-20,61.66 ,188700
2015-02-24,60.88 ,220500
2015-02-25,59.4  ,194300
2015-02-26,60.37 ,100800
2015-02-27,61.1  ,146100
2015-03-02,61.37 ,120800
2015-03-03,63.2  ,255200
2015-03-04,62.43 ,593100
2015-03-05,61.96 ,293700
2015-03-06,61.97 ,391400
2015-03-10,61.0  ,163000
2015-03-11,61.13 ,72600
2015-03-12,60.69 ,53000
2015-03-13,59.6  ,121300
2015-03-16,59.24 ,132300
2015-03-17,58.07 ,189100
2015-03-18,58.54 ,66200
2015-03-19,58.21 ,49600
2015-03-20,57.76 ,141400
2015-03-23,56.67 ,155200
2015-03-24,58.98 ,267700
2015-03-25,58.68 ,192500
2015-03-26,57.5  ,98300
2015-03-27,56.55 ,146900
2015-03-30,57.4  ,51000
2015-03-31,58.0  ,296700
2015-04-01,58.78 ,130000
2015-04-02,59.0  ,171200
2015-04-03,58.98 ,146000
2015-04-06,58.92 ,219400
2015-04-07,58.9  ,173400
2015-04-08,58.6  ,217800
2015-04-09,57.67 ,161600
2015-04-10,58.19 ,78900
2015-04-13,59.3  ,212000
2015-04-14,58.91 ,87400
2015-04-15,59.27 ,55300
2015-04-16,59.27 ,99100
2015-04-17,58.71 ,196200
2015-04-20,57.21 ,910600
2015-04-21,57.91 ,114200
2015-04-22,58.22 ,212600
2015-04-23,57.95 ,251800
2015-04-24,58.85 ,151500
2015-04-27,58.92 ,106000
2015-04-28,58.55 ,124900
2015-04-29,58.65 ,34200
2015-04-30,58.76 ,162300
2015-05-05,58.94 ,369000
2015-05-06,58.4  ,258700
2015-05-07,57.87 ,212000
2015-05-08,58.01 ,113600
2015-05-12,58.0  ,327800
2015-05-13,57.5  ,300300
2015-05-14,57.63 ,54400
2015-05-15,57.67 ,32600
2015-05-18,57.94 ,122300
2015-05-19,57.35 ,121000
2015-05-20,57.46 ,94200
2015-05-21,57.39 ,41500
2015-05-22,56.7  ,276000
2015-05-25,56.92 ,51400
2015-05-26,57.0  ,49800
2015-05-27,58.0  ,116000
2015-05-28,57.9  ,141300
2015-05-29,57.73 ,107100
2015-06-01,58.0  ,525400
2015-06-02,59.2  ,1816600
2015-06-03,59.9  ,782200
2015-06-04,60.0  ,780000
2015-06-05,61.04 ,665800
2015-06-08,62.5  ,629000
2015-06-09,65.67 ,4075000
2015-06-10,65.84 ,1523200
2015-06-11,64.14 ,333200
2015-06-15,64.75 ,182400
2015-06-16,64.2  ,111500
2015-06-17,63.28 ,109400
2015-06-18,63.39 ,177900
2015-06-19,63.08 ,107400
2015-06-22,63.2  ,70000
2015-06-23,63.15 ,60200
2015-06-24,63.2  ,24400
2015-06-25,63.07 ,34300
2015-06-26,62.75 ,426300
2015-06-29,63.09 ,222800
2015-06-30,63.0  ,151200
2015-07-01,63.5  ,579900
2015-07-02,59.99 ,1072600
2015-07-03,59.05 ,235100
2015-07-06,58.0  ,207600
2015-07-07,58.04 ,178500
2015-07-08,57.8  ,380800
2015-07-09,57.77 ,184400
2015-07-10,57.59 ,245400
2015-07-13,57.6  ,148400
2015-07-14,57.42 ,199400
2015-07-15,57.05 ,118400
2015-07-16,56.92 ,112000
2015-07-17,57.1  ,37000
2015-07-20,56.4  ,136400
2015-07-21,56.3  ,168500
2015-07-22,56.0  ,94700
2015-07-23,56.3  ,161900
2015-07-24,55.73 ,187200
2015-07-27,55.6  ,254000
2015-07-28,55.28 ,271500
2015-07-29,55.25 ,210100
2015-07-30,55.3  ,542900
2015-07-31,55.5  ,241600
2015-08-03,55.3  ,226500
2015-08-04,55.6  ,158000
2015-08-05,56.0  ,588100
2015-08-06,55.9  ,237800
2015-08-07,55.5  ,253000
2015-08-10,55.8  ,681800
2015-08-11,56.5  ,1478200
2015-08-12,57.0  ,381600
2015-08-13,57.6  ,851500
2015-08-14,57.5  ,326600
2015-08-17,57.2  ,78100
2015-08-18,57.0  ,131200
2015-08-19,56.0  ,320100
2015-08-20,56.2  ,116800
2015-08-21,55.9  ,197400
2015-08-24,55.0  ,582800
2015-08-25,55.7  ,172400
2015-08-26,55.8  ,110700
2015-08-27,56.6  ,159000
2015-08-28,56.9  ,373500
2015-08-31,56.7  ,54500
2015-09-01,56.6  ,233100
2015-09-02,56.5  ,82500
2015-09-03,56.6  ,57000
2015-09-04,56.3  ,29100
2015-09-07,55.8  ,90500
2015-09-08,56.5  ,166000
2015-09-09,56.6  ,151900
2015-09-10,57.6  ,496800
2015-09-11,57.6  ,682400
2015-09-14,59.8  ,2162100
2015-09-15,59.2  ,888500
2015-09-16,59.2  ,652400
2015-09-17,59.1  ,927000
2015-09-18,59.1  ,808800
2015-09-21,59.4  ,237700
2015-09-22,59.0  ,168000
2015-09-23,59.0  ,344800
2015-09-24,59.4  ,232900
2015-09-25,59.0  ,712700
2015-09-28,57.8  ,1920100
2015-09-29,57.9  ,222700
2015-09-30,57.5  ,91900
2015-10-01,58.1  ,165800
2015-10-02,58.0  ,136300
2015-10-05,59.4  ,266000
2015-10-06,59.1  ,347000
2015-10-07,58.6  ,71800
2015-10-08,58.0  ,137600
2015-10-09,58.0  ,186900
2015-10-12,58.1  ,192200
2015-10-13,58.5  ,46800
2015-10-14,58.2  ,132600
2015-10-15,58.3  ,97500
2015-10-16,58.8  ,171200
2015-10-19,59.1  ,107800
2015-10-20,58.9  ,67200
2015-10-21,59.1  ,105200
2015-10-22,59.0  ,148100
2015-10-23,62.8  ,679600
2015-10-26,62.0  ,482100
2015-10-27,61.3  ,96100
2015-10-28,61.5  ,180500
2015-10-29,61.1  ,65500
2015-10-30,61.3  ,93200
2015-11-02,61.6  ,53100
2015-11-03,61.95 ,96200
2015-11-05,63.5  ,357200
2015-11-06,62.5  ,212800
2015-11-09,62.7  ,98500
2015-11-10,62.35 ,98500
2015-11-11,61.35 ,55600
2015-11-12,60.55 ,184100
2015-11-13,59.95 ,100000
2015-11-16,60.5  ,78200
2015-11-17,62.25 ,178600
2015-11-18,63.95 ,996600
2015-11-19,62.55 ,422500
2015-11-20,62.95 ,93000
2015-11-23,64.5  ,269400
2015-11-24,63.3  ,453000
2015-11-25,63.45 ,555900
2015-11-26,63.8  ,255700
2015-11-27,63.25 ,78200
2015-11-30,63.7  ,108400
2015-12-01,64.5  ,180900
2015-12-02,65.0  ,104900
2015-12-03,64.4  ,626700
2015-12-04,64.15 ,165800
2015-12-07,63.05 ,107200
2015-12-08,64.0  ,244100
2015-12-09,65.5  ,492900
2015-12-10,64.6  ,436400
2015-12-11,63.5  ,190700
2015-12-14,64.15 ,766600
2015-12-15,65.55 ,210000
2015-12-16,66.4  ,853700
2015-12-17,66.65 ,281500
2015-12-18,66.6  ,511500
2015-12-21,66.5  ,26800
2015-12-22,65.5  ,230300
2015-12-23,66.4  ,120600
2015-12-24,66.0  ,31100
2015-12-25,66.0  ,59100
2015-12-28,66.6  ,99700
2015-12-29,67.1  ,109800
2015-12-30,69.05 ,303300
2016-01-04,67.95 ,23600
2016-01-05,67.5  ,35300
2016-01-06,68.15 ,12100
2016-01-11,66.45 ,93200
2016-01-12,66.0  ,447000
2016-01-13,66.3  ,50200
2016-01-14,65.8  ,135800
2016-01-15,63.55 ,132400
2016-01-18,64.65 ,306400
2016-01-19,66.6  ,133900
2016-01-20,64.6  ,65300
2016-01-21,65.3  ,53300
2016-01-22,65.8  ,64300
2016-01-25,65.1  ,61800
2016-01-26,64.5  ,44700
2016-01-27,64.5  ,116900
2016-01-28,64.95 ,195900
2016-01-29,65.0  ,135300
2016-02-01,65.15 ,123500
2016-02-02,65.85 ,3371900
2016-02-03,65.4  ,8647100
2016-02-04,65.0  ,7240500
2016-02-05,64.5  ,80900
2016-02-08,64.95 ,260700
2016-02-09,64.9  ,61200
2016-02-10,64.95 ,34800
2016-02-11,64.0  ,139800
2016-02-12,64.0  ,53400
2016-02-15,63.95 ,94300
2016-02-16,64.05 ,114600
2016-02-17,64.55 ,227300
2016-02-18,65.5  ,906700
2016-02-19,65.0  ,110400
2016-02-20,64.85 ,13800
2016-02-22,65.5  ,289200
2016-02-24,64.35 ,173700
2016-02-25,64.35 ,93600
2016-02-26,64.9  ,231200
2016-02-29,64.75 ,134900
2016-03-01,65.75 ,220000
2016-03-02,65.55 ,121700
2016-03-03,65.9  ,126700
2016-03-04,65.85 ,186000
2016-03-07,66.2  ,175400
2016-03-09,66.05 ,198300
2016-03-10,66.5  ,113400
2016-03-11,67.0  ,227100
2016-03-14,66.0  ,343400
2016-03-15,66.2  ,120400
2016-03-16,66.65 ,60600
2016-03-17,67.7  ,162200
2016-03-18,67.0  ,927700
2016-03-21,66.9  ,344300
2016-03-22,67.35 ,286200
2016-03-23,67.3  ,346500
2016-03-24,66.95 ,132900
2016-03-25,67.1  ,60900
2016-03-28,66.85 ,170100
2016-03-29,67.8  ,416600
2016-03-30,68.0  ,319200
2016-03-31,68.8  ,1324700
2016-04-01,68.95 ,1018600
2016-04-04,69.3  ,87600
2016-04-05,68.9  ,150000
2016-04-06,69.4  ,199000
2016-04-07,69.5  ,178300
2016-04-08,69.05 ,169100
2016-04-11,69.5  ,243500
2016-04-12,69.15 ,225000
2016-04-13,69.45 ,178100
2016-04-14,69.0  ,364100
2016-04-15,68.3  ,218900
2016-04-18,68.1  ,230600
2016-04-19,69.4  ,185600
2016-04-20,70.8  ,309500
2016-04-21,70.65 ,314600
2016-04-22,71.4  ,286300
2016-04-25,71.8  ,617600
2016-04-26,71.5  ,193800
2016-04-27,72.05 ,438700
2016-04-28,72.75 ,1345200
2016-04-29,72.0  ,131600
2016-05-04,71.4  ,193800
2016-05-05,71.15 ,85600
2016-05-06,70.6  ,107700
2016-05-10,70.6  ,81100
2016-05-11,71.85 ,166100
2016-05-12,72.35 ,420500
2016-05-13,72.25 ,142500
2016-05-16,72.9  ,148300
2016-05-17,73.15 ,130500
2016-05-18,73.85 ,237600
2016-05-19,73.0  ,227000
2016-05-20,72.35 ,61000
2016-05-23,73.1  ,72500
2016-05-24,73.4  ,60200
2016-05-25,73.7  ,73400
2016-05-26,73.5  ,115000
2016-05-27,73.45 ,141800
2016-05-30,73.35 ,102600
2016-05-31,73.35 ,419400
2016-06-01,73.1  ,163900
2016-06-02,72.5  ,207600
2016-06-03,71.8  ,352000
2016-06-06,71.95 ,98500
2016-06-07,72.6  ,76700
2016-06-08,72.0  ,102600
2016-06-09,70.95 ,159400
2016-06-10,70.0  ,497800
2016-06-14,69.9  ,101100
2016-06-15,70.25 ,103600
2016-06-16,69.3  ,161400
2016-06-17,69.5  ,83500
2016-06-20,69.3  ,161800
2016-06-21,70.5  ,169000
2016-06-22,70.0  ,191900
2016-06-23,70.25 ,175400
2016-06-24,69.85 ,405200
2016-06-27,69.4  ,169900
2016-06-28,69.65 ,54000
2016-06-29,69.8  ,87200
2016-06-30,69.85 ,62500
2016-07-01,70.05 ,69200
2016-07-04,71.6  ,207600
2016-07-05,72.1  ,264400
2016-07-06,72.5  ,391300
2016-07-07,68.0  ,1494900
2016-07-08,67.25 ,110600
2016-07-11,66.1  ,167900
2016-07-12,66.25 ,274200
2016-07-13,65.35 ,153700
2016-07-14,65.1  ,138400
2016-07-15,64.55 ,423400
2016-07-18,64.7  ,115600
2016-07-19,63.6  ,213500
2016-07-20,63.75 ,52500
2016-07-21,64.25 ,93600
2016-07-22,64.0  ,108500
2016-07-25,65.45 ,857300
2016-07-26,65.2  ,76300
2016-07-27,64.6  ,100900
2016-07-28,64.65 ,82700
2016-07-29,64.5  ,93300
2016-08-01,64.85 ,94100
2016-08-02,64.4  ,172800
2016-08-03,64.35 ,108000
2016-08-04,65.05 ,187800
2016-08-05,65.0  ,141800
2016-08-08,65.9  ,127700
2016-08-09,66.45 ,82800
2016-08-10,65.6  ,198000
2016-08-11,65.55 ,90500
2016-08-12,65.7  ,131500
2016-08-15,65.7  ,27600
2016-08-16,65.0  ,101800
2016-08-17,64.5  ,50900
2016-08-18,64.0  ,240300
2016-08-19,64.05 ,218300
2016-08-22,63.4  ,315900
2016-08-23,63.45 ,135600
2016-08-24,62.75 ,477400
2016-08-25,62.75 ,204500
2016-08-26,62.2  ,218900
2016-08-29,62.45 ,413800
2016-08-30,62.5  ,122700
2016-08-31,62.9  ,557200
2016-09-01,62.7  ,88900
2016-09-02,62.7  ,169300
2016-09-05,63.35 ,449600
2016-09-06,63.7  ,238300
2016-09-07,63.8  ,226100
2016-09-08,63.9  ,117300
2016-09-09,64.0  ,880200
2016-09-12,63.3  ,99600
2016-09-13,62.0  ,521000
2016-09-14,62.25 ,38500
2016-09-15,62.15 ,45200
2016-09-16,62.05 ,80900
2016-09-19,62.15 ,33300
2016-09-20,62.35 ,103900
2016-09-21,61.6  ,115500
2016-09-22,61.85 ,107700
2016-09-23,61.45 ,75400
2016-09-26,62.15 ,97800
2016-09-27,62.05 ,32800
2016-09-28,62.25 ,57000
2016-09-29,62.15 ,41900
2016-09-30,61.9  ,63000
2016-10-03,61.9  ,60000
2016-10-04,62.0  ,45500
2016-10-05,62.0  ,39200
2016-10-06,62.1  ,40700
2016-10-07,61.95 ,102400
2016-10-10,62.45 ,126800
2016-10-11,62.8  ,177600
2016-10-12,62.15 ,59000
2016-10-13,62.15 ,26300
2016-10-14,62.05 ,43900
2016-10-17,61.85 ,163200
2016-10-18,61.95 ,68800
2016-10-19,61.9  ,86400
2016-10-20,61.7  ,68300
2016-10-21,61.8  ,66800
2016-10-24,61.75 ,65600
2016-10-25,61.85 ,43200
2016-10-26,61.9  ,55500
2016-10-27,61.75 ,64700
2016-10-28,61.8  ,385800
2016-10-31,62.05 ,36900
2016-11-01,63.3  ,154300
2016-11-02,62.6  ,221200
2016-11-03,62.4  ,82700
2016-11-07,62.05 ,62100
2016-11-08,61.85 ,103100
2016-11-09,62.35 ,152300
2016-11-10,62.85 ,424600
2016-11-11,61.8  ,457300
2016-11-14,62.05 ,130200
2016-11-15,62.0  ,93600
2016-11-16,62.05 ,61500
2016-11-17,62.1  ,61200
2016-11-18,62.4  ,486600
2016-11-21,62.4  ,168400
2016-11-22,62.5  ,135700
2016-11-23,62.7  ,216600
2016-11-24,63.1  ,788900
2016-11-25,62.9  ,108500
2016-11-28,62.3  ,173900
2016-11-29,62.35 ,160300
2016-11-30,62.6  ,163900
2016-12-01,62.5  ,270000
2016-12-02,62.65 ,179400
2016-12-05,63.35 ,414200
2016-12-06,63.7  ,422000
2016-12-07,63.6  ,113700
2016-12-08,64.1  ,279900
2016-12-09,63.9  ,160600
2016-12-12,64.0  ,214600
2016-12-13,63.75 ,835600
2016-12-14,63.4  ,237600
2016-12-15,63.25 ,528500
2016-12-16,62.8  ,154000
2016-12-19,63.15 ,202900
2016-12-20,62.9  ,81700
2016-12-21,62.55 ,253800
2016-12-22,62.35 ,190600
2016-12-23,62.05 ,206900
2016-12-26,62.0  ,86000
2016-12-27,62.1  ,219300
2016-12-28,62.25 ,67800
2016-12-29,62.5  ,183500
2016-12-30,62.8  ,147100
2017-01-03,63.35 ,145400
2017-01-04,63.1  ,114200
2017-01-05,62.8  ,187800
2017-01-06,63.0  ,148800
2017-01-09,62.9  ,136000
2017-01-10,62.95 ,102400
2017-01-11,62.95 ,312100
2017-01-12,62.95 ,181500
2017-01-13,62.85 ,120500
2017-01-16,63.05 ,129100
2017-01-17,62.9  ,102700
2017-01-18,62.75 ,186400
2017-01-19,62.55 ,387300
2017-01-20,62.75 ,289900
2017-01-23,62.85 ,267200
2017-01-24,63.05 ,230200
2017-01-25,62.3  ,412000
2017-01-26,62.65 ,570700
2017-01-27,63.0  ,323600
2017-01-30,63.05 ,282300
2017-01-31,62.9  ,165600
2017-02-01,63.1  ,429200
2017-02-02,62.9  ,333700
2017-02-03,62.8  ,386100
2017-02-06,62.95 ,358000
2017-02-07,63.2  ,277100
2017-02-08,63.0  ,287800
2017-02-09,65.95 ,2710000
2017-02-10,65.75 ,370400
2017-02-13,65.2  ,415700
2017-02-14,64.75 ,396800
2017-02-15,64.25 ,475900
2017-02-16,64.0  ,835100
2017-02-17,62.9  ,760100
2017-02-20,62.35 ,797600
2017-02-21,62.6  ,243100
2017-02-22,62.5  ,278000
2017-02-24,61.95 ,639700
2017-02-27,61.3  ,379900
2017-02-28,60.4  ,757900
2017-03-01,60.8  ,405300
2017-03-02,60.8  ,430700
2017-03-03,61.15 ,420000
2017-03-06,61.05 ,327200
2017-03-07,59.45 ,1183100
2017-03-09,58.0  ,878200
2017-03-10,58.1  ,680200
2017-03-13,58.65 ,182000
2017-03-14,59.05 ,338900
2017-03-15,58.7  ,193300
2017-03-16,58.1  ,511600
2017-03-17,59.0  ,257300
2017-03-20,58.65 ,1461100
2017-03-21,59.0  ,156200
2017-03-22,58.95 ,89400
2017-03-23,59.0  ,249500
2017-03-24,59.2  ,133200
2017-03-27,58.8  ,135900
2017-03-28,59.0  ,84000
2017-03-29,58.9  ,41200
2017-03-30,58.45 ,101800
2017-03-31,58.05 ,175200
2017-04-03,58.3  ,87300
2017-04-04,58.35 ,106500
2017-04-05,58.7  ,265400
2017-04-06,58.7  ,171500
2017-04-07,58.3  ,369400
2017-04-10,57.25 ,360700
2017-04-11,57.4  ,216200
2017-04-12,56.75 ,153000
2017-04-13,56.55 ,249900
2017-04-14,56.15 ,113900
2017-04-17,56.6  ,154300
2017-04-18,56.15 ,87000
2017-04-19,55.9  ,103400
2017-04-20,55.9  ,300200
2017-04-21,55.95 ,209900
2017-04-24,56.05 ,422900
2017-04-25,56.85 ,523800
2017-04-26,57.85 ,442000
2017-04-27,56.75 ,301000
2017-04-28,57.4  ,185600
2017-05-02,57.75 ,159000
2017-05-03,57.1  ,440600
2017-05-04,56.9  ,275400
2017-05-05,56.8  ,84500
2017-05-10,56.8  ,205100
2017-05-11,56.5  ,260200
2017-05-12,56.45 ,169800
2017-05-15,56.9  ,441300
2017-05-16,56.3  ,347500
2017-05-17,56.25 ,142900
2017-05-18,55.5  ,561800
2017-05-19,55.1  ,299800
2017-05-22,55.3  ,157900
2017-05-23,55.3  ,100100
2017-05-24,55.65 ,427200
2017-05-25,55.35 ,135900
2017-05-26,55.65 ,132300
2017-05-29,55.6  ,119900
2017-05-30,55.9  ,220100
2017-05-31,55.25 ,199100
2017-06-01,55.15 ,181300
2017-06-02,55.45 ,162200
2017-06-05,55.45 ,89600
2017-06-06,54.95 ,260100
2017-06-07,54.7  ,127300
2017-06-08,54.5  ,176500
2017-06-09,54.2  ,986700
2017-06-13,54.5  ,235700
2017-06-14,55.0  ,950900
2017-06-15,54.1  ,1173200
2017-06-16,54.6  ,257400
2017-06-19,54.8  ,147500
2017-06-20,55.35 ,304300
2017-06-21,55.85 ,390300
2017-06-22,56.45 ,194300
2017-06-23,57.55 ,347100
2017-06-26,57.85 ,268700
2017-06-27,58.4  ,391300
2017-06-28,58.45 ,370700
2017-06-29,58.05 ,530900
2017-06-30,58.25 ,370700
2017-07-03,57.95 ,542900
2017-07-04,58.0  ,673400
2017-07-05,58.45 ,1268500
2017-07-06,53.8  ,1912600
2017-07-07,53.65 ,440100
2017-07-10,53.35 ,387800
2017-07-11,52.5  ,661600
2017-07-12,52.5  ,420100
2017-07-13,52.65 ,300600
2017-07-14,52.0  ,577500
2017-07-17,51.6  ,1350200
2017-07-18,50.6  ,1442900
2017-07-19,51.3  ,1971600
2017-07-20,50.85 ,770200
2017-07-21,50.85 ,196500
2017-07-24,51.0  ,338500
2017-07-25,50.95 ,235000
2017-07-26,51.1  ,162100
2017-07-27,51.1  ,279100
2017-07-28,50.85 ,161400
2017-07-31,51.05 ,452100
2017-08-01,51.69 ,392700
2017-08-02,51.72 ,311600
2017-08-03,51.7  ,564100
2017-08-04,51.7  ,225600
2017-08-07,51.69 ,316500
2017-08-08,51.38 ,226000
2017-08-09,50.7  ,632500
2017-08-10,50.69 ,910200
2017-08-11,50.24 ,1169700
2017-08-14,50.29 ,115800
2017-08-15,50.5  ,394200
2017-08-16,50.22 ,321000
2017-08-17,50.49 ,123800
2017-08-18,50.75 ,207400
2017-08-21,50.89 ,230000
2017-08-22,50.87 ,220800
2017-08-23,50.75 ,93400
2017-08-24,50.83 ,100600
2017-08-25,50.71 ,225800
2017-08-28,50.84 ,147000
2017-08-29,50.7  ,121200
2017-08-30,50.75 ,119400
2017-08-31,50.85 ,148800
2017-09-01,51.59 ,464500
2017-09-04,51.25 ,466100
2017-09-05,51.24 ,125800
2017-09-06,51.18 ,85200
2017-09-07,51.25 ,291500
2017-09-08,51.19 ,492300
2017-09-11,51.19 ,436800
2017-09-12,51.2  ,344500
2017-09-13,51.19 ,1034200
2017-09-14,50.61 ,2139000
2017-09-15,51.39 ,257600
2017-09-18,51.3  ,394100
2017-09-19,51.95 ,692500
2017-09-20,52.84 ,691800
2017-09-21,53.14 ,462600
2017-09-22,53.63 ,1132400
2017-09-25,53.09 ,335400
2017-09-26,53.0  ,383700
2017-09-27,53.29 ,158500
2017-09-28,53.34 ,154500
2017-09-29,53.43 ,69200
2017-10-02,53.58 ,165100
2017-10-03,52.48 ,327300
2017-10-04,52.45 ,236900
2017-10-05,52.9  ,175900
2017-10-06,52.94 ,195500
2017-10-09,53.06 ,176800
2017-10-10,52.84 ,257500
2017-10-11,52.97 ,128800
2017-10-12,52.91 ,331600
2017-10-13,52.72 ,255600
2017-10-16,52.59 ,263500
2017-10-17,52.5  ,376300
2017-10-18,52.45 ,476500
2017-10-19,51.89 ,437600
2017-10-20,52.1  ,191300
2017-10-23,52.53 ,193000
2017-10-24,52.6  ,208800
2017-10-25,52.43 ,113300
2017-10-26,52.7  ,406000
2017-10-27,52.74 ,435500
2017-10-30,53.13 ,658200
2017-10-31,53.09 ,227300
2017-11-01,53.41 ,456000
2017-11-02,54.14 ,1011700
2017-11-03,56.02 ,1998900
2017-11-07,56.29 ,788200
2017-11-08,56.05 ,448400
2017-11-09,56.42 ,1409200
2017-11-10,56.98 ,1050500
2017-11-13,56.77 ,418200
2017-11-14,55.1  ,932400
2017-11-15,54.97 ,470900
2017-11-16,54.99 ,485400
2017-11-17,55.0  ,105400
2017-11-20,55.99 ,198300
2017-11-21,55.78 ,272100
2017-11-22,55.35 ,252600
2017-11-23,55.09 ,260300
2017-11-24,55.4  ,120100
2017-11-27,55.3  ,170300
2017-11-28,54.85 ,229700
2017-11-29,54.65 ,221700
2017-11-30,54.5  ,124400
2017-12-01,55.45 ,256200
2017-12-04,55.25 ,111500
2017-12-05,54.69 ,169500
2017-12-06,54.88 ,94200
2017-12-07,54.6  ,219000
2017-12-08,54.68 ,154000
2017-12-11,55.18 ,195800
2017-12-12,55.95 ,601900
2017-12-13,55.84 ,552000
2017-12-14,55.94 ,145600
2017-12-15,55.9  ,159300
2017-12-18,56.15 ,1033200
2017-12-19,56.81 ,854900
2017-12-20,56.58 ,754000
2017-12-21,55.95 ,430700
2017-12-22,55.96 ,420800
2017-12-25,55.82 ,157800
2017-12-26,55.6  ,130100
2017-12-27,55.62 ,779600
2017-12-28,55.7  ,231200
2017-12-29,55.95 ,136200
2018-01-03,55.8  ,69200
2018-01-04,56.14 ,96100
2018-01-05,56.15 ,163100
2018-01-09,56.54 ,372100
2018-01-10,56.8  ,334300
2018-01-11,56.96 ,172300
2018-01-12,56.75 ,138200
2018-01-15,57.51 ,334400
2018-01-16,58.18 ,730700
2018-01-17,58.14 ,326600
2018-01-18,58.1  ,341900
2018-01-19,58.24 ,364700
2018-01-22,58.66 ,377000
2018-01-23,58.51 ,534200
2018-01-24,58.88 ,222800
2018-01-25,58.57 ,445600
2018-01-26,58.3  ,267800
2018-01-29,58.77 ,257500
2018-01-30,59.51 ,1491100
2018-01-31,59.28 ,726000
2018-02-01,59.35 ,205100
2018-02-02,58.99 ,196500
2018-02-05,58.7  ,490200
2018-02-06,57.4  ,422400
2018-02-07,57.56 ,188000
2018-02-08,57.93 ,168200
2018-02-09,57.88 ,162900
2018-02-12,58.25 ,94600
2018-02-13,58.4  ,98500
2018-02-14,58.58 ,235700
2018-02-15,58.66 ,157300
2018-02-16,59.01 ,371800
2018-02-19,59.6  ,179800
2018-02-20,59.64 ,139800
2018-02-21,59.65 ,146500
2018-02-22,59.7  ,865600
2018-02-26,59.93 ,326100
2018-02-27,60.16 ,398800
2018-02-28,60.11 ,167500
2018-03-01,60.0  ,88500
2018-03-02,60.2  ,285100
2018-03-05,60.99 ,768800
2018-03-06,61.76 ,757800
2018-03-07,61.79 ,252600
2018-03-09,61.96 ,68500
2018-03-12,62.37 ,563400
2018-03-13,62.0  ,400100
2018-03-14,61.5  ,241700
2018-03-15,62.24 ,384600
2018-03-16,62.32 ,267000
